station,date,east,north,unit,frame,horizontal_uncertainty_mm,qc_complete,map_east_km,map_north_km
G1,2019-01-01,-0.0006249493140383129,0.0013716462970784341,m,A,12,0,10,6
G1,2019-01-02,99.28114824600848,-48.94970996779568,mm,B,2,1,10,6
G1,2019-01-03,-0.6033232917759673,-0.22289660279521725,mm,A,2,1,10,6
G1,2019-01-04,0.10093683237228686,-0.05036592752519496,m,B,2,1,10,6
G1,2019-01-05,-0.6708230682140889,0.050816088141856605,mm,A,2,1,10,6
G1,2019-01-06,100.08725090636837,-49.597380395208454,mm,B,2,1,10,6
G1,2019-01-07,0.0010370276884450367,0.0008262300123112796,m,A,2,1,10,6
G1,2019-01-08,100.38331080501175,-49.50017640908256,mm,B,2,1,10,6
G1,2019-01-09,0.2087071797380512,0.16563871612475314,mm,A,2,1,10,6
G1,2019-01-10,0.1006257264637574,-0.049538919125254856,m,B,2,1,10,6
G1,2019-01-11,-0.2353044509548824,-0.7418619543801984,mm,A,2,1,10,6
G1,2019-01-12,100.39254961982122,-49.51043386090212,mm,B,2,1,10,6
G1,2019-01-13,-0.00024114831295746114,-0.00033661045170390555,m,A,2,1,10,6
G1,2019-01-14,100.2595822453677,-50.01297895988162,mm,B,2,1,10,6
G1,2019-01-15,0.17263300498254763,0.38356585408946,mm,A,2,1,10,6
G1,2019-01-16,0.09991272173826213,-0.04943434515495877,m,B,2,1,10,6
G1,2019-01-17,0.012396364038125746,0.16660158786852394,mm,A,2,1,10,6
G1,2019-01-18,99.46536016130848,-49.584676049866836,mm,B,2,1,10,6
G1,2019-01-19,4.736432866484716e-05,0.0006827678138683165,m,A,2,1,10,6
G1,2019-01-20,99.79598466577454,-50.1461441181414,mm,B,2,1,10,6
G1,2019-01-21,-0.1496272792451479,-0.40121525766606847,mm,A,2,1,10,6
G1,2019-01-22,0.09987950362118572,-0.04976423985945737,m,B,2,1,10,6
G1,2019-01-23,1.4086681284997062,0.40194173899157626,mm,A,2,1,10,6
G1,2019-01-24,100.29992062450764,-50.36657805941944,mm,B,2,1,10,6
G1,2019-01-25,0.0005770190391956578,8.466385628199912e-05,m,A,2,1,10,6
G1,2019-01-26,99.91630251884142,-50.26933830708397,mm,B,2,1,10,6
G1,2019-01-27,1.6638337498043927,-0.5792763003487155,mm,A,2,1,10,6
G1,2019-01-28,0.10051252797263295,-0.049216851542371085,m,B,2,1,10,6
G1,2019-01-29,0.5400837720461711,0.9116841073165666,mm,A,2,1,10,6
G1,2019-01-30,100.14327865013749,-50.386797694026654,mm,B,2,1,10,6
G1,2019-01-31,-0.0009850721419329244,-0.0002937889179354237,m,A,2,1,10,6
G1,2019-02-01,101.20539306902141,-49.5622208804938,mm,B,12,1,10,6
G1,2019-02-02,-0.16290922036635286,-1.0752151812020876,mm,A,2,1,10,6
G1,2019-02-03,0.1005036899501997,-0.04997631955033218,m,B,2,1,10,6
G1,2019-02-04,0.47746457213118704,0.04060501784115747,mm,A,2,1,10,6
G1,2019-02-05,100.28994085519824,-49.39475283563206,mm,B,2,1,10,6
G1,2019-02-06,-7.232007450503048e-05,0.00045555837989034277,m,A,2,1,10,6
G1,2019-02-07,100.27876884365232,-49.81812332429421,mm,B,2,1,10,6
G1,2019-02-08,0.7379479023322943,0.3520514638760711,mm,A,2,1,10,6
G1,2019-02-09,0.10182599214519673,-0.048681162438478,m,B,2,1,10,6
G1,2019-02-10,0.10812324589414452,-0.6084132453283949,mm,A,2,1,10,6
G1,2019-02-11,100.8718104602739,-49.88363918844828,mm,B,2,1,10,6
G1,2019-02-12,-0.000805876643308512,-0.0008932886767854998,m,A,2,1,10,6
G1,2019-02-13,101.25797917002198,-49.77554254474306,mm,B,2,0,10,6
G1,2019-02-14,-0.3381008832217839,-0.02607796981181837,mm,A,2,1,10,6
G1,2019-02-15,0.10164537827592653,-0.049532008953852485,m,B,2,1,10,6
G1,2019-02-16,0.32276296498902635,1.1517078474863771,mm,A,2,1,10,6
G1,2019-02-17,101.38077438396058,-50.097359723048584,mm,B,2,1,10,6
G1,2019-02-18,0.001333138891038281,0.0009023580345628459,m,A,2,1,10,6
G1,2019-02-19,101.60058647554614,-49.642445482418495,mm,B,2,1,10,6
G1,2019-02-20,1.6635450041906037,0.15966938536243255,mm,A,2,1,10,6
G1,2019-02-21,0.10011547467770288,-0.049396926114806526,m,B,2,1,10,6
G1,2019-02-22,0.22443245000608364,1.6595976413762932,mm,A,2,1,10,6
G1,2019-02-23,101.27210128055577,-50.068662900717804,mm,B,2,1,10,6
G1,2019-02-24,0.0012006368191374386,0.0005508976275375106,m,A,2,1,10,6
G1,2019-02-25,100.23470445210727,-49.52602207099946,mm,B,2,1,10,6
G1,2019-02-26,1.6286119764143785,0.47167054434938394,mm,A,2,1,10,6
G1,2019-02-27,0.09936956488732922,-0.04960405552444297,m,B,2,1,10,6
G1,2019-02-28,0.04071346264740372,-1.5089181983660183,mm,A,2,1,10,6
G1,2019-03-01,100.27493986059187,-50.25144588080158,mm,B,2,1,10,6
G1,2019-03-02,0.0007306898542903743,-0.00035008642424879955,m,A,2,1,10,6
G1,2019-03-03,100.19316037778412,-50.62209863273099,mm,B,2,1,10,6
G1,2019-03-04,-0.1409755494533267,0.4289562673389421,mm,A,12,1,10,6
G1,2019-03-05,0.10063015984960025,-0.05000391621136086,m,B,2,1,10,6
G1,2019-03-06,0.3123680879797333,1.2388239719939023,mm,A,2,1,10,6
G1,2019-03-07,100.5580535544885,-49.522040501684415,mm,B,2,1,10,6
G1,2019-03-08,0.0005789431470962992,0.00038245478459500437,m,A,2,1,10,6
G1,2019-03-09,101.97738398823455,-48.425565712023975,mm,B,2,1,10,6
G1,2019-03-10,0.8292252336995385,0.10018552103875755,mm,A,2,1,10,6
G1,2019-03-11,0.10063267973659942,-0.04899958601066589,m,B,2,1,10,6
G1,2019-03-12,1.3627301973352812,0.16528079327791947,mm,A,2,1,10,6
G1,2019-03-13,101.52356048359073,-49.411142866000034,mm,B,2,1,10,6
G1,2019-03-14,0.0010580035397718388,9.916209499543393e-05,m,A,2,1,10,6
G1,2019-03-15,101.58196422907115,-48.971749511849694,mm,B,2,1,10,6
G1,2019-03-16,1.2157578262599098,0.6110242072124434,mm,A,2,1,10,6
G1,2019-03-17,0.10065975822800259,-0.049925047935904486,m,B,2,1,10,6
G1,2019-03-18,2.3146368712008796,1.8660608317084055,mm,A,2,1,10,6
G1,2019-03-19,100.73876737096148,-50.25011368739545,mm,B,2,1,10,6
G1,2019-03-20,0.0006739177668302699,-0.0008818361966538116,m,A,2,1,10,6
G1,2019-03-21,101.40259075276721,-50.635986016701565,mm,B,2,1,10,6
G1,2019-03-22,-0.4269188729533939,0.46090219910123004,mm,A,2,1,10,6
G1,2019-03-23,0.10125762058568434,-0.0493965011431305,m,B,2,1,10,6
G1,2019-03-24,1.3280690975950291,0.9847855844057642,mm,A,2,1,10,6
G1,2019-03-25,99.84522241907902,-49.83521818063004,mm,B,2,1,10,6
G1,2019-03-26,0.0014878593612176498,0.0010175120758130953,m,A,2,1,10,6
G1,2019-03-27,101.03952195490187,-49.627761513253446,mm,B,2,1,10,6
G1,2019-03-28,1.3137559333564361,-0.3387540653761413,mm,A,2,0,10,6
G1,2019-03-29,0.10128154128157946,-0.049004181770510566,m,B,2,1,10,6
G1,2019-03-30,0.5344569121169909,1.0278077226386244,mm,A,2,1,10,6
G1,2019-03-31,101.37545212985953,-49.991321673410056,mm,B,2,1,10,6
G1,2019-04-01,0.0015887342922390917,-0.0006562342191105766,m,A,2,1,10,6
G1,2019-04-02,101.02818999159726,-49.55136338146629,mm,B,2,1,10,6
G1,2019-04-03,0.8203096805066028,-0.16559712438552432,mm,A,2,1,10,6
G1,2019-04-04,0.10040724761028531,-0.04865413331923793,m,B,12,1,10,6
G1,2019-04-05,0.9616775309178532,1.158092996569125,mm,A,2,1,10,6
G1,2019-04-06,101.1265081788459,-49.13921259527858,mm,B,2,1,10,6
G1,2019-04-07,0.0006199261023840896,0.0015572382641632074,m,A,2,1,10,6
G1,2019-04-08,100.7783344567267,-48.7881670394862,mm,B,2,1,10,6
G1,2019-04-09,0.43335587180414825,0.4642769224614425,mm,A,2,1,10,6
G1,2019-04-10,0.10167654648494975,-0.04899825584064318,m,B,2,1,10,6
G1,2019-04-11,0.5710469237055493,1.3341164250997775,mm,A,2,1,10,6
G1,2019-04-12,100.30626359559214,-48.68449332561841,mm,B,2,1,10,6
G1,2019-04-13,0.0006207892613454722,0.0005835172817377023,m,A,2,1,10,6
G1,2019-04-14,101.50844487477337,-48.86741652865699,mm,B,2,1,10,6
G1,2019-04-15,0.7715047935830788,0.15123653769563716,mm,A,2,1,10,6
G1,2019-04-16,0.10080628648257742,-0.050593622368878065,m,B,2,1,10,6
G1,2019-04-17,0.8240594199019085,0.5619177661034407,mm,A,2,1,10,6
G1,2019-04-18,102.7137077065786,-49.85905032971231,mm,B,2,1,10,6
G1,2019-04-19,0.0002162389448208587,0.0006553027483440446,m,A,2,1,10,6
G1,2019-04-20,101.50808793418896,-48.34789534865516,mm,B,2,1,10,6
G1,2019-04-21,0.2124177761104391,0.8266629976894531,mm,A,2,1,10,6
G1,2019-04-22,0.10130747621191992,-0.04808866871739137,m,B,2,1,10,6
G1,2019-04-23,1.2437378732950743,0.8031269874157331,mm,A,2,1,10,6
G1,2019-04-24,100.17024603880013,-48.10755698706862,mm,B,2,1,10,6
G1,2019-04-25,0.0015744854970226785,0.0005676945997720137,m,A,2,1,10,6
G1,2019-04-26,100.46833517341985,-48.67724264683957,mm,B,2,1,10,6
G1,2019-04-27,1.4342646517406088,0.5693080153871842,mm,A,2,1,10,6
G1,2019-04-28,0.10191273421636024,-0.04951632055627854,m,B,2,1,10,6
G1,2019-04-29,2.4204793733629195,0.6056918606607896,mm,A,2,1,10,6
G1,2019-04-30,101.18599739140032,-50.8997448900992,mm,B,2,1,10,6
G1,2019-05-01,0.0016846808197072901,-4.378285977052354e-05,m,A,2,1,10,6
G1,2019-05-02,101.24317263514943,-49.18414656261803,mm,B,2,1,10,6
G1,2019-05-03,1.2419458053178327,0.9324878139428173,mm,A,2,1,10,6
G1,2019-05-04,0.10063405742534956,-0.04865142435849751,m,B,2,1,10,6
G1,2019-05-05,1.530656037838346,1.2554243128475195,mm,A,12,1,10,6
G1,2019-05-06,101.15728693176193,-48.79417221964047,mm,B,2,1,10,6
G1,2019-05-07,0.0006181155767538449,-9.954538755066467e-06,m,A,2,1,10,6
G1,2019-05-08,101.24241306389287,-48.560148821536245,mm,B,2,1,10,6
G1,2019-05-09,2.1439894043908927,-0.0670999600593114,mm,A,2,1,10,6
G1,2019-05-10,0.10291455980695302,-0.049603846145703796,m,B,2,0,10,6
G1,2019-05-11,1.3888768548670494,1.64447935429238,mm,A,2,1,10,6
G1,2019-05-12,100.9082028570934,-48.737299693617736,mm,B,2,1,10,6
G1,2019-05-13,0.0002500947307565671,0.0010113293777997674,m,A,2,1,10,6
G1,2019-05-14,101.56511744416096,-49.5789325168015,mm,B,2,1,10,6
G1,2019-05-15,0.5510327554629209,0.4498589975062421,mm,A,2,1,10,6
G1,2019-05-16,0.10025251162076386,-0.04942647574573939,m,B,2,1,10,6
G1,2019-05-17,1.085591095804608,1.130606175716304,mm,A,2,1,10,6
G1,2019-05-18,101.43030664849572,-49.542236156143645,mm,B,2,1,10,6
G1,2019-05-19,0.0011690408640298079,0.0003628178790568883,m,A,2,1,10,6
G1,2019-05-20,101.50988791802155,-49.71614689932172,mm,B,2,1,10,6
G1,2019-05-21,0.9737729636808539,0.27920625558199996,mm,A,2,1,10,6
G1,2019-05-22,0.101948997837053,-0.048891185718750674,m,B,2,1,10,6
G1,2019-05-23,1.9094093307393716,1.5073184241763837,mm,A,2,1,10,6
G1,2019-05-24,101.90645173508462,-48.9566837914386,mm,B,2,1,10,6
G1,2019-05-25,0.002131199010421133,0.0011931833379377483,m,A,2,1,10,6
G1,2019-05-26,100.79097864495063,-49.535607541260795,mm,B,2,1,10,6
G1,2019-05-27,1.695273529627885,-0.5909828549622342,mm,A,2,1,10,6
G1,2019-05-28,0.10212751384940506,-0.050166520945788926,m,B,2,1,10,6
G1,2019-05-29,1.8463574932562359,-0.07445509683146234,mm,A,2,1,10,6
G1,2019-05-30,100.77380857415935,-48.86062834091703,mm,B,2,1,10,6
G1,2019-05-31,0.0029909155392858363,-0.0005296614597004583,m,A,2,1,10,6
G1,2019-06-01,102.0363510106156,-50.183922058262695,mm,B,2,1,10,6
G1,2019-06-02,2.215583751751363,0.3241159852840184,mm,A,2,1,10,6
G1,2019-06-03,0.10210583177415497,-0.048733354103567675,m,B,2,1,10,6
G1,2019-06-04,1.972320727271724,0.6485188177994651,mm,A,2,1,10,6
G1,2019-06-05,101.72866870352861,-49.3100153966095,mm,B,12,1,10,6
G1,2019-06-06,0.0010012953418743946,0.0016856616046074717,m,A,2,1,10,6
G1,2019-06-07,101.72974996729239,-48.32909293960507,mm,B,2,1,10,6
G1,2019-06-08,1.6169577891373539,2.2394212536377607,mm,A,2,1,10,6
G1,2019-06-09,0.10161919897990011,-0.04972893803661406,m,B,2,1,10,6
G1,2019-06-10,2.495887222391291,0.007308594661445067,mm,A,2,1,10,6
G1,2019-06-11,102.02799568048147,-49.00833876718887,mm,B,2,1,10,6
G1,2019-06-12,0.002201355595803459,0.00120349829081518,m,A,2,1,10,6
G1,2019-06-13,101.18376969572843,-49.84486373144082,mm,B,2,1,10,6
G1,2019-06-14,1.4209531406453535,1.0759981967306813,mm,A,2,1,10,6
G1,2019-06-15,0.10212767888710597,-0.04868236124367899,m,B,2,1,10,6
G1,2019-06-16,2.392764220422719,1.3291516079824877,mm,A,2,1,10,6
G1,2019-06-17,101.69705100248522,-50.46447726934013,mm,B,2,1,10,6
G1,2019-06-18,0.0020121396158273067,0.0015048953828469625,m,A,2,1,10,6
G1,2019-06-19,102.09957375486633,-49.831689528901585,mm,B,2,1,10,6
G1,2019-06-20,0.7418025495400611,1.5244919320478472,mm,A,2,1,10,6
G1,2019-06-21,0.10279182434863075,-0.04973889315220108,m,B,2,1,10,6
G1,2019-06-22,1.4973762755604187,1.7894329628672643,mm,A,2,0,10,6
G1,2019-06-23,102.6592765962319,-48.940528421392294,mm,B,2,1,10,6
G1,2019-06-24,0.0021954687139133567,0.0005604827146794835,m,A,2,1,10,6
G1,2019-06-25,102.29615389612403,-49.62327951838826,mm,B,2,1,10,6
G1,2019-06-26,1.173406702432478,0.8343001770069155,mm,A,2,1,10,6
G1,2019-06-27,0.10152172922631193,-0.0485982993686612,m,B,2,1,10,6
G1,2019-06-28,1.2807522639665883,1.95415873588257,mm,A,2,1,10,6
G1,2019-06-29,101.1071809197064,-49.15587471987248,mm,B,2,1,10,6
G1,2019-06-30,0.002454778253323026,0.0008604864161986656,m,A,2,1,10,6
G1,2019-07-01,101.87744587033428,-47.63747095825398,mm,B,2,1,10,6
G1,2019-07-02,2.243067555978443,0.4557001599652831,mm,A,2,1,10,6
G1,2019-07-03,0.10242835539297206,-0.04847738946895597,m,B,2,1,10,6
G1,2019-07-04,2.336770326688685,2.109017155469779,mm,A,2,1,10,6
G1,2019-07-05,102.51334914744723,-47.99013938844466,mm,B,2,1,10,6
G1,2019-07-06,0.0017603108846555228,0.0011226787782436093,m,A,12,1,10,6
G1,2019-07-07,102.66014969708188,-49.22160880606641,mm,B,2,1,10,6
G1,2019-07-08,1.9485472090824698,0.7875058079712332,mm,A,2,1,10,6
G1,2019-07-09,0.10210254023983242,-0.04696259265379513,m,B,2,1,10,6
G1,2019-07-10,2.3401179514723016,0.2591903660562943,mm,A,2,1,10,6
G1,2019-07-11,102.22432977183688,-49.13153457383428,mm,B,2,1,10,6
G1,2019-07-12,0.003217354602322809,0.0010759342205040683,m,A,2,1,10,6
G1,2019-07-13,101.97473467666039,-48.742090046842996,mm,B,2,1,10,6
G1,2019-07-14,2.4610020163957658,1.5378607657236023,mm,A,2,1,10,6
G1,2019-07-15,0.10135120040468491,-0.04915329249297466,m,B,2,1,10,6
G1,2019-07-16,3.3718810209934604,0.4829962832693617,mm,A,2,1,10,6
G1,2019-07-17,102.96614171915841,-49.319608267001456,mm,B,2,1,10,6
G1,2019-07-18,0.0014618269341273205,0.0010998294367410878,m,A,2,1,10,6
G1,2019-07-19,101.34850699713192,-49.540655754149,mm,B,2,1,10,6
G1,2019-07-20,2.5910487652031797,0.5461542477570047,mm,A,2,1,10,6
G1,2019-07-21,0.10148145051063978,-0.0476408501752967,m,B,2,1,10,6
G1,2019-07-22,1.4536770778459782,1.319019710688555,mm,A,2,1,10,6
G1,2019-07-23,103.0477668525438,-48.055123976277144,mm,B,2,1,10,6
G1,2019-07-24,0.0016435179505207421,0.00040315187719514045,m,A,2,1,10,6
G1,2019-07-25,101.23843569980451,-49.13018609236751,mm,B,2,1,10,6
G1,2019-07-26,2.379056979567682,0.6138030754182316,mm,A,2,1,10,6
G1,2019-07-27,0.10185540202802386,-0.04963262142910914,m,B,2,1,10,6
G1,2019-07-28,2.241098776748297,2.006288774811682,mm,A,2,1,10,6
G1,2019-07-29,102.47489272204754,-48.31632315376681,mm,B,2,1,10,6
G1,2019-07-30,0.0022412722995289033,0.0002946253877982636,m,A,2,1,10,6
G1,2019-07-31,102.76065076881233,-49.25054333183447,mm,B,2,1,10,6
G1,2019-08-01,2.098579669459048,0.8616254573441693,mm,A,2,1,10,6
G1,2019-08-02,0.10200275937586592,-0.048697349288618734,m,B,2,1,10,6
G1,2019-08-03,2.6045091167475753,1.7439525235697606,mm,A,2,1,10,6
G1,2019-08-04,101.85595619735199,-49.07976178101709,mm,B,2,0,10,6
G1,2019-08-05,0.0028808379805039335,0.0005428087024656065,m,A,2,1,10,6
G1,2019-08-06,102.22163396230604,-49.93114946777645,mm,B,12,1,10,6
G1,2019-08-07,2.55418667979066,1.0702854910419874,mm,A,2,1,10,6
G1,2019-08-08,0.10269399354354113,-0.049210872535204946,m,B,2,1,10,6
G1,2019-08-09,2.534388734556315,0.9091994823770002,mm,A,2,1,10,6
G1,2019-08-10,102.40614874509868,-48.56222629126381,mm,B,2,1,10,6
G1,2019-08-11,0.0025627520840399163,0.0019942156097291926,m,A,2,1,10,6
G1,2019-08-12,102.44197702354687,-48.101533979936974,mm,B,2,1,10,6
G1,2019-08-13,2.3731605636375472,1.1649869401621753,mm,A,2,1,10,6
G1,2019-08-14,0.10126144233951949,-0.04900694007535164,m,B,2,1,10,6
G1,2019-08-15,3.0814808425010423,2.0837930559556166,mm,A,2,1,10,6
G1,2019-08-16,102.67117051632239,-47.967940921198576,mm,B,2,1,10,6
G1,2019-08-17,0.0033157145387555775,0.001596798423191305,m,A,2,1,10,6
G1,2019-08-18,102.30217779808659,-49.098609458254515,mm,B,2,1,10,6
G1,2019-08-19,2.0353772386529307,0.41352342295404243,mm,A,2,1,10,6
G1,2019-08-20,0.10194624843951965,-0.049162749410384045,m,B,2,1,10,6
G1,2019-08-21,2.2522705515648465,0.38735780812756804,mm,A,2,1,10,6
G1,2019-08-22,102.72376230238125,-48.42795289983677,mm,B,2,1,10,6
G1,2019-08-23,0.002660186875425664,0.0014181569755027873,m,A,2,1,10,6
G1,2019-08-24,102.397190900325,-48.006997957669434,mm,B,2,1,10,6
G1,2019-08-25,2.8679398555879803,-0.0008340346987569802,mm,A,2,1,10,6
G1,2019-08-26,0.10320914465331987,-0.04814923773714317,m,B,2,1,10,6
G1,2019-08-27,1.6922820854338076,0.9489108641469242,mm,A,2,1,10,6
G1,2019-08-28,102.95026982143952,-48.14047249399607,mm,B,2,1,10,6
G1,2019-08-29,0.0027008327613536123,0.00043045791201850534,m,A,2,1,10,6
G1,2019-08-30,102.5905995706686,-48.5767289199178,mm,B,2,1,10,6
G1,2019-08-31,2.9864996448581103,1.765596101529215,mm,A,2,1,10,6
G1,2019-09-01,0.10253201407888148,-0.04862949473453862,m,B,2,1,10,6
G1,2019-09-02,3.3422011906840456,1.412993488269747,mm,A,2,1,10,6
G1,2019-09-03,103.20911929974793,-48.99146454510455,mm,B,2,1,10,6
G1,2019-09-04,0.002401235876019581,0.0004056079409815759,m,A,2,1,10,6
G1,2019-09-05,102.81773222600269,-48.61647990782013,mm,B,2,1,10,6
G1,2019-09-06,2.6216930868991417,0.7868195519733862,mm,A,12,1,10,6
G1,2019-09-07,0.10305860425338918,-0.048745945142312876,m,B,2,1,10,6
G1,2019-09-08,3.5962455400464024,0.929176549483214,mm,A,2,1,10,6
G1,2019-09-09,102.69278105282723,-48.16123296483074,mm,B,2,1,10,6
G1,2019-09-10,0.002649563224347576,0.002000708125727986,m,A,2,1,10,6
G1,2019-09-11,102.990118927255,-47.76275009916122,mm,B,2,1,10,6
G1,2019-09-12,2.8978227666123635,0.8403135723123485,mm,A,2,1,10,6
G1,2019-09-13,0.10259163996410546,-0.04882236392259339,m,B,2,1,10,6
G1,2019-09-14,2.0300048532334447,0.9053819466526278,mm,A,2,1,10,6
G1,2019-09-15,103.77293393010844,-48.776577477503025,mm,B,2,1,10,6
G1,2019-09-16,0.002569507381118151,0.0007005510407215719,m,A,2,0,10,6
G1,2019-09-17,101.8264993016436,-48.61707747871785,mm,B,2,1,10,6
G1,2019-09-18,3.2757455596339877,1.4239580087167425,mm,A,2,1,10,6
G1,2019-09-19,0.10373057251828349,-0.049657115458076224,m,B,2,1,10,6
G1,2019-09-20,1.9701201732354052,1.5823456822489117,mm,A,2,1,10,6
G1,2019-09-21,102.34548797252172,-47.46510149191614,mm,B,2,1,10,6
G1,2019-09-22,0.0026051744695744336,0.001921897926970818,m,A,2,1,10,6
G1,2019-09-23,102.57382430550929,-48.87154819961765,mm,B,2,1,10,6
G1,2019-09-24,2.6491931094876016,1.969386939097253,mm,A,2,1,10,6
G1,2019-09-25,0.1033764082948649,-0.048023180818588786,m,B,2,1,10,6
G1,2019-09-26,2.542305370789362,2.2101465349562575,mm,A,2,1,10,6
G1,2019-09-27,101.96261135386979,-48.99936747991661,mm,B,2,1,10,6
G1,2019-09-28,0.0023486002447367232,0.0023194224233750727,m,A,2,1,10,6
G1,2019-09-29,101.25797082198146,-48.77296810120607,mm,B,2,1,10,6
G1,2019-09-30,3.401588413264598,1.9155987563095422,mm,A,2,1,10,6
G1,2019-10-01,0.10357487468154954,-0.04855649358278365,m,B,2,1,10,6
G1,2019-10-02,2.8901477767862236,0.8965843054292879,mm,A,2,1,10,6
G1,2019-10-03,103.41374519180953,-49.0305700754182,mm,B,2,1,10,6
G1,2019-10-04,0.0034287106982860537,-0.0002807162952368656,m,A,2,1,10,6
G1,2019-10-05,104.03047256782997,-48.70812157792761,mm,B,2,1,10,6
G1,2019-10-06,2.2737552770687013,1.1100214257807526,mm,A,2,1,10,6
G1,2019-10-07,0.1028648095570876,-0.050372375217502645,m,B,12,1,10,6
G1,2019-10-08,3.0731681529182113,2.0777995112155416,mm,A,2,1,10,6
G1,2019-10-09,102.40508425967707,-48.14512379335024,mm,B,2,1,10,6
G1,2019-10-10,0.0036817091136427246,0.001517885618655358,m,A,2,1,10,6
G1,2019-10-11,104.06177300426307,-49.10989830917455,mm,B,2,1,10,6
G1,2019-10-12,3.495709084812969,1.9595167269894345,mm,A,2,1,10,6
G1,2019-10-13,0.10295646672452359,-0.04874445580592299,m,B,2,1,10,6
G1,2019-10-14,3.370750349329659,0.6712297647296864,mm,A,2,1,10,6
G1,2019-10-15,103.11146405794773,-47.577782191538205,mm,B,2,1,10,6
G1,2019-10-16,0.003212158545201166,0.0016933615539038473,m,A,2,1,10,6
G1,2019-10-17,102.63438339723875,-47.704492895807846,mm,B,2,1,10,6
G1,2019-10-18,3.3393446968342126,0.5418974593445536,mm,A,2,1,10,6
G1,2019-10-19,0.10353693641238487,-0.04945020710026723,m,B,2,1,10,6
G1,2019-10-20,3.2850398414633717,2.486920914739073,mm,A,2,1,10,6
G1,2019-10-21,103.39139323821264,-48.352166957401145,mm,B,2,1,10,6
G1,2019-10-22,0.004047176916628718,0.002507050063713383,m,A,2,1,10,6
G1,2019-10-23,103.61374768262719,-48.79436214866267,mm,B,2,1,10,6
G1,2019-10-24,3.603968376590803,1.9550496401247144,mm,A,2,1,10,6
G1,2019-10-25,0.1025784851498908,-0.04782598302848303,m,B,2,1,10,6
G1,2019-10-26,2.7924429141969513,1.7955670397343149,mm,A,2,1,10,6
G1,2019-10-27,101.93254183336666,-48.71066173879833,mm,B,2,1,10,6
G1,2019-10-28,0.0027514989551186064,0.0022663964455243105,m,A,2,1,10,6
G1,2019-10-29,103.72288839131316,-47.89105929132951,mm,B,2,0,10,6
G1,2019-10-30,3.2774049735206807,0.8049772680938412,mm,A,2,1,10,6
G1,2019-10-31,0.10393842993266054,-0.04829607274546422,m,B,2,1,10,6
G1,2019-11-01,3.6017616253952385,1.6045041649584928,mm,A,2,1,10,6
G1,2019-11-02,103.36888134178955,-48.21056933621773,mm,B,2,1,10,6
G1,2019-11-03,0.0032134807381603426,0.0018398866428622446,m,A,2,1,10,6
G1,2019-11-04,103.15270864116883,-47.786148674161964,mm,B,2,1,10,6
G1,2019-11-05,3.5542626350997297,2.376476486439046,mm,A,2,1,10,6
G1,2019-11-06,0.10330690417912367,-0.04844938932674321,m,B,2,1,10,6
G1,2019-11-07,3.497625271757869,2.264087641943216,mm,A,12,1,10,6
G1,2019-11-08,103.49524354578973,-48.485182525883154,mm,B,2,1,10,6
G1,2019-11-09,0.0033847993781537813,0.0012345646320606554,m,A,2,1,10,6
G1,2019-11-10,104.20669369926249,-47.25791674611871,mm,B,2,1,10,6
G1,2019-11-11,3.875605468411157,1.275109835184269,mm,A,2,1,10,6
G1,2019-11-12,0.10328991722551271,-0.04867300948171428,m,B,2,1,10,6
G1,2019-11-13,3.847386468004045,2.8730494837438965,mm,A,2,1,10,6
G1,2019-11-14,103.07557673204848,-47.95298390172505,mm,B,2,1,10,6
G1,2019-11-15,0.0022967565401458717,0.0014832274301093261,m,A,2,1,10,6
G1,2019-11-16,103.23666013038041,-48.667099743600104,mm,B,2,1,10,6
G1,2019-11-17,3.610495685927397,0.3843697847443217,mm,A,2,1,10,6
G1,2019-11-18,0.10322460474703755,-0.04892146784650544,m,B,2,1,10,6
G1,2019-11-19,3.4338516493395757,1.2775907371931852,mm,A,2,1,10,6
G1,2019-11-20,103.2058735585102,-48.64387150674979,mm,B,2,1,10,6
G1,2019-11-21,0.003516300185655788,0.002185737103649739,m,A,2,1,10,6
G1,2019-11-22,103.33273851392391,-48.10866030634831,mm,B,2,1,10,6
G1,2019-11-23,3.3099868784786772,2.2650570089798467,mm,A,2,1,10,6
G1,2019-11-24,0.10297226769107735,-0.04835521510742452,m,B,2,1,10,6
G1,2019-11-25,5.285183344715884,1.5876139055430065,mm,A,2,1,10,6
G1,2019-11-26,103.61287465219858,-48.19594213537104,mm,B,2,1,10,6
G1,2019-11-27,0.0035182817623820627,0.001297920858046657,m,A,2,1,10,6
G1,2019-11-28,103.9475771287864,-48.61993453564228,mm,B,2,1,10,6
G1,2019-11-29,3.74300460639623,1.200241590683199,mm,A,2,1,10,6
G1,2019-11-30,0.10260176935978346,-0.04824112023420827,m,B,2,1,10,6
G1,2019-12-01,3.685669601433683,3.145507411080982,mm,A,2,1,10,6
G1,2019-12-02,103.46799228932032,-47.781276829465604,mm,B,2,1,10,6
G1,2019-12-03,0.0032639224565063694,0.0020563442082662574,m,A,2,1,10,6
G1,2019-12-04,103.4069866170707,-47.92403002380466,mm,B,2,1,10,6
G1,2019-12-05,3.567814166037217,1.554861722564592,mm,A,2,1,10,6
G1,2019-12-06,0.10320382644830177,-0.04837321643716143,m,B,2,1,10,6
G1,2019-12-07,3.3680129221942363,1.5508871173724446,mm,A,2,1,10,6
G1,2019-12-08,103.28647014885343,-48.02373467751393,mm,B,12,1,10,6
G1,2019-12-09,0.004213353931987252,0.0024458795140047734,m,A,2,1,10,6
G1,2019-12-10,102.695718855243,-48.711514538327066,mm,B,2,1,10,6
G1,2019-12-11,2.72663612653424,1.7198554001226134,mm,A,2,0,10,6
G1,2019-12-12,0.10336124365581437,-0.049076314249327214,m,B,2,1,10,6
G1,2019-12-13,4.069234151754766,3.006924171879345,mm,A,2,1,10,6
G1,2019-12-14,103.41816061220905,-48.16817189745177,mm,B,2,1,10,6
G1,2019-12-15,0.003951419915759912,0.00015096725404046117,m,A,2,1,10,6
G1,2019-12-16,104.38908267272743,-47.740364888638545,mm,B,2,1,10,6
G1,2019-12-17,4.3420482659492645,2.630100509979162,mm,A,2,1,10,6
G1,2019-12-18,0.10320115856421151,-0.04776214545932868,m,B,2,1,10,6
G1,2019-12-19,3.20191795026616,3.1449188492821416,mm,A,2,1,10,6
G1,2019-12-20,104.44511663710249,-47.88814554219404,mm,B,2,1,10,6
G1,2019-12-21,0.003773870343547797,0.001635691338319321,m,A,2,1,10,6
G1,2019-12-22,104.33965920506549,-47.935493633150294,mm,B,2,1,10,6
G1,2019-12-23,3.8429994479479443,1.6546183034174584,mm,A,2,1,10,6
G1,2019-12-24,0.10315884554255808,-0.04743680793234648,m,B,2,1,10,6
G1,2019-12-25,4.79258911211617,2.8116003790479662,mm,A,2,1,10,6
G1,2019-12-26,104.43112074673262,-47.984325098824456,mm,B,2,1,10,6
G1,2019-12-27,0.005504634793946441,0.0026125372498677075,m,A,2,1,10,6
G1,2019-12-28,104.1242494016429,-47.32255186083019,mm,B,2,1,10,6
G1,2019-12-29,5.221129837116038,2.068838908553664,mm,A,2,1,10,6
G1,2019-12-30,0.10359330531068096,-0.047895777194518534,m,B,2,1,10,6
G1,2019-12-31,4.625782720697477,1.9126838791787442,mm,A,2,1,10,6
G1,2020-01-01,103.94236449483942,-47.44754263235299,mm,B,2,1,10,6
G1,2020-01-02,0.004141292964863377,0.0016839221280736244,m,A,2,1,10,6
G1,2020-01-03,103.49569878670994,-47.84590019512573,mm,B,2,1,10,6
G1,2020-01-04,4.699655017768436,2.8392169151198106,mm,A,2,1,10,6
G1,2020-01-05,0.10491215553124847,-0.04860503444563005,m,B,2,1,10,6
G1,2020-01-06,4.637690186257578,2.3919802965677617,mm,A,2,1,10,6
G1,2020-01-07,103.1941144280618,-48.44320194076212,mm,B,2,1,10,6
G1,2020-01-08,0.004346699826008286,0.002011727509842193,m,A,12,1,10,6
G1,2020-01-09,105.23066398493862,-48.50887027884033,mm,B,2,1,10,6
G1,2020-01-10,4.0759182920561745,1.8479919833847511,mm,A,2,1,10,6
G1,2020-01-11,0.10384688677923869,-0.04691002897824722,m,B,2,1,10,6
G1,2020-01-12,3.460728814971987,0.17740537982520932,mm,A,2,1,10,6
G1,2020-01-13,104.34238150223663,-48.07622878062496,mm,B,2,1,10,6
G1,2020-01-14,0.004169732571014223,0.0015058441522056258,m,A,2,1,10,6
G1,2020-01-15,103.89014807367877,-47.866098135807334,mm,B,2,1,10,6
G1,2020-01-16,4.478339692817312,1.510901658373371,mm,A,2,1,10,6
G1,2020-01-17,0.10429958814259,-0.046372254841156445,m,B,2,1,10,6
G1,2020-01-18,4.57253811029976,2.7211887236305445,mm,A,2,1,10,6
G1,2020-01-19,103.94374415404062,-47.6584189473154,mm,B,2,1,10,6
G1,2020-01-20,0.004789579014795874,0.0010879387937468856,m,A,2,1,10,6
G1,2020-01-21,104.46925583582582,-48.042211975021104,mm,B,2,1,10,6
G1,2020-01-22,3.778770512599446,2.821774879556045,mm,A,2,1,10,6
G1,2020-01-23,0.10463212030257527,-0.048411472708013006,m,B,2,0,10,6
G1,2020-01-24,3.5683719338456203,1.631706895911916,mm,A,2,1,10,6
G1,2020-01-25,103.23366445247997,-47.958978158367685,mm,B,2,1,10,6
G1,2020-01-26,0.005326400382176158,0.0012809113688279248,m,A,2,1,10,6
G1,2020-01-27,104.42522943639725,-47.121100816488806,mm,B,2,1,10,6
G1,2020-01-28,4.6248067163642546,0.7200190539649731,mm,A,2,1,10,6
G1,2020-01-29,0.10403991713359644,-0.04711280987502395,m,B,2,1,10,6
G1,2020-01-30,4.027788759802211,1.9805468771944592,mm,A,2,1,10,6
G1,2020-01-31,103.64584132010933,-47.46765675801725,mm,B,2,1,10,6
G1,2020-02-01,0.004146788614999573,0.0024777392053189507,m,A,2,1,10,6
G1,2020-02-02,103.30092446813192,-49.074428938517926,mm,B,2,1,10,6
G1,2020-02-03,5.758639768090514,2.5538150066150114,mm,A,2,1,10,6
G1,2020-02-04,0.10400581880157332,-0.04741885053860497,m,B,2,1,10,6
G1,2020-02-05,5.034973727745024,1.6587849333880436,mm,A,2,1,10,6
G1,2020-02-06,105.77607119749202,-47.10365706272988,mm,B,2,1,10,6
G1,2020-02-07,0.004915963388937219,0.002032327439716978,m,A,2,1,10,6
G1,2020-02-08,105.5569647977524,-46.84816998930775,mm,B,12,1,10,6
G1,2020-02-09,4.326190164389914,1.7145826256018928,mm,A,2,1,10,6
G1,2020-02-10,0.10372124927499353,-0.0479692790688334,m,B,2,1,10,6
G1,2020-02-11,4.185903642498561,2.9117797113278723,mm,A,2,1,10,6
G1,2020-02-12,104.32993757347565,-47.32559941401914,mm,B,2,1,10,6
G1,2020-02-13,0.0038315579246927,0.0018806455187366353,m,A,2,1,10,6
G1,2020-02-14,104.11487147737631,-47.78534332265875,mm,B,2,1,10,6
G1,2020-02-15,4.127782515601052,1.8105398392391021,mm,A,2,1,10,6
G1,2020-02-16,0.10352164465705865,-0.04705734751101277,m,B,2,1,10,6
G1,2020-02-17,4.07192194795502,2.928188443045542,mm,A,2,1,10,6
G1,2020-02-18,104.81946702393323,-48.72005113725598,mm,B,2,1,10,6
G1,2020-02-19,0.004410478982047407,0.0021614283982677564,m,A,2,1,10,6
G1,2020-02-20,104.87590244549217,-47.04029852142049,mm,B,2,1,10,6
G1,2020-02-21,3.931222653854384,2.9418498629761354,mm,A,2,1,10,6
G1,2020-02-22,0.10391400516605401,-0.04700112547822251,m,B,2,1,10,6
G1,2020-02-23,4.4197255454230095,2.2410023780493242,mm,A,2,1,10,6
G1,2020-02-24,103.97001129996062,-47.948770236204574,mm,B,2,1,10,6
G1,2020-02-25,0.0056864093464743335,0.0019258730605885568,m,A,2,1,10,6
G1,2020-02-26,104.68736319357524,-48.31988333285268,mm,B,2,1,10,6
G1,2020-02-27,4.082016224222254,2.8328527300482333,mm,A,2,1,10,6
G1,2020-02-28,0.10523186189941018,-0.04741206649677834,m,B,2,1,10,6
G1,2020-02-29,5.30410856464657,2.6845115198206795,mm,A,2,1,10,6
G1,2020-03-01,105.95125495976865,-47.08365491939718,mm,B,2,1,10,6
G1,2020-03-02,0.005783050369867524,0.0024610826164182115,m,A,2,1,10,6
G1,2020-03-03,104.12162168993265,-47.04232567967395,mm,B,2,1,10,6
G1,2020-03-04,4.274476183861651,1.9629150431947402,mm,A,2,1,10,6
G1,2020-03-05,0.10407732957817703,-0.04881589765449873,m,B,2,1,10,6
G1,2020-03-06,4.319537229898263,2.284726164886713,mm,A,2,0,10,6
G1,2020-03-07,104.82171683952792,-48.91676465438495,mm,B,2,1,10,6
G1,2020-03-08,0.003969437329259272,0.0015429078204054001,m,A,2,1,10,6
G1,2020-03-09,104.3274778688123,-47.25748264575442,mm,B,2,1,10,6
G1,2020-03-10,5.822669134875106,3.796493200155852,mm,A,12,1,10,6
G1,2020-03-11,0.10546549022353272,-0.04928678790530219,m,B,2,1,10,6
G1,2020-03-12,3.83683881454923,2.5640881523921566,mm,A,2,1,10,6
G1,2020-03-13,103.92614245812611,-47.218644808712156,mm,B,2,1,10,6
G1,2020-03-14,0.0037642215008751936,0.003135119749024716,m,A,2,1,10,6
G1,2020-03-15,105.73866975362675,-47.30733573050041,mm,B,2,1,10,6
G1,2020-03-16,3.7262092753661697,1.9730839390727772,mm,A,2,1,10,6
G1,2020-03-17,0.10366652160570981,-0.04725859396212951,m,B,2,1,10,6
G1,2020-03-18,4.055536894843967,1.820391886336982,mm,A,2,1,10,6
G1,2020-03-19,104.5148450504795,-48.14543004114917,mm,B,2,1,10,6
G1,2020-03-20,0.004967789883808061,0.0020461122628057144,m,A,2,1,10,6
G1,2020-03-21,104.32968133198854,-47.567819759362415,mm,B,2,1,10,6
G1,2020-03-22,4.511240607532084,2.7010716293544705,mm,A,2,1,10,6
G1,2020-03-23,0.1051225699334318,-0.0466000477355913,m,B,2,1,10,6
G1,2020-03-24,5.661014403381734,2.6286898609354052,mm,A,2,1,10,6
G1,2020-03-25,103.98293358702311,-47.4104898368052,mm,B,2,1,10,6
G1,2020-03-26,0.0045927188005829254,0.002708097132681955,m,A,2,1,10,6
G1,2020-03-27,105.45788371497157,-48.218973745798685,mm,B,2,1,10,6
G1,2020-03-28,5.067371440379206,2.0749517680730505,mm,A,2,1,10,6
G1,2020-03-29,0.1044235337674614,-0.048240235421053275,m,B,2,1,10,6
G1,2020-03-30,4.365708559175874,1.9651341981950554,mm,A,2,1,10,6
G1,2020-03-31,105.65072898788551,-46.087623960571094,mm,B,2,1,10,6
G1,2020-04-01,0.004363316206540611,0.0034017617829062733,m,A,2,1,10,6
G1,2020-04-02,104.6879344295145,-47.27761025979151,mm,B,2,1,10,6
G1,2020-04-03,4.707131744556387,2.532642706789264,mm,A,2,1,10,6
G1,2020-04-04,0.10467739620677215,-0.04830743739206246,m,B,2,1,10,6
G1,2020-04-05,5.451082345599513,3.0416541468854614,mm,A,2,1,10,6
G1,2020-04-06,105.73424123641972,-47.87108608743085,mm,B,2,1,10,6
G1,2020-04-07,0.004726689992177946,0.0021702496086458438,m,A,2,1,10,6
G1,2020-04-08,104.85066436175727,-47.24426038001336,mm,B,2,1,10,6
G1,2020-04-09,5.515952618761348,1.9646177635187674,mm,A,2,1,10,6
G1,2020-04-10,0.10596550360619644,-0.048015359220161404,m,B,12,1,10,6
G1,2020-04-11,5.542799293718712,2.278788888213465,mm,A,2,1,10,6
G1,2020-04-12,105.06041975621534,-46.618038467066,mm,B,2,1,10,6
G1,2020-04-13,0.0032934249007529463,0.0031883692181993027,m,A,2,1,10,6
G1,2020-04-14,104.98386138338881,-46.6678629487693,mm,B,2,1,10,6
G1,2020-04-15,5.539286742744401,2.7094837269286898,mm,A,2,1,10,6
G1,2020-04-16,0.10492446269932232,-0.046741629810535146,m,B,2,1,10,6
G1,2020-04-17,6.128794957322947,1.7907232496361885,mm,A,2,1,10,6
G1,2020-04-18,105.14489556896562,-48.80661985210967,mm,B,2,0,10,6
G1,2020-04-19,0.0047832611515416235,0.003995587178852816,m,A,2,1,10,6
G1,2020-04-20,105.7237837393724,-47.91125523767087,mm,B,2,1,10,6
G1,2020-04-21,4.953446858178802,2.7372463727051213,mm,A,2,1,10,6
G1,2020-04-22,0.1048240281426448,-0.04764471828385018,m,B,2,1,10,6
G1,2020-04-23,6.434749933404969,3.0754515093141697,mm,A,2,1,10,6
G1,2020-04-24,106.1321579431093,-47.63490309358562,mm,B,2,1,10,6
G1,2020-04-25,0.006171618837296222,0.003010489671020709,m,A,2,1,10,6
G1,2020-04-26,105.24980931968845,-47.618636330696724,mm,B,2,1,10,6
G1,2020-04-27,4.394070373274611,2.138913726282826,mm,A,2,1,10,6
G1,2020-04-28,0.10512277355665059,-0.047442126372490415,m,B,2,1,10,6
G1,2020-04-29,6.726634428272131,2.7128736032779184,mm,A,2,1,10,6
G1,2020-04-30,105.43594427230695,-47.57554322928067,mm,B,2,1,10,6
G1,2020-05-01,0.005916906031328015,0.0017590728649318126,m,A,2,1,10,6
G1,2020-05-02,103.82969649764793,-48.069035288592204,mm,B,2,1,10,6
G1,2020-05-03,5.617340242421443,2.50495718969023,mm,A,2,1,10,6
G1,2020-05-04,0.10548218201137322,-0.04737162541133668,m,B,2,1,10,6
G1,2020-05-05,7.057947934375245,2.2979391312681257,mm,A,2,1,10,6
G1,2020-05-06,105.4450761619812,-47.40620941374133,mm,B,2,1,10,6
G1,2020-05-07,0.005408115898493637,0.0034126181387352985,m,A,2,1,10,6
G1,2020-05-08,105.4552139018036,-48.464968108494894,mm,B,2,1,10,6
G1,2020-05-09,4.896927660538002,3.82080601234808,mm,A,2,1,10,6
G1,2020-05-10,0.10638615665223072,-0.04616461744187981,m,B,2,1,10,6
G1,2020-05-11,3.6789595342868093,3.076350407857194,mm,A,12,1,10,6
G1,2020-05-12,106.13258163251506,-47.57190952163123,mm,B,2,1,10,6
G1,2020-05-13,0.00583221219776407,0.0031929075740165336,m,A,2,1,10,6
G1,2020-05-14,105.31207200083901,-47.009265761821226,mm,B,2,1,10,6
G1,2020-05-15,5.1412497863055115,2.9333618728412727,mm,A,2,1,10,6
G1,2020-05-16,0.10455119765224467,-0.04713946044744454,m,B,2,1,10,6
G1,2020-05-17,6.613028048918052,2.3235650005414477,mm,A,2,1,10,6
G1,2020-05-18,105.930354641332,-47.550598176244186,mm,B,2,1,10,6
G1,2020-05-19,0.004771079791921954,0.0034109013600199124,m,A,2,1,10,6
G1,2020-05-20,104.11195547056386,-46.73314770792796,mm,B,2,1,10,6
G1,2020-05-21,4.7081834257548225,2.513374627895569,mm,A,2,1,10,6
G1,2020-05-22,0.10442565062612211,-0.048155296794134585,m,B,2,1,10,6
G1,2020-05-23,6.255670426729919,3.0143955441781114,mm,A,2,1,10,6
G1,2020-05-24,106.33366223034189,-47.43006137934546,mm,B,2,1,10,6
G1,2020-05-25,0.005499124210862986,0.0031789578435023986,m,A,2,1,10,6
G1,2020-05-26,104.26999288676753,-47.079420320138624,mm,B,2,1,10,6
G1,2020-05-27,5.848371730926683,2.3063849645791334,mm,A,2,1,10,6
G1,2020-05-28,0.10453733465565354,-0.04712261327346551,m,B,2,1,10,6
G1,2020-05-29,5.150398589401522,2.5982393053610866,mm,A,2,1,10,6
G1,2020-05-30,105.56674208731289,-47.01176296755372,mm,B,2,1,10,6
G1,2020-05-31,0.00533367169215613,0.0027579014702374146,m,A,2,0,10,6
G1,2020-06-01,104.96353307817114,-47.632493545720045,mm,B,2,1,10,6
G1,2020-06-02,5.8256350454259165,2.402512366039707,mm,A,2,1,10,6
G1,2020-06-03,0.10487715088196281,-0.04776096297235231,m,B,2,1,10,6
G1,2020-06-04,6.4615784435285155,2.8330577379483004,mm,A,2,1,10,6
G1,2020-06-05,105.61684155300489,-47.50066386958806,mm,B,2,1,10,6
G1,2020-06-06,0.00616206162859374,0.0030968536335132654,m,A,2,1,10,6
G1,2020-06-07,104.93126495502989,-48.7877238591349,mm,B,2,1,10,6
G1,2020-06-08,6.39184630523118,2.4172503545924315,mm,A,2,1,10,6
G1,2020-06-09,0.10594270989322638,-0.04757393020567096,m,B,2,1,10,6
G1,2020-06-10,5.2460808069132625,2.428185748388252,mm,A,2,1,10,6
G1,2020-06-11,105.64149754650838,-47.571085677811034,mm,B,12,1,10,6
G1,2020-06-12,0.004872668108752836,0.0032007469954679377,m,A,2,1,10,6
G1,2020-06-13,105.2212463078011,-46.71873066626477,mm,B,2,1,10,6
G1,2020-06-14,5.874178202081091,2.6040178002062544,mm,A,2,1,10,6
G1,2020-06-15,0.10583936283705843,-0.047124597362002994,m,B,2,1,10,6
G1,2020-06-16,5.067439713294451,1.3898638706899535,mm,A,2,1,10,6
G1,2020-06-17,107.0623012970907,-46.716460994608184,mm,B,2,1,10,6
G1,2020-06-18,0.0056310041122208864,0.00351373683496925,m,A,2,1,10,6
G1,2020-06-19,105.64900935216154,-46.360004455333005,mm,B,2,1,10,6
G1,2020-06-20,6.543609627452344,2.6347479705837595,mm,A,2,1,10,6
G1,2020-06-21,0.10518103001123719,-0.04687890109764863,m,B,2,1,10,6
G1,2020-06-22,5.438379427822188,3.262264213663883,mm,A,2,1,10,6
G1,2020-06-23,105.66723350479627,-47.25853425012329,mm,B,2,1,10,6
G1,2020-06-24,0.006429900744440404,0.0036220868981777085,m,A,2,1,10,6
G1,2020-06-25,105.38322291338804,-47.713300446324126,mm,B,2,1,10,6
G1,2020-06-26,6.8433417930915805,3.347642714574277,mm,A,2,1,10,6
G1,2020-06-27,0.10558630719138427,-0.046948445846271725,m,B,2,1,10,6
G1,2020-06-28,5.677039068952436,2.275156841512243,mm,A,2,1,10,6
G1,2020-06-29,105.18158637245773,-47.07447993691692,mm,B,2,1,10,6
G1,2020-06-30,0.0055463203083725154,0.002532853692340739,m,A,2,1,10,6
G1,2020-07-01,105.72344098061313,-46.79611533377454,mm,B,2,1,10,6
G1,2020-07-02,5.819524406996565,3.136275269239038,mm,A,2,1,10,6
G1,2020-07-03,0.1054439107196602,-0.04620573225001237,m,B,2,1,10,6
G1,2020-07-04,7.402870215269914,3.867133170972811,mm,A,2,1,10,6
G1,2020-07-05,105.70926848450796,-47.10912139259149,mm,B,2,1,10,6
G1,2020-07-06,0.007208202209250625,0.0028722925550058063,m,A,2,1,10,6
G1,2020-07-07,106.31746921954745,-47.183679808274476,mm,B,2,1,10,6
G1,2020-07-08,6.267917336140919,2.1601820027156604,mm,A,2,1,10,6
G1,2020-07-09,0.10534711609203766,-0.04701507408912467,m,B,2,1,10,6
G1,2020-07-10,6.510156160702695,2.6326104362616367,mm,A,2,1,10,6
G1,2020-07-11,105.47398061124063,-46.797393234824064,mm,B,2,1,10,6
G1,2020-07-12,0.005330415759633785,0.0038572143850969633,m,A,12,1,10,6
G1,2020-07-13,105.7423792250061,-47.26418730349604,mm,B,2,0,10,6
G1,2020-07-14,5.063163247996358,3.675422376849169,mm,A,2,1,10,6
G1,2020-07-15,0.10659766877533722,-0.047737000852977954,m,B,2,1,10,6
G1,2020-07-16,6.041622309011551,3.6063684056273093,mm,A,2,1,10,6
G1,2020-07-17,106.39839164652253,-47.174801934483575,mm,B,2,1,10,6
G1,2020-07-18,0.0071479280352179505,0.004205386927695007,m,A,2,1,10,6
G1,2020-07-19,106.01966674165408,-47.0102070424284,mm,B,2,1,10,6
G1,2020-07-20,6.184026250108369,4.453997845253654,mm,A,2,1,10,6
G1,2020-07-21,0.1075037318124849,-0.04660278331653976,m,B,2,1,10,6
G1,2020-07-22,5.957792218257602,3.611011584657861,mm,A,2,1,10,6
G1,2020-07-23,106.29054912299111,-46.85853236719741,mm,B,2,1,10,6
G1,2020-07-24,0.006558677249662116,0.0031744366272875874,m,A,2,1,10,6
G1,2020-07-25,106.11718087928205,-46.86636936440948,mm,B,2,1,10,6
G1,2020-07-26,5.930244617949487,2.7960378097429444,mm,A,2,1,10,6
G1,2020-07-27,0.10669149642184603,-0.047843177878322415,m,B,2,1,10,6
G1,2020-07-28,7.359829772353618,3.2369741061865955,mm,A,2,1,10,6
G1,2020-07-29,105.6873853850569,-46.56654366191716,mm,B,2,1,10,6
G1,2020-07-30,0.007027851921047171,0.003202205460883175,m,A,2,1,10,6
G1,2020-07-31,106.29454665853315,-46.425167936279465,mm,B,2,1,10,6
G1,2020-08-01,6.834485932962132,3.1801321409789454,mm,A,2,1,10,6
G1,2020-08-02,0.10675686509108258,-0.04723326115971153,m,B,2,1,10,6
G1,2020-08-03,6.039376718086463,3.4462323795687424,mm,A,2,1,10,6
G1,2020-08-04,106.27688474743832,-46.63899987406162,mm,B,2,1,10,6
G1,2020-08-05,0.0062794372629504875,0.002690746756739614,m,A,2,1,10,6
G1,2020-08-06,106.4219029993847,-45.87036302188156,mm,B,2,1,10,6
G1,2020-08-07,6.547479190546048,3.0219407760541825,mm,A,2,1,10,6
G1,2020-08-08,0.10650201361365076,-0.046685477826305166,m,B,2,1,10,6
G1,2020-08-09,6.243625565460781,1.828098081187336,mm,A,2,1,10,6
G1,2020-08-10,106.64416285624478,-46.07574087250699,mm,B,2,1,10,6
G1,2020-08-11,0.005402705863123878,0.002888557214005528,m,A,2,1,10,6
G1,2020-08-12,105.88575048191339,-46.17709224363016,mm,B,12,1,10,6
G1,2020-08-13,6.873147579486121,2.610909495957372,mm,A,2,1,10,6
G1,2020-08-14,0.1080487946233303,-0.04633702705801619,m,B,2,1,10,6
G1,2020-08-15,6.74659949020257,3.0144562187753356,mm,A,2,1,10,6
G1,2020-08-16,107.53228604031199,-46.46109818906807,mm,B,2,1,10,6
G1,2020-08-17,0.006297461134384388,0.0024790747146828523,m,A,2,1,10,6
G1,2020-08-18,106.68142068284237,-47.667110613561455,mm,B,2,1,10,6
G1,2020-08-19,6.916380572580127,5.097546658098426,mm,A,2,1,10,6
G1,2020-08-20,0.10719474846993646,-0.047303052857750764,m,B,2,1,10,6
G1,2020-08-21,7.490079173933954,2.6320151462789827,mm,A,2,1,10,6
G1,2020-08-22,107.21872354056157,-45.8886132254974,mm,B,2,1,10,6
G1,2020-08-23,0.006470695234436752,0.003139252886433328,m,A,2,1,10,6
G1,2020-08-24,106.3896015147996,-47.419775900119326,mm,B,2,1,10,6
G1,2020-08-25,7.173234165573787,3.6594904431045436,mm,A,2,0,10,6
G1,2020-08-26,0.10654482288021655,-0.046560774081741314,m,B,2,1,10,6
G1,2020-08-27,6.651690621473702,2.5367325727887535,mm,A,2,1,10,6
G1,2020-08-28,106.25630396447566,-46.76545801179563,mm,B,2,1,10,6
G1,2020-08-29,0.006200642023281986,0.0028537685879113537,m,A,2,1,10,6
G1,2020-08-30,105.8502147688849,-46.99888431294993,mm,B,2,1,10,6
G1,2020-08-31,7.012968103267962,2.80836931609323,mm,A,2,1,10,6
G1,2020-09-01,0.10739588207724521,-0.04670567991740639,m,B,2,1,10,6
G1,2020-09-02,7.894506433462351,3.322386850322265,mm,A,2,1,10,6
G1,2020-09-03,105.9871770898269,-45.49985844060832,mm,B,2,1,10,6
G1,2020-09-04,0.006165481993108933,0.002890592365035576,m,A,2,1,10,6
G1,2020-09-05,106.93714991403117,-47.28699329239159,mm,B,2,1,10,6
G1,2020-09-06,6.858436253910452,4.258559152375773,mm,A,2,1,10,6
G1,2020-09-07,0.10730079145078399,-0.047519945881151625,m,B,2,1,10,6
G1,2020-09-08,6.9483706772151725,3.9215751966260597,mm,A,2,1,10,6
G1,2020-09-09,106.02389404456753,-46.82148323928871,mm,B,2,1,10,6
G1,2020-09-10,0.0070911085575142,0.003763558674166106,m,A,2,1,10,6
G1,2020-09-11,106.86653956537637,-46.36450729524067,mm,B,2,1,10,6
G1,2020-09-12,6.480508795193838,3.224491809243566,mm,A,12,1,10,6
G1,2020-09-13,0.10605813063946098,-0.0469376976480498,m,B,2,1,10,6
G1,2020-09-14,7.17056132215126,4.560729404157078,mm,A,2,1,10,6
G1,2020-09-15,106.6147314074537,-46.24269645411781,mm,B,2,1,10,6
G1,2020-09-16,0.007731591565066316,0.003679284649460755,m,A,2,1,10,6
G1,2020-09-17,107.32428908004381,-47.29804335989776,mm,B,2,1,10,6
G1,2020-09-18,6.1740056588682855,3.7934688721824696,mm,A,2,1,10,6
G1,2020-09-19,0.10664589255484876,-0.04606092354093449,m,B,2,1,10,6
G1,2020-09-20,6.8019687286477994,4.316629975218237,mm,A,2,1,10,6
G1,2020-09-21,107.61928206833606,-47.02395414244713,mm,B,2,1,10,6
G1,2020-09-22,0.006597457778160917,0.004332543828810523,m,A,2,1,10,6
G1,2020-09-23,106.36058709506757,-46.69931492180433,mm,B,2,1,10,6
G1,2020-09-24,6.450866063688047,2.763537281657451,mm,A,2,1,10,6
G1,2020-09-25,0.10639720866615185,-0.04733990422613166,m,B,2,1,10,6
G1,2020-09-26,6.627119321548388,3.1105659067072597,mm,A,2,1,10,6
G1,2020-09-27,106.86226813733377,-46.83701589285085,mm,B,2,1,10,6
G1,2020-09-28,0.007298951223130096,0.0034104348363046505,m,A,2,1,10,6
G1,2020-09-29,107.33387488208243,-45.87575122977375,mm,B,2,1,10,6
G1,2020-09-30,7.460579665762137,3.9680347198960284,mm,A,2,1,10,6
G1,2020-10-01,0.10711871236187046,-0.04678536835123932,m,B,2,1,10,6
G1,2020-10-02,6.963631701776823,3.6643896754928518,mm,A,2,1,10,6
G1,2020-10-03,107.65233974260013,-46.99700837859362,mm,B,2,1,10,6
G1,2020-10-04,0.007463834003953258,0.004080146206792339,m,A,2,1,10,6
G1,2020-10-05,107.80365745130314,-45.939617915342666,mm,B,2,1,10,6
G1,2020-10-06,7.700086081688934,3.0618684142529338,mm,A,2,1,10,6
G1,2020-10-07,0.10715325994601375,-0.04686897319496042,m,B,2,0,10,6
G1,2020-10-08,7.303155242520266,3.168998911928857,mm,A,2,1,10,6
G1,2020-10-09,107.45472679960923,-46.04327584555741,mm,B,2,1,10,6
G1,2020-10-10,0.006858617864812888,0.0029152826163956693,m,A,2,1,10,6
G1,2020-10-11,107.44036165992205,-46.03608921856805,mm,B,2,1,10,6
G1,2020-10-12,7.2993442314376376,2.8033550120237094,mm,A,2,1,10,6
G1,2020-10-13,0.10641673331151201,-0.046357680214209156,m,B,12,1,10,6
G1,2020-10-14,6.845121491209415,4.12081229109662,mm,A,2,1,10,6
G1,2020-10-15,105.84936004532963,-46.968065848346015,mm,B,2,1,10,6
G1,2020-10-16,0.006161118354619994,0.0035982213176127625,m,A,2,1,10,6
G1,2020-10-17,107.96548386010768,-46.87191724983667,mm,B,2,1,10,6
G1,2020-10-18,6.904272159696146,4.186998721393242,mm,A,2,1,10,6
G1,2020-10-19,0.10608652353283222,-0.046347956553436806,m,B,2,1,10,6
G1,2020-10-20,6.947735299616171,2.9150554768913084,mm,A,2,1,10,6
G1,2020-10-21,106.89989980225555,-45.68705278796604,mm,B,2,1,10,6
G1,2020-10-22,0.007700141716310076,0.0037180717791018315,m,A,2,1,10,6
G1,2020-10-23,107.0477033243186,-46.24554696466669,mm,B,2,1,10,6
G1,2020-10-24,7.601650620430737,3.3617387149935962,mm,A,2,1,10,6
G1,2020-10-25,0.10814069909401196,-0.04638014097021701,m,B,2,1,10,6
G1,2020-10-26,7.408171157188266,4.2135071926773975,mm,A,2,1,10,6
G1,2020-10-27,107.07015168368514,-46.760871557249345,mm,B,2,1,10,6
G1,2020-10-28,0.00761969178633143,0.0037327281293566264,m,A,2,1,10,6
G1,2020-10-29,107.7693335999374,-46.086092563783275,mm,B,2,1,10,6
G1,2020-10-30,7.326783605816611,3.7912198766148073,mm,A,2,1,10,6
G1,2020-10-31,0.10733608743363582,-0.04603495125995072,m,B,2,1,10,6
G1,2020-11-01,7.878247532127086,4.309839222289177,mm,A,2,1,10,6
G1,2020-11-02,107.23460910065882,-47.24965918194211,mm,B,2,1,10,6
G1,2020-11-03,0.006460566709012861,0.004446055042958064,m,A,2,1,10,6
G1,2020-11-04,107.4678416926004,-46.09229608458909,mm,B,2,1,10,6
G1,2020-11-05,7.183722985620734,2.8992970752717473,mm,A,2,1,10,6
G1,2020-11-06,0.10648125594165374,-0.046291492612609335,m,B,2,1,10,6
G1,2020-11-07,7.9876539978634895,3.4006318020137787,mm,A,2,1,10,6
G1,2020-11-08,107.56789681061923,-45.98393676430767,mm,B,2,1,10,6
G1,2020-11-09,0.00689991270816188,0.004166791083658435,m,A,2,1,10,6
G1,2020-11-10,106.78598619606369,-46.299906817164356,mm,B,2,1,10,6
G1,2020-11-11,6.909272264991016,4.0910960307681945,mm,A,2,1,10,6
G1,2020-11-12,0.10748577446382653,-0.04608433804350471,m,B,2,1,10,6
G1,2020-11-13,6.51737665478347,4.278305156653591,mm,A,12,1,10,6
G1,2020-11-14,107.94318251925594,-46.286792126101936,mm,B,2,1,10,6
G1,2020-11-15,0.006851551694852812,0.0036402592504364974,m,A,2,1,10,6
G1,2020-11-16,107.77752563181802,-46.34260093367031,mm,B,2,1,10,6
G1,2020-11-17,6.595353077001743,3.5111343727190785,mm,A,2,1,10,6
G1,2020-11-18,0.10876909864458723,-0.04559487044358998,m,B,2,1,10,6
G1,2020-11-19,7.199693229468386,4.363662544337117,mm,A,2,0,10,6
G1,2020-11-20,107.12598682501331,-45.63750890045479,mm,B,2,1,10,6
G1,2020-11-21,0.007846511750690515,0.0036086498779697366,m,A,2,1,10,6
G1,2020-11-22,107.60034650391964,-46.86764073854838,mm,B,2,1,10,6
G1,2020-11-23,6.249472922965315,4.76898035864275,mm,A,2,1,10,6
G1,2020-11-24,0.10723951784907523,-0.04540539520070656,m,B,2,1,10,6
G1,2020-11-25,8.513546384660808,3.585150262548878,mm,A,2,1,10,6
G1,2020-11-26,106.6318624612425,-45.86079481152079,mm,B,2,1,10,6
G1,2020-11-27,0.008282839525439512,0.0034648936505798597,m,A,2,1,10,6
G1,2020-11-28,106.08864013179003,-47.25189306036336,mm,B,2,1,10,6
G1,2020-11-29,7.325693709082552,5.444705301883198,mm,A,2,1,10,6
G1,2020-11-30,0.1078344888051396,-0.047364680697585065,m,B,2,1,10,6
G1,2020-12-01,7.421748933230617,4.403685478740009,mm,A,2,1,10,6
G1,2020-12-02,107.59100851004511,-46.0934304192047,mm,B,2,1,10,6
G1,2020-12-03,0.007544679516133307,0.0034679960867548118,m,A,2,1,10,6
G1,2020-12-04,106.83615545245256,-47.1875091345719,mm,B,2,1,10,6
G1,2020-12-05,7.436342291815895,4.29170177700043,mm,A,2,1,10,6
G1,2020-12-06,0.10860319449593567,-0.04612510464487159,m,B,2,1,10,6
G1,2020-12-07,7.416269049268074,4.808605230338841,mm,A,2,1,10,6
G1,2020-12-08,106.56685136218539,-45.925579293600904,mm,B,2,1,10,6
G1,2020-12-09,0.007483687609238983,0.004010902571915125,m,A,2,1,10,6
G1,2020-12-10,107.31852596164917,-45.73663055149717,mm,B,2,1,10,6
G1,2020-12-11,7.204475464862573,4.145561653191736,mm,A,2,1,10,6
G1,2020-12-12,0.1071149976150576,-0.046455199636384115,m,B,2,1,10,6
G1,2020-12-13,6.330105762965079,4.183436255241423,mm,A,2,1,10,6
G1,2020-12-14,107.94077122629068,-46.58122991666058,mm,B,12,1,10,6
G1,2020-12-15,0.00882665101792608,0.003976903419269225,m,A,2,1,10,6
G1,2020-12-16,107.82554639915915,-46.59425093852538,mm,B,2,1,10,6
G1,2020-12-17,7.8788357657844825,4.0935517775187655,mm,A,2,1,10,6
G1,2020-12-18,0.10810048558829889,-0.046545148574742866,m,B,2,1,10,6
G1,2020-12-19,8.560506890256795,4.187951917724159,mm,A,2,1,10,6
G1,2020-12-20,107.86618509870551,-46.22367512898762,mm,B,2,1,10,6
G1,2020-12-21,0.008094051251591489,0.003583150324227599,m,A,2,1,10,6
G1,2020-12-22,107.2236684203211,-44.99957989959249,mm,B,2,1,10,6
G1,2020-12-23,8.058668026991,3.86827119670176,mm,A,2,1,10,6
G1,2020-12-24,0.10808040566888585,-0.04598360398048398,m,B,2,1,10,6
G1,2020-12-25,8.393038353503448,3.2774857496839536,mm,A,2,1,10,6
G1,2020-12-26,107.69312397428935,-45.83389445881135,mm,B,2,1,10,6
G1,2020-12-27,0.008362500778795044,0.0018769340880795617,m,A,2,1,10,6
G1,2020-12-28,108.16204548286852,-45.04545375462547,mm,B,2,1,10,6
G1,2020-12-29,7.4172430551056125,3.8855461363198454,mm,A,2,1,10,6
G1,2020-12-30,0.10899279374101548,-0.04554589454965143,m,B,2,1,10,6
G1,2020-12-31,7.244141009320391,3.3405384225744976,mm,A,2,1,10,6
G1,2021-01-01,109.16897921706446,-45.88567777715791,mm,B,2,0,10,6
G1,2021-01-02,0.009299745018594055,0.003896239744419428,m,A,2,1,10,6
G1,2021-01-03,107.71506899504459,-45.54089002326968,mm,B,2,1,10,6
G1,2021-01-04,8.078634996496008,4.158635664594636,mm,A,2,1,10,6
G1,2021-01-05,0.1081635206838066,-0.045703005928518774,m,B,2,1,10,6
G1,2021-01-06,7.054475792232598,4.23926169597964,mm,A,2,1,10,6
G1,2021-01-07,107.4355823290957,-46.143723724394036,mm,B,2,1,10,6
G1,2021-01-08,0.007810465626076794,0.004013442788884476,m,A,2,1,10,6
G1,2021-01-09,107.32187935326921,-45.18784047253507,mm,B,2,1,10,6
G1,2021-01-10,7.53457887789624,3.5064360246522965,mm,A,2,1,10,6
G1,2021-01-11,0.10923225434940366,-0.04587823625881591,m,B,2,1,10,6
G1,2021-01-12,7.849870968249414,4.119328626634459,mm,A,2,1,10,6
G1,2021-01-13,107.42589771390799,-45.40378037407071,mm,B,2,1,10,6
G1,2021-01-14,0.007976249773218138,0.005459614203336202,m,A,12,1,10,6
G1,2021-01-15,107.7644689840125,-45.3161289183603,mm,B,2,1,10,6
G1,2021-01-16,9.47025425139691,4.55316122986335,mm,A,2,1,10,6
G1,2021-01-17,0.10891887543525622,-0.04639225504617288,m,B,2,1,10,6
G1,2021-01-18,8.767366901507414,4.97160311532884,mm,A,2,1,10,6
G1,2021-01-19,108.3951816956131,-46.01499578062819,mm,B,2,1,10,6
G1,2021-01-20,0.008696435444120855,0.003562544706604283,m,A,2,1,10,6
G1,2021-01-21,108.78481608759303,-46.40603292070839,mm,B,2,1,10,6
G1,2021-01-22,8.246511734431339,3.0934171715003336,mm,A,2,1,10,6
G1,2021-01-23,0.10761231106999353,-0.047196616347717935,m,B,2,1,10,6
G1,2021-01-24,7.685846372144857,4.932741205076438,mm,A,2,1,10,6
G1,2021-01-25,108.30805090740694,-45.96222370808772,mm,B,2,1,10,6
G1,2021-01-26,0.008964712516727105,0.0035211428807284725,m,A,2,1,10,6
G1,2021-01-27,107.14513594520854,-45.35873049813435,mm,B,2,1,10,6
G1,2021-01-28,8.213830199132534,3.4786175806149724,mm,A,2,1,10,6
G1,2021-01-29,0.10821395200203376,-0.04458978151821131,m,B,2,1,10,6
G1,2021-01-30,8.739782599726368,4.15023284074987,mm,A,2,1,10,6
G1,2021-01-31,107.97062531161724,-46.22401520113591,mm,B,2,1,10,6
G1,2021-02-01,0.008621783196352518,0.003969366938796985,m,A,2,1,10,6
G1,2021-02-02,109.05110878438812,-44.85638240395221,mm,B,2,1,10,6
G1,2021-02-03,9.07312141526498,3.2373002588851807,mm,A,2,1,10,6
G1,2021-02-04,0.10790186602074173,-0.045668394125412806,m,B,2,1,10,6
G1,2021-02-05,8.030309125578372,4.4077225685690795,mm,A,2,1,10,6
G1,2021-02-06,108.46887846818711,-46.12650145760094,mm,B,2,1,10,6
G1,2021-02-07,0.009511775269674817,0.0038833115902303737,m,A,2,1,10,6
G1,2021-02-08,107.81970239846693,-45.54030900139802,mm,B,2,1,10,6
G1,2021-02-09,8.360588571598766,4.50983971065798,mm,A,2,1,10,6
G1,2021-02-10,0.10914024032421245,-0.04569986743478727,m,B,2,1,10,6
G1,2021-02-11,8.22381546024194,4.494797355364213,mm,A,2,1,10,6
G1,2021-02-12,109.1412817466342,-44.751808425942336,mm,B,2,1,10,6
G1,2021-02-13,0.009144642105908181,0.003950866666278168,m,A,2,0,10,6
G1,2021-02-14,108.55389724622351,-44.452897778105374,mm,B,12,1,10,6
G1,2021-02-15,8.15116030126796,4.76040153628022,mm,A,2,1,10,6
G1,2021-02-16,0.10865165505131136,-0.046178518376406394,m,B,2,1,10,6
G1,2021-02-17,8.18932563083934,3.734277111609495,mm,A,2,1,10,6
G1,2021-02-18,109.42933577765017,-45.86245242122339,mm,B,2,1,10,6
G1,2021-02-19,0.007181216858099913,0.005542003369538763,m,A,2,1,10,6
G1,2021-02-20,108.13514346809481,-46.037394197892006,mm,B,2,1,10,6
G1,2021-02-21,8.263975320685995,3.8924753488309207,mm,A,2,1,10,6
G1,2021-02-22,0.10878753188462459,-0.04578799435463102,m,B,2,1,10,6
G1,2021-02-23,7.578635259777074,4.649814373491504,mm,A,2,1,10,6
G1,2021-02-24,109.35653854764271,-45.31342524714879,mm,B,2,1,10,6
G1,2021-02-25,0.00894344440384899,0.0041907814814622635,m,A,2,1,10,6
G1,2021-02-26,109.46376475972927,-45.093455804772354,mm,B,2,1,10,6
G1,2021-02-27,9.426423942906696,3.9031388293222253,mm,A,2,1,10,6
G1,2021-02-28,0.10933944055616238,-0.04635742970734401,m,B,2,1,10,6
G1,2021-03-01,9.790713148171994,3.445922031139728,mm,A,2,1,10,6
G1,2021-03-02,108.39435246350995,-46.786957165233964,mm,B,2,1,10,6
G1,2021-03-03,0.008778368955460065,0.004327502552887675,m,A,2,1,10,6
G1,2021-03-04,108.39271960314696,-44.94867501033381,mm,B,2,1,10,6
G1,2021-03-05,9.24110739117816,4.681399770326838,mm,A,2,1,10,6
G1,2021-03-06,0.10906345464996778,-0.04594730219146684,m,B,2,1,10,6
G1,2021-03-07,9.218365139804744,4.518654550626349,mm,A,2,1,10,6
G1,2021-03-08,109.39232234904263,-46.252754762890476,mm,B,2,1,10,6
G1,2021-03-09,0.009078202152055442,0.004620833780158051,m,A,2,1,10,6
G1,2021-03-10,109.1071366299177,-45.213973112623634,mm,B,2,1,10,6
G1,2021-03-11,9.433733041376431,4.818297478824196,mm,A,2,1,10,6
G1,2021-03-12,0.10871363821284492,-0.04509025350490971,m,B,2,1,10,6
G1,2021-03-13,7.899972763970952,4.805081917321398,mm,A,2,1,10,6
G1,2021-03-14,109.46346794224783,-44.47219615960624,mm,B,2,1,10,6
G1,2021-03-15,0.008597644916843878,0.004013513307038891,m,A,2,1,10,6
G1,2021-03-16,107.80638059596984,-45.797226978233795,mm,B,2,1,10,6
G1,2021-03-17,8.709901548157692,4.049804365486188,mm,A,12,1,10,6
G1,2021-03-18,0.10957862938393809,-0.045582095899435036,m,B,2,1,10,6
G1,2021-03-19,9.743004365893983,4.650886863624481,mm,A,2,1,10,6
G1,2021-03-20,108.77561054670765,-44.56127096569154,mm,B,2,1,10,6
G1,2021-03-21,0.00899377329954206,0.005107184980801137,m,A,2,1,10,6
G1,2021-03-22,109.71709452389779,-45.500315308746465,mm,B,2,1,10,6
G1,2021-03-23,9.195959922048619,4.0605762804074335,mm,A,2,1,10,6
G1,2021-03-24,0.10962750770551968,-0.045752891557732676,m,B,2,1,10,6
G1,2021-03-25,9.193627405639068,4.762804398282624,mm,A,2,1,10,6
G1,2021-03-26,109.49361815652664,-44.925051705186796,mm,B,2,1,10,6
G1,2021-03-27,0.009279626683372538,0.004164872920140297,m,A,2,1,10,6
G1,2021-03-28,108.33459555609983,-45.101203835336946,mm,B,2,0,10,6
G1,2021-03-29,8.769973210366517,3.0819435496670353,mm,A,2,1,10,6
G1,2021-03-30,0.1085684295819634,-0.04486232922490922,m,B,2,1,10,6
G1,2021-03-31,8.502676661241575,4.154615093644721,mm,A,2,1,10,6
G1,2021-04-01,108.33568813890257,-44.8325369384152,mm,B,2,1,10,6
G1,2021-04-02,0.00919265268641213,0.0036944212677074324,m,A,2,1,10,6
G1,2021-04-03,109.76819886920526,-46.07285837163454,mm,B,2,1,10,6
G1,2021-04-04,8.110334393754249,4.874570660399591,mm,A,2,1,10,6
G1,2021-04-05,0.10931060132985221,-0.04529405803251116,m,B,2,1,10,6
G1,2021-04-06,8.846488205758261,4.134593234374751,mm,A,2,1,10,6
G1,2021-04-07,108.99147930189679,-45.25403085971794,mm,B,2,1,10,6
G1,2021-04-08,0.00803403303985729,0.004752590370548438,m,A,2,1,10,6
G1,2021-04-09,110.12014982919929,-45.634201776691775,mm,B,2,1,10,6
G1,2021-04-10,9.296976786238151,4.569513352307135,mm,A,2,1,10,6
G1,2021-04-11,0.1093183266729208,-0.0468894046055548,m,B,2,1,10,6
G1,2021-04-12,9.409425274932069,3.842537646654402,mm,A,2,1,10,6
G1,2021-04-13,108.57734838100639,-45.032852158853515,mm,B,2,1,10,6
G1,2021-04-14,0.009470649508806422,0.004465287787818501,m,A,2,1,10,6
G1,2021-04-15,108.88241771868394,-45.02425603970564,mm,B,2,1,10,6
G1,2021-04-16,8.6978127515798,4.055972454512732,mm,A,2,1,10,6
G1,2021-04-17,0.10851955153257557,-0.04614000295718436,m,B,12,1,10,6
G1,2021-04-18,9.231847818852199,4.62639902253516,mm,A,2,1,10,6
G1,2021-04-19,107.91030080062359,-46.28900126775143,mm,B,2,1,10,6
G1,2021-04-20,0.008597041564709904,0.005451747378349129,m,A,2,1,10,6
G1,2021-04-21,108.17873401604106,-45.03400255093359,mm,B,2,1,10,6
G1,2021-04-22,8.993447658889346,4.354304959130974,mm,A,2,1,10,6
G1,2021-04-23,0.10881530435814456,-0.045497979594205505,m,B,2,1,10,6
G1,2021-04-24,9.465156873192841,4.6322854767130766,mm,A,2,1,10,6
G1,2021-04-25,108.88389046378607,-44.91883940151062,mm,B,2,1,10,6
G1,2021-04-26,0.009287523915488134,0.004477482663751085,m,A,2,1,10,6
G1,2021-04-27,109.35452567296144,-44.890302213952744,mm,B,2,1,10,6
G1,2021-04-28,10.21238510557576,4.355539541623551,mm,A,2,1,10,6
G1,2021-04-29,0.1087712252942419,-0.045597202479526415,m,B,2,1,10,6
G1,2021-04-30,10.390221470524281,5.509825060471133,mm,A,2,1,10,6
G1,2021-05-01,109.37682821561867,-45.060310294519255,mm,B,2,1,10,6
G1,2021-05-02,0.009604652834232279,0.004773980592436481,m,A,2,1,10,6
G1,2021-05-03,108.55264642701195,-45.33827140863644,mm,B,2,1,10,6
G1,2021-05-04,8.94710472270057,2.981695197225921,mm,A,2,1,10,6
G1,2021-05-05,0.10932082278537131,-0.045225631581738056,m,B,2,1,10,6
G1,2021-05-06,9.042979153229355,5.532483492504228,mm,A,2,1,10,6
G1,2021-05-07,108.2380009355394,-45.446110221556545,mm,B,2,1,10,6
G1,2021-05-08,0.008891046015742145,0.003781129273216114,m,A,2,1,10,6
G1,2021-05-09,109.24105633714824,-45.26785612573066,mm,B,2,1,10,6
G1,2021-05-10,9.161304686713878,4.900936213698232,mm,A,2,0,10,6
G1,2021-05-11,0.10907743770446492,-0.04458044785562271,m,B,2,1,10,6
G1,2021-05-12,9.82886312463757,4.345957715296077,mm,A,2,1,10,6
G1,2021-05-13,108.58653132473613,-45.036765030911255,mm,B,2,1,10,6
G1,2021-05-14,0.008312782202807642,0.004411411462538293,m,A,2,1,10,6
G1,2021-05-15,111.12650101790598,-45.607731466210765,mm,B,2,1,10,6
G1,2021-05-16,9.974814193698212,5.562353656428734,mm,A,2,1,10,6
G1,2021-05-17,0.10961238243793088,-0.046254877908455935,m,B,2,1,10,6
G1,2021-05-18,9.927694797790718,4.36379193984302,mm,A,12,1,10,6
G1,2021-05-19,109.02157748834448,-45.36664312824646,mm,B,2,1,10,6
G1,2021-05-20,0.00980042604093332,0.0047452476136230545,m,A,2,1,10,6
G1,2021-05-21,109.02925814034475,-44.609121575476266,mm,B,2,1,10,6
G1,2021-05-22,9.936161845037446,5.425441626549174,mm,A,2,1,10,6
G1,2021-05-23,0.11079707981689173,-0.0451022620615296,m,B,2,1,10,6
G1,2021-05-24,9.241199938480285,5.48011900683176,mm,A,2,1,10,6
G1,2021-05-25,109.5007922406939,-45.22310698008354,mm,B,2,1,10,6
G1,2021-05-26,0.009043029291420675,0.0057817016146677605,m,A,2,1,10,6
G1,2021-05-27,109.27892885759067,-45.14771406041315,mm,B,2,1,10,6
G1,2021-05-28,9.766144257574034,5.489299305200719,mm,A,2,1,10,6
G1,2021-05-29,0.10933581880601712,-0.04573211640379453,m,B,2,1,10,6
G1,2021-05-30,10.334243737516065,4.711760368006007,mm,A,2,1,10,6
G1,2021-05-31,109.55546455159948,-45.37415009949197,mm,B,2,1,10,6
G1,2021-06-01,0.009817937304553857,0.003924974847488215,m,A,2,1,10,6
G1,2021-06-02,109.65236179154053,-44.148550773082185,mm,B,2,1,10,6
G1,2021-06-03,10.129314138907613,4.966275189115749,mm,A,2,1,10,6
G1,2021-06-04,0.11009474730537647,-0.04583115969492642,m,B,2,1,10,6
G1,2021-06-05,9.405779216019997,4.500800852537649,mm,A,2,1,10,6
G1,2021-06-06,110.70334363746692,-44.728188669003174,mm,B,2,1,10,6
G1,2021-06-07,0.008884724102497594,0.004235833843281746,m,A,2,1,10,6
G1,2021-06-08,109.52690982877499,-45.2620961208553,mm,B,2,1,10,6
G1,2021-06-09,10.20506942502261,4.614083553687456,mm,A,2,1,10,6
G1,2021-06-10,0.10957563264674523,-0.04432051368286054,m,B,2,1,10,6
G1,2021-06-11,10.901558781325697,4.306707010865788,mm,A,2,1,10,6
G1,2021-06-12,110.51637687252747,-43.910172780437925,mm,B,2,1,10,6
G1,2021-06-13,0.00938310384456721,0.004554571981222029,m,A,2,1,10,6
G1,2021-06-14,109.44617835700872,-45.48714020382974,mm,B,2,1,10,6
G1,2021-06-15,9.706132032888979,4.575551230836722,mm,A,2,1,10,6
G1,2021-06-16,0.10992047983096721,-0.0447828401849031,m,B,2,1,10,6
G1,2021-06-17,9.572408790240223,5.50656403162581,mm,A,2,1,10,6
G1,2021-06-18,109.7217000820093,-45.50990379063782,mm,B,12,1,10,6
G1,2021-06-19,0.009203736025287882,0.004656090312484182,m,A,2,1,10,6
G1,2021-06-20,109.82961018253481,-44.605978949006776,mm,B,2,1,10,6
G1,2021-06-21,9.951877378163001,4.965204979853025,mm,A,2,1,10,6
G1,2021-06-22,0.11030889102395336,-0.045630691838134486,m,B,2,0,10,6
G1,2021-06-23,9.123052602581474,5.882725074732452,mm,A,2,1,10,6
G1,2021-06-24,109.58348910351715,-45.070619760003964,mm,B,2,1,10,6
G1,2021-06-25,0.01000360577125829,0.004608800007139635,m,A,2,1,10,6
G1,2021-06-26,110.76742888810385,-45.4206492910767,mm,B,2,1,10,6
G1,2021-06-27,11.313108006400778,4.363548302264209,mm,A,2,1,10,6
G1,2021-06-28,0.10948931424570801,-0.044262425949770076,m,B,2,1,10,6
G1,2021-06-29,9.170063822302236,5.03825627135542,mm,A,2,1,10,6
G1,2021-06-30,110.61978873998433,-44.536586014313066,mm,B,2,1,10,6
G1,2021-07-01,0.010245403761933907,0.004796300307280253,m,A,2,1,10,6
G1,2021-07-02,110.10426618880425,-45.01357712104297,mm,B,2,1,10,6
G1,2021-07-03,10.187017259864387,6.226189467014227,mm,A,2,1,10,6
G1,2021-07-04,0.1103065927224597,-0.045739048641589244,m,B,2,1,10,6
G1,2021-07-05,10.937535954829547,6.173189027490824,mm,A,2,1,10,6
G1,2021-07-06,110.02342128718561,-44.19162467909702,mm,B,2,1,10,6
G1,2021-07-07,0.010356676857643205,0.004604381070816375,m,A,2,1,10,6
G1,2021-07-08,109.99357205964424,-46.13550754909183,mm,B,2,1,10,6
G1,2021-07-09,10.45437986017218,5.619839010722077,mm,A,2,1,10,6
G1,2021-07-10,0.11085853756629456,-0.044999797553231996,m,B,2,1,10,6
G1,2021-07-11,9.93227677268267,4.4959742106121325,mm,A,2,1,10,6
G1,2021-07-12,110.4698139524488,-45.96122840735773,mm,B,2,1,10,6
G1,2021-07-13,0.010248228748920344,0.005474566055778439,m,A,2,1,10,6
G1,2021-07-14,109.7621125198761,-45.335212046930586,mm,B,2,1,10,6
G1,2021-07-15,8.106783878056453,3.83971385086931,mm,A,2,1,10,6
G1,2021-07-16,0.11019588416096872,-0.044224879964392345,m,B,2,1,10,6
G1,2021-07-17,10.756580193157475,4.662622244135944,mm,A,2,1,10,6
G1,2021-07-18,109.38064880809813,-46.04157390218698,mm,B,2,1,10,6
G1,2021-07-19,0.009931134260847263,0.005187630803560539,m,A,12,1,10,6
G1,2021-07-20,110.41409114808172,-43.86030509013844,mm,B,2,1,10,6
G1,2021-07-21,9.309927239570394,4.6840531225379,mm,A,2,1,10,6
G1,2021-07-22,0.11067803161396603,-0.04478905723201963,m,B,2,1,10,6
G1,2021-07-23,9.64399744868908,5.740715898957173,mm,A,2,1,10,6
G1,2021-07-24,110.6121616232633,-45.03473988412979,mm,B,2,1,10,6
G1,2021-07-25,0.010832642427910292,0.0053164993896554855,m,A,2,1,10,6
G1,2021-07-26,109.92765690870092,-46.3059550934649,mm,B,2,1,10,6
G1,2021-07-27,10.72283426584185,5.2839578038933235,mm,A,2,1,10,6
G1,2021-07-28,0.11053979178565024,-0.04513030886502594,m,B,2,1,10,6
G1,2021-07-29,9.817238583769429,5.329604184469464,mm,A,2,1,10,6
G1,2021-07-30,110.74940560150806,-45.17631331419927,mm,B,2,1,10,6
G1,2021-07-31,0.010152582316989756,0.0050413984295125495,m,A,2,1,10,6
G1,2021-08-01,109.46666251071065,-44.269592049629864,mm,B,2,1,10,6
G1,2021-08-02,10.215691144169806,5.367730960899332,mm,A,2,1,10,6
G1,2021-08-03,0.11074549976599132,-0.044087855343912165,m,B,2,1,10,6
G1,2021-08-04,9.50674139404285,5.80266427846766,mm,A,2,0,10,6
G1,2021-08-05,109.84516637660617,-45.634640583028784,mm,B,2,1,10,6
G1,2021-08-06,0.00968295705130108,0.005726540197333506,m,A,2,1,10,6
G1,2021-08-07,111.28001468364096,-45.41052164213532,mm,B,2,1,10,6
G1,2021-08-08,10.31464871089459,4.349998372154976,mm,A,2,1,10,6
G1,2021-08-09,0.11087977156766811,-0.04604679943240012,m,B,2,1,10,6
G1,2021-08-10,10.46659696996479,6.13215213986521,mm,A,2,1,10,6
G1,2021-08-11,111.43348960470342,-44.47548045895337,mm,B,2,1,10,6
G1,2021-08-12,0.009594747216895625,0.005306748958132476,m,A,2,1,10,6
G1,2021-08-13,110.8373193135131,-44.690925013637084,mm,B,2,1,10,6
G1,2021-08-14,11.227811525711498,5.363762547736568,mm,A,2,1,10,6
G1,2021-08-15,0.11021054475605357,-0.04545291819751192,m,B,2,1,10,6
G1,2021-08-16,11.18600703095713,4.97082616837818,mm,A,2,1,10,6
G1,2021-08-17,111.10618217231183,-44.82433478809662,mm,B,2,1,10,6
G1,2021-08-18,0.009942944102408572,0.005201000043418645,m,A,2,1,10,6
G1,2021-08-19,109.3932424540332,-44.71327289904172,mm,B,12,1,10,6
G1,2021-08-20,9.467068690902295,5.167144346247823,mm,A,2,1,10,6
G1,2021-08-21,0.11030926723991934,-0.04467572732695534,m,B,2,1,10,6
G1,2021-08-22,10.79759722618957,5.150307340374392,mm,A,2,1,10,6
G1,2021-08-23,110.62270712053667,-44.74030625791545,mm,B,2,1,10,6
G1,2021-08-24,0.010074448093347965,0.005708973206003079,m,A,2,1,10,6
G1,2021-08-25,110.23683284659332,-44.973270522073754,mm,B,2,1,10,6
G1,2021-08-26,9.877318963548891,4.519837487952224,mm,A,2,1,10,6
G1,2021-08-27,0.11067663031596059,-0.04425810977680498,m,B,2,1,10,6
G1,2021-08-28,10.605722911761873,5.973186240779198,mm,A,2,1,10,6
G1,2021-08-29,109.51370489068937,-44.93181031076176,mm,B,2,1,10,6
G1,2021-08-30,0.01086839225406514,0.004569179796873188,m,A,2,1,10,6
G1,2021-08-31,111.18421356120471,-44.44391393120215,mm,B,2,1,10,6
G1,2021-09-01,10.085430634623972,5.876526666103382,mm,A,2,1,10,6
G1,2021-09-02,0.11167744300566981,-0.04427433435569512,m,B,2,1,10,6
G1,2021-09-03,10.42189778556111,5.039010336126157,mm,A,2,1,10,6
G1,2021-09-04,111.47084220980022,-45.317756745655416,mm,B,2,1,10,6
G1,2021-09-05,0.010808362676028967,0.00653582783862461,m,A,2,1,10,6
G1,2021-09-06,111.35309854922382,-44.72031259115292,mm,B,2,1,10,6
G1,2021-09-07,10.810831514753446,5.675518491858759,mm,A,2,1,10,6
G1,2021-09-08,0.11138465824060213,-0.043929047140090965,m,B,2,1,10,6
G1,2021-09-09,12.033360195163304,5.074707861787184,mm,A,2,1,10,6
G1,2021-09-10,110.14723964985512,-44.59372217389159,mm,B,2,1,10,6
G1,2021-09-11,0.011617014644920471,0.004858957446901467,m,A,2,1,10,6
G1,2021-09-12,111.10229795422485,-43.58471881576151,mm,B,2,1,10,6
G1,2021-09-13,10.295938309207036,6.59172627060927,mm,A,2,1,10,6
G1,2021-09-14,0.10993982621217856,-0.04504216243452463,m,B,2,1,10,6
G1,2021-09-15,10.220938528530636,5.633458632171615,mm,A,2,1,10,6
G1,2021-09-16,111.60738400074624,-43.64692301865703,mm,B,2,0,10,6
G1,2021-09-17,0.010600129929404211,0.005450317565166414,m,A,2,1,10,6
G1,2021-09-18,111.80125859821035,-43.33927678318598,mm,B,2,1,10,6
G1,2021-09-19,11.753277321080997,6.421489729795396,mm,A,12,1,10,6
G1,2021-09-20,0.11050508331631179,-0.04346706266302724,m,B,2,1,10,6
G1,2021-09-21,11.581418954273154,6.644774286982178,mm,A,2,1,10,6
G1,2021-09-22,113.07791768154698,-44.80612684834811,mm,B,2,1,10,6
G1,2021-09-23,0.010221879796418124,0.00594840568286486,m,A,2,1,10,6
G1,2021-09-24,110.90899515773027,-45.71235934639732,mm,B,2,1,10,6
G1,2021-09-25,11.304314841014083,6.295377110720842,mm,A,2,1,10,6
G1,2021-09-26,0.1118016939505141,-0.045410352065932615,m,B,2,1,10,6
G1,2021-09-27,10.925229958343506,5.276968967581771,mm,A,2,1,10,6
G1,2021-09-28,110.62935128854552,-45.57344479244967,mm,B,2,1,10,6
G1,2021-09-29,0.011122634053339157,0.006879677046472956,m,A,2,1,10,6
G1,2021-09-30,111.16860145257112,-44.63404143499954,mm,B,2,1,10,6
G1,2021-10-01,12.113841830561906,5.926116178887065,mm,A,2,1,10,6
G1,2021-10-02,0.11173857923369487,-0.04519195409013548,m,B,2,1,10,6
G1,2021-10-03,10.63912857284062,5.318648742983865,mm,A,2,1,10,6
G1,2021-10-04,111.0462594883783,-44.18974230915089,mm,B,2,1,10,6
G1,2021-10-05,0.012132115626381987,0.005561219447131429,m,A,2,1,10,6
G1,2021-10-06,111.13888585534079,-45.07976502324535,mm,B,2,1,10,6
G1,2021-10-07,10.320235068520915,5.721816983009994,mm,A,2,1,10,6
G1,2021-10-08,0.11061763648309615,-0.04442971761691924,m,B,2,1,10,6
G1,2021-10-09,11.794314804059997,5.151433738102775,mm,A,2,1,10,6
G1,2021-10-10,110.6031124868216,-44.55065231674,mm,B,2,1,10,6
G1,2021-10-11,0.012005124322733013,0.00583777071680787,m,A,2,1,10,6
G1,2021-10-12,111.23132226494914,-44.21115066742802,mm,B,2,1,10,6
G1,2021-10-13,10.991919001361472,5.7252063710934245,mm,A,2,1,10,6
G1,2021-10-14,0.1108426600622334,-0.04376447584388183,m,B,2,1,10,6
G1,2021-10-15,10.864344024139248,6.5822303428801145,mm,A,2,1,10,6
G1,2021-10-16,110.97009274769673,-43.93786271029827,mm,B,2,1,10,6
G1,2021-10-17,0.011553392344614192,0.005158568497531992,m,A,2,1,10,6
G1,2021-10-18,110.02807320417988,-45.46436664456983,mm,B,2,1,10,6
G1,2021-10-19,11.425682371153837,5.396037105393265,mm,A,2,1,10,6
G1,2021-10-20,0.11103757903581152,-0.04527927710134644,m,B,12,1,10,6
G1,2021-10-21,10.975930256753937,5.5400751109635715,mm,A,2,1,10,6
G1,2021-10-22,111.88995739670285,-43.28630610220543,mm,B,2,1,10,6
G1,2021-10-23,0.010785875038006775,0.006103164754593764,m,A,2,1,10,6
G1,2021-10-24,111.1751637448186,-44.179966668279704,mm,B,2,1,10,6
G1,2021-10-25,10.921435987002818,5.444389208754897,mm,A,2,1,10,6
G1,2021-10-26,0.11066903071491009,-0.04489072939185533,m,B,2,1,10,6
G1,2021-10-27,11.47071242415686,6.155878873259504,mm,A,2,1,10,6
G1,2021-10-28,111.57753724229242,-43.964584790639776,mm,B,2,1,10,6
G1,2021-10-29,0.01175315949853636,0.005318849404473491,m,A,2,0,10,6
G1,2021-10-30,111.20241632904319,-44.17541553217865,mm,B,2,1,10,6
G1,2021-10-31,10.799739895865992,6.187722492551445,mm,A,2,1,10,6
G1,2021-11-01,0.11251554774200195,-0.044707521693499896,m,B,2,1,10,6
G1,2021-11-02,10.957700444617547,5.168933138008546,mm,A,2,1,10,6
G1,2021-11-03,111.97388220305008,-44.43594527783462,mm,B,2,1,10,6
G1,2021-11-04,0.011797596643636011,0.006177321896718821,m,A,2,1,10,6
G1,2021-11-05,111.3287347897446,-44.26054776798513,mm,B,2,1,10,6
G1,2021-11-06,11.486785377026976,5.326685549642839,mm,A,2,1,10,6
G1,2021-11-07,0.11182756012733254,-0.044987577497203016,m,B,2,1,10,6
G1,2021-11-08,11.837634759907417,5.073511845568071,mm,A,2,1,10,6
G1,2021-11-09,112.29853765382471,-43.67215706364826,mm,B,2,1,10,6
G1,2021-11-10,0.011539410619979418,0.005159062331015423,m,A,2,1,10,6
G1,2021-11-11,111.25752768584864,-44.21746397256533,mm,B,2,1,10,6
G1,2021-11-12,11.916862298454369,5.664650720400389,mm,A,2,1,10,6
G1,2021-11-13,0.11227771170167936,-0.04314533091402151,m,B,2,1,10,6
G1,2021-11-14,11.6225065168654,5.6702014575377175,mm,A,2,1,10,6
G1,2021-11-15,110.73838315796071,-44.400071031629565,mm,B,2,1,10,6
G1,2021-11-16,0.012283931010621113,0.0058392879139280655,m,A,2,1,10,6
G1,2021-11-17,111.49107777762968,-44.235171232320134,mm,B,2,1,10,6
G1,2021-11-18,11.963207758411095,5.0399556001696455,mm,A,2,1,10,6
G1,2021-11-19,0.11088636660223648,-0.04505841800756204,m,B,2,1,10,6
G1,2021-11-20,12.05584841851172,6.003531025842666,mm,A,12,1,10,6
G1,2021-11-21,111.60328487141375,-44.43191500522019,mm,B,2,1,10,6
G1,2021-11-22,0.01248099045306782,0.005293249213114215,m,A,2,1,10,6
G1,2021-11-23,111.04071883827571,-43.08315139558715,mm,B,2,1,10,6
G1,2021-11-24,10.089735340786643,5.273809718176814,mm,A,2,1,10,6
G1,2021-11-25,0.11123275666943878,-0.04517869085284542,m,B,2,1,10,6
G1,2021-11-26,12.043111387692134,5.766012003780078,mm,A,2,1,10,6
G1,2021-11-27,111.13118174334933,-44.67341574700958,mm,B,2,1,10,6
G1,2021-11-28,0.011201676215160397,0.006559717212081432,m,A,2,1,10,6
G1,2021-11-29,111.5676068664367,-43.70289022621279,mm,B,2,1,10,6
G1,2021-11-30,11.899374851778012,6.730133353435919,mm,A,2,1,10,6
G1,2021-12-01,0.11157848469592405,-0.044059566532277376,m,B,2,1,10,6
G1,2021-12-02,11.613241897610534,5.464281636851495,mm,A,2,1,10,6
G1,2021-12-03,111.35525610680324,-43.47135621487758,mm,B,2,1,10,6
G1,2021-12-04,0.01057300803012132,0.0060891107342533725,m,A,2,1,10,6
G1,2021-12-05,112.08932939720576,-44.329546108671536,mm,B,2,1,10,6
G1,2021-12-06,12.546911600630734,6.067243634363353,mm,A,2,1,10,6
G1,2021-12-07,0.11186689210929349,-0.0429219073944772,m,B,2,1,10,6
G1,2021-12-08,12.026908573337808,5.980107579591066,mm,A,2,1,10,6
G1,2021-12-09,112.31750382276587,-43.707133128244884,mm,B,2,1,10,6
G1,2021-12-10,0.01302808321353864,0.006232247093201063,m,A,2,1,10,6
G1,2021-12-11,111.3815648883697,-44.25619511657715,mm,B,2,0,10,6
G1,2021-12-12,11.894390099149357,6.187476110017821,mm,A,2,1,10,6
G1,2021-12-13,0.11216078602563985,-0.044696573948333804,m,B,2,1,10,6
G1,2021-12-14,11.099920117564483,4.688616843857355,mm,A,2,1,10,6
G1,2021-12-15,112.1544159189191,-44.20047867900907,mm,B,2,1,10,6
G1,2021-12-16,0.012590847978138609,0.006471538511311766,m,A,2,1,10,6
G1,2021-12-17,111.49270909406933,-44.947053400962844,mm,B,2,1,10,6
G1,2021-12-18,11.303512432123474,5.465060769566776,mm,A,2,1,10,6
G1,2021-12-19,0.11160815193566671,-0.04332432245992333,m,B,2,1,10,6
G1,2021-12-20,11.263068520333237,5.556408797940058,mm,A,2,1,10,6
G1,2021-12-21,111.70605171001479,-44.35232422404127,mm,B,12,1,10,6
G1,2021-12-22,0.012477281081373044,0.006450921606064385,m,A,2,1,10,6
G1,2021-12-23,111.91236165769595,-43.40543796409226,mm,B,2,1,10,6
G1,2021-12-24,12.151557458197871,5.665626766387923,mm,A,2,1,10,6
G1,2021-12-25,0.11207692745474636,-0.045019416636859606,m,B,2,1,10,6
G1,2021-12-26,12.443631139433728,5.919044132773093,mm,A,2,1,10,6
G1,2021-12-27,111.93170685194676,-45.02176332309351,mm,B,2,1,10,6
G1,2021-12-28,0.011884021753527098,0.0054211260286555684,m,A,2,1,10,6
G1,2021-12-29,112.31752099340034,-44.43958526630569,mm,B,2,1,10,6
G1,2021-12-30,12.785622242908856,5.819600756007955,mm,A,2,1,10,6
G1,2021-12-31,0.11215259967452734,-0.043347171956036774,m,B,2,1,10,6
G1,2022-01-01,11.590533368477644,5.770947727540697,mm,A,2,1,10,6
G1,2022-01-02,113.09725355741162,-43.34404201381028,mm,B,2,1,10,6
G1,2022-01-03,0.012260566569365,0.005379176852633126,m,A,2,1,10,6
G1,2022-01-04,111.79805791416135,-44.248375471878425,mm,B,2,1,10,6
G1,2022-01-05,12.73393495912178,5.428847515523673,mm,A,2,1,10,6
G1,2022-01-06,0.1126809041060905,-0.04448926262888426,m,B,2,1,10,6
G1,2022-01-07,12.480075300318457,6.149128335137008,mm,A,2,1,10,6
G1,2022-01-08,111.96182335758154,-44.31678808845063,mm,B,2,1,10,6
G1,2022-01-09,0.012594596779453241,0.006302443477562282,m,A,2,1,10,6
G1,2022-01-10,113.78560337133959,-44.82854509124812,mm,B,2,1,10,6
G1,2022-01-11,11.838021630056856,6.303331099289609,mm,A,2,1,10,6
G1,2022-01-12,0.11247119724285254,-0.04424749487418721,m,B,2,1,10,6
G1,2022-01-13,13.43909949631631,5.040702311598241,mm,A,2,1,10,6
G1,2022-01-14,112.82374670450227,-43.50432109976799,mm,B,2,1,10,6
G1,2022-01-15,0.012888168705756205,0.004930513194490739,m,A,2,1,10,6
G1,2022-01-16,111.45167842597044,-43.686884345361236,mm,B,2,1,10,6
G1,2022-01-17,11.223250797676144,6.208479634430914,mm,A,2,1,10,6
G1,2022-01-18,0.11225466323518703,-0.043745068063272115,m,B,2,1,10,6
G1,2022-01-19,12.105678371242352,6.500050344881743,mm,A,2,1,10,6
G1,2022-01-20,113.22227466963456,-44.67274228395566,mm,B,2,1,10,6
G1,2022-01-21,0.011023491089848979,0.005662660666179715,m,A,12,1,10,6
G1,2022-01-22,111.77093782527197,-44.21242819957435,mm,B,2,1,10,6
G1,2022-01-23,12.81409641055534,6.024238670252843,mm,A,2,0,10,6
G1,2022-01-24,0.11174929593569063,-0.044328107625837464,m,B,2,1,10,6
G1,2022-01-25,12.675723180557933,5.78192645307827,mm,A,2,1,10,6
G1,2022-01-26,112.60438792164436,-44.05868548346051,mm,B,2,1,10,6
G1,2022-01-27,0.01250786939876498,0.006331918066441642,m,A,2,1,10,6
G1,2022-01-28,111.53164154296257,-43.37674489028874,mm,B,2,1,10,6
G1,2022-01-29,12.968917710082248,6.493113367431926,mm,A,2,1,10,6
G1,2022-01-30,0.11170483488867183,-0.04449646568928856,m,B,2,1,10,6
G1,2022-01-31,11.531458755807952,6.130810122276489,mm,A,2,1,10,6
G1,2022-02-01,111.80975022527444,-43.83426884849548,mm,B,2,1,10,6
G1,2022-02-02,0.012616041341135576,0.006403515762424851,m,A,2,1,10,6
G1,2022-02-03,113.10764454911504,-44.16979124807498,mm,B,2,1,10,6
G1,2022-02-04,12.029466533749485,6.7031626090776095,mm,A,2,1,10,6
G1,2022-02-05,0.11234276565154726,-0.04437686138486824,m,B,2,1,10,6
G1,2022-02-06,12.429798901884004,5.4817496810372095,mm,A,2,1,10,6
G1,2022-02-07,112.97971736169929,-43.86488187622608,mm,B,2,1,10,6
G1,2022-02-08,0.012912385807901886,0.007648005287311751,m,A,2,1,10,6
G1,2022-02-09,112.9828962944214,-44.148814559528816,mm,B,2,1,10,6
G1,2022-02-10,11.355643669074823,6.006700173424788,mm,A,2,1,10,6
G1,2022-02-11,0.11233694983618385,-0.04427257686559456,m,B,2,1,10,6
G1,2022-02-12,11.552974513926689,5.6926711997369095,mm,A,2,1,10,6
G1,2022-02-13,112.45252843949537,-44.00172536415201,mm,B,2,1,10,6
G1,2022-02-14,0.011298818996487827,0.006253165146668294,m,A,2,1,10,6
G1,2022-02-15,112.47278548139278,-43.10232905095303,mm,B,2,1,10,6
G1,2022-02-16,12.037575543548158,6.083630895848264,mm,A,2,1,10,6
G1,2022-02-17,0.11263735144060243,-0.043216729430222804,m,B,2,1,10,6
G1,2022-02-18,13.212620802279737,5.890965169484566,mm,A,2,1,10,6
G1,2022-02-19,111.95494243453687,-42.97040102421006,mm,B,2,1,10,6
G1,2022-02-20,0.012878184496168192,0.0069011192606951224,m,A,2,1,10,6
G1,2022-02-21,113.02778437652464,-42.79382644403019,mm,B,12,1,10,6
G1,2022-02-22,12.662375144497892,5.915730833440914,mm,A,2,1,10,6
G1,2022-02-23,0.11290589770739962,-0.04326447461918256,m,B,2,1,10,6
G1,2022-02-24,13.23992348263452,5.800532902307953,mm,A,2,1,10,6
G1,2022-02-25,111.64017447423294,-43.38412059469983,mm,B,2,1,10,6
G1,2022-02-26,0.011637883041880254,0.0064515286588858285,m,A,2,1,10,6
G1,2022-02-27,113.1260888255991,-43.72807711163468,mm,B,2,1,10,6
G1,2022-02-28,12.985672546649164,6.8033614416699635,mm,A,2,1,10,6
G1,2022-03-01,0.11251189572454824,-0.043893740840952405,m,B,2,1,10,6
G1,2022-03-02,12.972559812606027,6.530648437361512,mm,A,2,1,10,6
G1,2022-03-03,112.88845139477345,-43.95640247325542,mm,B,2,1,10,6
G1,2022-03-04,0.0117262941836619,0.006226797843955782,m,A,2,1,10,6
G1,2022-03-05,113.1259100902093,-43.902717408470515,mm,B,2,1,10,6
G1,2022-03-06,12.735975471968752,4.9880967148484805,mm,A,2,1,10,6
G1,2022-03-07,0.1136524441836575,-0.0435293180927533,m,B,2,0,10,6
G1,2022-03-08,13.191406414785986,6.01330611473108,mm,A,2,1,10,6
G1,2022-03-09,113.46066491156795,-44.32264275597488,mm,B,2,1,10,6
G1,2022-03-10,0.013222633555746346,0.006589245892197655,m,A,2,1,10,6
G1,2022-03-11,112.79469241731503,-42.70316959057323,mm,B,2,1,10,6
G1,2022-03-12,13.086857213216394,6.48177412594563,mm,A,2,1,10,6
G1,2022-03-13,0.11242706615942473,-0.04260919652363132,m,B,2,1,10,6
G1,2022-03-14,11.722576948149408,7.148822153601866,mm,A,2,1,10,6
G1,2022-03-15,112.85438814433229,-43.66099256482909,mm,B,2,1,10,6
G1,2022-03-16,0.012896413271507241,0.0062630531476252325,m,A,2,1,10,6
G1,2022-03-17,113.63590181998948,-42.68620929676022,mm,B,2,1,10,6
G1,2022-03-18,12.4236564304264,6.379184139677981,mm,A,2,1,10,6
G1,2022-03-19,0.11215879441007018,-0.043827965273680276,m,B,2,1,10,6
G1,2022-03-20,12.86490025722283,5.944403136915891,mm,A,2,1,10,6
G1,2022-03-21,113.01688261874645,-43.44517502582785,mm,B,2,1,10,6
G1,2022-03-22,0.013236177014232091,0.005788028091254104,m,A,2,1,10,6
G1,2022-03-23,113.00408099519494,-43.45968712153581,mm,B,2,1,10,6
G1,2022-03-24,12.29158499908509,5.691214434637777,mm,A,12,1,10,6
G1,2022-03-25,0.11230542555825594,-0.04427015191118215,m,B,2,1,10,6
G1,2022-03-26,11.992030020632221,7.14514803564114,mm,A,2,1,10,6
G1,2022-03-27,114.06420122456173,-43.96708912566653,mm,B,2,1,10,6
G1,2022-03-28,0.013717785484739547,0.006884123944470785,m,A,2,1,10,6
G1,2022-03-29,113.0559074115206,-44.32723307566669,mm,B,2,1,10,6
G1,2022-03-30,13.996239917245576,6.905279425640705,mm,A,2,1,10,6
G1,2022-03-31,0.11359567341117881,-0.042203180091479706,m,B,2,1,10,6
G1,2022-04-01,13.133319583597174,7.135177197439015,mm,A,2,1,10,6
G1,2022-04-02,112.61410216367436,-43.20103533424667,mm,B,2,1,10,6
G1,2022-04-03,0.01196607691927108,0.00590383552487012,m,A,2,1,10,6
G1,2022-04-04,113.03238145490906,-42.743629627083955,mm,B,2,1,10,6
G1,2022-04-05,12.620296484870522,6.690212640547802,mm,A,2,1,10,6
G1,2022-04-06,0.11296614113114797,-0.043871206121830236,m,B,2,1,10,6
G1,2022-04-07,12.621456026185824,6.850064043237697,mm,A,2,1,10,6
G1,2022-04-08,112.32237858982504,-43.57463108308661,mm,B,2,1,10,6
G1,2022-04-09,0.013038959706324134,0.006836261510202399,m,A,2,1,10,6
G1,2022-04-10,112.95607461800559,-44.38732629427185,mm,B,2,1,10,6
G1,2022-04-11,12.731354431294413,6.515931270703422,mm,A,2,1,10,6
G1,2022-04-12,0.11279470243111969,-0.04523371190540723,m,B,2,1,10,6
G1,2022-04-13,12.624126738671867,6.726929129662764,mm,A,2,1,10,6
G1,2022-04-14,113.39289777750305,-43.95636366762643,mm,B,2,1,10,6
G1,2022-04-15,0.01300865642027685,0.006505024888513381,m,A,2,1,10,6
G1,2022-04-16,112.85165873678416,-42.5277318645099,mm,B,2,1,10,6
G1,2022-04-17,13.774726382331604,6.698293131590414,mm,A,2,1,10,6
G1,2022-04-18,0.11319261346313568,-0.04255827015275109,m,B,2,1,10,6
G1,2022-04-19,13.227030042316155,8.202867838268073,mm,A,2,0,10,6
G1,2022-04-20,113.29184668708264,-43.92733860234617,mm,B,2,1,10,6
G1,2022-04-21,0.013410701612830289,0.00646077722673391,m,A,2,1,10,6
G1,2022-04-22,112.98143343587292,-43.56523749529886,mm,B,2,1,10,6
G1,2022-04-23,13.747460413353096,7.7076030646912255,mm,A,2,1,10,6
G1,2022-04-24,0.11257556837391702,-0.04383708035185664,m,B,12,1,10,6
G1,2022-04-25,13.039751644131396,6.239885674735033,mm,A,2,1,10,6
G1,2022-04-26,112.85703151143557,-42.11963286224113,mm,B,2,1,10,6
G1,2022-04-27,0.011891672039394794,0.006593298179086539,m,A,2,1,10,6
G1,2022-04-28,113.20861218522663,-44.79106628933434,mm,B,2,1,10,6
G1,2022-04-29,12.954801742743268,6.005788522943428,mm,A,2,1,10,6
G1,2022-04-30,0.11359770007778343,-0.04335587505007572,m,B,2,1,10,6
G1,2022-05-01,12.955929147269998,6.655370721660384,mm,A,2,1,10,6
G1,2022-05-02,113.3883096354817,-42.566316995774415,mm,B,2,1,10,6
G1,2022-05-03,0.014360314053259823,0.00647588447039894,m,A,2,1,10,6
G1,2022-05-04,113.18749574742819,-42.483059843043876,mm,B,2,1,10,6
G1,2022-05-05,13.743710634398838,5.636034208987203,mm,A,2,1,10,6
G1,2022-05-06,0.11347017881494235,-0.042391124858998375,m,B,2,1,10,6
G1,2022-05-07,13.208299339205965,7.514389391949672,mm,A,2,1,10,6
G1,2022-05-08,112.89030528000302,-43.79129339999484,mm,B,2,1,10,6
G1,2022-05-09,0.013446839552563912,0.00703224278458818,m,A,2,1,10,6
G1,2022-05-10,113.013167859872,-43.98748533096564,mm,B,2,1,10,6
G1,2022-05-11,14.214931053646918,7.184194065868954,mm,A,2,1,10,6
G1,2022-05-12,0.11407394017343944,-0.04356811720819735,m,B,2,1,10,6
G1,2022-05-13,13.475153756470407,6.491956838165113,mm,A,2,1,10,6
G1,2022-05-14,113.4732520340258,-43.92609807871495,mm,B,2,1,10,6
G1,2022-05-15,0.014205485831925428,0.0072197110645394694,m,A,2,1,10,6
G1,2022-05-16,112.97804402756215,-43.326139509995926,mm,B,2,1,10,6
G1,2022-05-17,13.940347813216004,6.403543218182851,mm,A,2,1,10,6
G1,2022-05-18,0.11309119841579501,-0.043436162265819325,m,B,2,1,10,6
G1,2022-05-19,13.700780555964181,7.319483575517104,mm,A,2,1,10,6
G1,2022-05-20,113.4106336889316,-42.89286594155303,mm,B,2,1,10,6
G1,2022-05-21,0.014376867156255692,0.007960311994217237,m,A,2,1,10,6
G1,2022-05-22,113.59099245604989,-42.50580966853782,mm,B,2,1,10,6
G1,2022-05-23,13.802017426495892,6.451352615683546,mm,A,2,1,10,6
G1,2022-05-24,0.11338824608178819,-0.043987272648434425,m,B,2,1,10,6
G1,2022-05-25,12.975111648600505,7.391076636485405,mm,A,12,1,10,6
G1,2022-05-26,114.25165161164851,-43.408838279992445,mm,B,2,1,10,6
G1,2022-05-27,0.013855696356156728,0.005755642935129131,m,A,2,1,10,6
G1,2022-05-28,113.35717150602906,-43.25263380398758,mm,B,2,1,10,6
G1,2022-05-29,13.387756576320436,7.243905886688696,mm,A,2,1,10,6
G1,2022-05-30,0.11402008340256314,-0.042826732730302415,m,B,2,1,10,6
G1,2022-05-31,13.450802340781477,5.933874082485557,mm,A,2,1,10,6
G1,2022-06-01,112.96413009836385,-43.16801755120831,mm,B,2,0,10,6
G1,2022-06-02,0.012704300571040463,0.00675071618943204,m,A,2,1,10,6
G1,2022-06-03,113.10896757130608,-43.40928142805947,mm,B,2,1,10,6
G1,2022-06-04,13.479117564271366,6.710134355762501,mm,A,2,1,10,6
G1,2022-06-05,0.11404337707789382,-0.04315394083950654,m,B,2,1,10,6
G1,2022-06-06,12.689759827873244,6.422679813877534,mm,A,2,1,10,6
G1,2022-06-07,113.59466549890774,-43.06787939527169,mm,B,2,1,10,6
G1,2022-06-08,0.012922425095244045,0.006798708354502557,m,A,2,1,10,6
G1,2022-06-09,113.28763697569231,-42.977814828894914,mm,B,2,1,10,6
G1,2022-06-10,13.672292182352935,6.5611166249539705,mm,A,2,1,10,6
G1,2022-06-11,0.11266957477854538,-0.043765982610494615,m,B,2,1,10,6
G1,2022-06-12,14.154852795128548,5.706413257883528,mm,A,2,1,10,6
G1,2022-06-13,113.47535683521464,-43.481494294783786,mm,B,2,1,10,6
G1,2022-06-14,0.014234300638507441,0.005829340790584427,m,A,2,1,10,6
G1,2022-06-15,114.31632921184243,-43.34282339079401,mm,B,2,1,10,6
G1,2022-06-16,13.170945913686541,5.828466808095259,mm,A,2,1,10,6
G1,2022-06-17,0.11400153332480487,-0.042443923113869624,m,B,2,1,10,6
G1,2022-06-18,14.3003408986756,7.112307637483777,mm,A,2,1,10,6
G1,2022-06-19,113.82417460705906,-43.29668834097107,mm,B,2,1,10,6
G1,2022-06-20,0.015172815068979812,0.007856799935293292,m,A,2,1,10,6
G1,2022-06-21,113.1243164202977,-43.00328699785088,mm,B,2,1,10,6
G1,2022-06-22,12.760139666817729,6.659234087301142,mm,A,2,1,10,6
G1,2022-06-23,0.11310867969354652,-0.04230848589471463,m,B,2,1,10,6
G1,2022-06-24,14.245839899892873,6.537425045578219,mm,A,2,1,10,6
G1,2022-06-25,114.18086736323333,-42.59599950521262,mm,B,12,1,10,6
G1,2022-06-26,0.013643228964220626,0.007804877492636353,m,A,2,1,10,6
G1,2022-06-27,114.07400874110262,-43.9815300256012,mm,B,2,1,10,6
G1,2022-06-28,13.242628177037766,6.614163761627309,mm,A,2,1,10,6
G1,2022-06-29,0.11279693318507553,-0.04272093600778864,m,B,2,1,10,6
G1,2022-06-30,14.484113828236,6.901294443233069,mm,A,2,1,10,6
G1,2022-07-01,113.00658513944731,-43.11660167764626,mm,B,2,1,10,6
G1,2022-07-02,0.014105968580832864,0.0076179446599620336,m,A,2,1,10,6
G1,2022-07-03,114.8365529042774,-41.94133258960497,mm,B,2,1,10,6
G1,2022-07-04,14.188102787243922,7.286935497852859,mm,A,2,1,10,6
G1,2022-07-05,0.11361335401069428,-0.04292432150036411,m,B,2,1,10,6
G1,2022-07-06,13.772090128736629,6.190068744374506,mm,A,2,1,10,6
G1,2022-07-07,114.74415256818642,-43.702726389839206,mm,B,2,1,10,6
G1,2022-07-08,0.013955743147442034,0.006344609134715295,m,A,2,1,10,6
G1,2022-07-09,114.4819285244665,-43.87737705942567,mm,B,2,1,10,6
G1,2022-07-10,14.584225977601553,7.383088986827325,mm,A,2,1,10,6
G1,2022-07-11,0.1133288111405524,-0.0418012361921835,m,B,2,1,10,6
G1,2022-07-12,13.76449428630962,7.2909106767958285,mm,A,2,1,10,6
G1,2022-07-13,114.58329384385183,-42.907789569121135,mm,B,2,1,10,6
G1,2022-07-14,0.014142543320729908,0.007322322531485991,m,A,2,0,10,6
G1,2022-07-15,114.30231864123309,-42.793694869646096,mm,B,2,1,10,6
G1,2022-07-16,13.917965274151474,6.25248655168376,mm,A,2,1,10,6
G1,2022-07-17,0.11461897769460752,-0.04202914513440949,m,B,2,1,10,6
G1,2022-07-18,13.780558772510897,8.28863986304636,mm,A,2,1,10,6
G1,2022-07-19,113.79986008782765,-43.57858504983696,mm,B,2,1,10,6
G1,2022-07-20,0.014635509066329792,0.006915088464426792,m,A,2,1,10,6
G1,2022-07-21,114.08882984528137,-43.54310929433325,mm,B,2,1,10,6
G1,2022-07-22,15.386276890335473,7.584854183853723,mm,A,2,1,10,6
G1,2022-07-23,0.1139821295609982,-0.04214739481961478,m,B,2,1,10,6
G1,2022-07-24,14.344518616030587,6.681907330440075,mm,A,2,1,10,6
G1,2022-07-25,114.05627111622744,-42.63868705080294,mm,B,2,1,10,6
G1,2022-07-26,0.015726340804562818,0.006806499339510345,m,A,12,1,10,6
G1,2022-07-27,114.39153984064207,-42.859596434173724,mm,B,2,1,10,6
G1,2022-07-28,13.834160769801233,6.820416095717135,mm,A,2,1,10,6
G1,2022-07-29,0.11431801563198725,-0.042468475874840976,m,B,2,1,10,6
G1,2022-07-30,15.017989852749785,7.6149998242898835,mm,A,2,1,10,6
G1,2022-07-31,114.46871351626855,-41.72076767559174,mm,B,2,1,10,6
G1,2022-08-01,0.014884615487783828,0.006499943963180337,m,A,2,1,10,6
G1,2022-08-02,115.06352727697356,-42.45546205535528,mm,B,2,1,10,6
G1,2022-08-03,13.540419745285275,7.842960216900363,mm,A,2,1,10,6
G1,2022-08-04,0.11445442926485644,-0.042269371488503876,m,B,2,1,10,6
G1,2022-08-05,14.438287995709992,6.983687735769416,mm,A,2,1,10,6
G1,2022-08-06,114.2942415327726,-42.35486171957083,mm,B,2,1,10,6
G1,2022-08-07,0.015169535762054034,0.0076108426439826,m,A,2,1,10,6
G1,2022-08-08,115.2555328932513,-42.3144189726485,mm,B,2,1,10,6
G1,2022-08-09,14.231331371993939,6.6689145527239715,mm,A,2,1,10,6
G1,2022-08-10,0.11505486969133075,-0.042654674044971044,m,B,2,1,10,6
G1,2022-08-11,13.975255301058425,7.510377515642323,mm,A,2,1,10,6
G1,2022-08-12,114.09626968646864,-42.785298627996795,mm,B,2,1,10,6
G1,2022-08-13,0.015726934219998576,0.006444613757958727,m,A,2,1,10,6
G1,2022-08-14,114.50875390846585,-42.462520599514704,mm,B,2,1,10,6
G1,2022-08-15,13.593526654338746,7.877257562207791,mm,A,2,1,10,6
G1,2022-08-16,0.11537381122561005,-0.042250978009377715,m,B,2,1,10,6
G1,2022-08-17,14.062208461636994,6.992344361049957,mm,A,2,1,10,6
G1,2022-08-18,114.62582361280721,-42.18533485137132,mm,B,2,1,10,6
G1,2022-08-19,0.014895049326455627,0.006912267122571572,m,A,2,1,10,6
G1,2022-08-20,114.45881737087322,-41.0203623192563,mm,B,2,1,10,6
G1,2022-08-21,14.813446330921902,7.264133623287904,mm,A,2,1,10,6
G1,2022-08-22,0.11466823430339836,-0.04219307496547317,m,B,2,1,10,6
G1,2022-08-23,15.119333611266734,6.770616587582665,mm,A,2,1,10,6
G1,2022-08-24,113.85836088997183,-42.251590498908854,mm,B,2,1,10,6
G1,2022-08-25,0.014431631842005414,0.007205368276636151,m,A,2,1,10,6
G1,2022-08-26,114.69557923689119,-42.638808472988956,mm,B,12,0,10,6
G1,2022-08-27,14.211013617214462,6.94191321830766,mm,A,2,1,10,6
G1,2022-08-28,0.11488212036092471,-0.042867895096869564,m,B,2,1,10,6
G1,2022-08-29,14.29937146275659,6.602257875411583,mm,A,2,1,10,6
G1,2022-08-30,115.0438437706197,-41.56806963773816,mm,B,2,1,10,6
G1,2022-08-31,0.015381310921853556,0.007668100518294679,m,A,2,1,10,6
G1,2022-09-01,114.94341723623363,-43.37678763494169,mm,B,2,1,10,6
G1,2022-09-02,15.012907767531473,7.954255261385873,mm,A,2,1,10,6
G1,2022-09-03,0.11501127465604767,-0.04337929372737961,m,B,2,1,10,6
G1,2022-09-04,14.79357801357184,6.882459715673379,mm,A,2,1,10,6
G1,2022-09-05,114.8358114467203,-42.23760718449371,mm,B,2,1,10,6
G1,2022-09-06,0.01428783034966773,0.007872798454688757,m,A,2,1,10,6
G1,2022-09-07,114.90127750534616,-43.7042025124908,mm,B,2,1,10,6
G1,2022-09-08,15.199470868241532,6.488512518542747,mm,A,2,1,10,6
G1,2022-09-09,0.11475070929499738,-0.04310735959439728,m,B,2,1,10,6
G1,2022-09-10,15.098941319543556,6.486167817828804,mm,A,2,1,10,6
G1,2022-09-11,113.97247707585983,-42.98643512915865,mm,B,2,1,10,6
G1,2022-09-12,0.014975708497986982,0.007264580808337628,m,A,2,1,10,6
G1,2022-09-13,115.05817811201406,-42.39914576045227,mm,B,2,1,10,6
G1,2022-09-14,14.384567769456435,8.180925826126531,mm,A,2,1,10,6
G1,2022-09-15,0.11575256452421001,-0.04237244952118018,m,B,2,1,10,6
G1,2022-09-16,15.273269524889125,6.513107616940424,mm,A,2,1,10,6
G1,2022-09-17,115.95994878654074,-42.21701209952316,mm,B,2,1,10,6
G1,2022-09-18,0.015134831130834761,0.006714026880149494,m,A,2,1,10,6
G1,2022-09-19,115.64148438988238,-42.50009821305822,mm,B,2,1,10,6
G1,2022-09-20,15.262529548363968,7.917022922630469,mm,A,2,1,10,6
G1,2022-09-21,0.1150383273176215,-0.042466366392849134,m,B,2,1,10,6
G1,2022-09-22,14.892883322967979,7.648695617410132,mm,A,2,1,10,6
G1,2022-09-23,114.44379715877764,-42.03694000673237,mm,B,2,1,10,6
G1,2022-09-24,0.014969158736020378,0.007778520907024582,m,A,2,1,10,6
G1,2022-09-25,115.31807000996358,-40.85398195755763,mm,B,2,1,10,6
G1,2022-09-26,15.468738005957496,7.215000735717918,mm,A,12,1,10,6
G1,2022-09-27,0.11472357782567515,-0.04232564714747543,m,B,2,1,10,6
G1,2022-09-28,15.200896884739004,7.8207652535523575,mm,A,2,1,10,6
G1,2022-09-29,114.96343292659532,-42.89052032299074,mm,B,2,1,10,6
G1,2022-09-30,0.014699028242710537,0.007840610956715025,m,A,2,1,10,6
G1,2022-10-01,115.46580481764504,-41.640353279537685,mm,B,2,1,10,6
G1,2022-10-02,15.481944609112134,7.125451020540045,mm,A,2,1,10,6
G1,2022-10-03,0.11527953486153371,-0.04192859862545082,m,B,2,1,10,6
G1,2022-10-04,14.698193200276295,8.959622825599237,mm,A,2,1,10,6
G1,2022-10-05,115.61065622837931,-43.35433004199585,mm,B,2,1,10,6
G1,2022-10-06,0.015433263528453317,0.006118430451302756,m,A,2,1,10,6
G1,2022-10-07,115.2600800484521,-42.46964839203811,mm,B,2,1,10,6
G1,2022-10-08,14.717845977868647,7.446282292552817,mm,A,2,0,10,6
G1,2022-10-09,0.11421425800869293,-0.043486340267396124,m,B,2,1,10,6
G1,2022-10-10,14.788521066536646,7.19629178050371,mm,A,2,1,10,6
G1,2022-10-11,114.76366588424068,-42.702733306815986,mm,B,2,1,10,6
G1,2022-10-12,0.014711352583958802,0.007426990593201258,m,A,2,1,10,6
G1,2022-10-13,114.70341104233242,-40.91051279087195,mm,B,2,1,10,6
G1,2022-10-14,15.100730773742033,6.752621754973933,mm,A,2,1,10,6
G1,2022-10-15,0.11429487380346244,-0.041418101560003064,m,B,2,1,10,6
G1,2022-10-16,14.627368379228674,7.200591973601892,mm,A,2,1,10,6
G1,2022-10-17,114.98232107344548,-42.93324019219687,mm,B,2,1,10,6
G1,2022-10-18,0.015039490740281058,0.007137726619001523,m,A,2,1,10,6
G1,2022-10-19,115.00916071746605,-42.82095520239229,mm,B,2,1,10,6
G1,2022-10-20,14.597943855756213,8.755947608045041,mm,A,2,1,10,6
G1,2022-10-21,0.11400577484381344,-0.04267479495628939,m,B,2,1,10,6
G1,2022-10-22,14.636004531935976,8.152568086501857,mm,A,2,1,10,6
G1,2022-10-23,114.2294887975879,-41.75672173444133,mm,B,2,1,10,6
G1,2022-10-24,0.015205664361664427,0.007220595860850857,m,A,2,1,10,6
G1,2022-10-25,114.62450751038209,-42.28612464549077,mm,B,2,1,10,6
G1,2022-10-26,15.005294785476382,7.614369362886569,mm,A,2,1,10,6
G1,2022-10-27,0.11602635426333724,-0.04299127838615674,m,B,12,1,10,6
G1,2022-10-28,16.29533898382531,7.87222321776141,mm,A,2,1,10,6
G1,2022-10-29,115.41250241066727,-42.54473848703558,mm,B,2,1,10,6
G1,2022-10-30,0.015340257167717338,0.007345060367448409,m,A,2,1,10,6
G1,2022-10-31,114.43982396726855,-43.38774299794343,mm,B,2,1,10,6
G1,2022-11-01,14.080617626744594,6.535202145492883,mm,A,2,1,10,6
G1,2022-11-02,0.11555701905492849,-0.04278866319623691,m,B,2,1,10,6
G1,2022-11-03,15.442180976936173,7.300469257669128,mm,A,2,1,10,6
G1,2022-11-04,116.2157222638052,-42.21122597692759,mm,B,2,1,10,6
G1,2022-11-05,0.016100203300375326,0.007461487525435414,m,A,2,1,10,6
G1,2022-11-06,114.69010174635584,-41.70110326280238,mm,B,2,1,10,6
G1,2022-11-07,15.21211240789187,7.555630932006853,mm,A,2,1,10,6
G1,2022-11-08,0.11563870656138507,-0.04140745768355793,m,B,2,1,10,6
G1,2022-11-09,15.851959964558375,6.65894921508855,mm,A,2,1,10,6
G1,2022-11-10,114.04928386402858,-42.87001128665042,mm,B,2,1,10,6
G1,2022-11-11,0.015626320965855936,0.007125181191198414,m,A,2,1,10,6
G1,2022-11-12,114.79012284507591,-42.73358004284625,mm,B,2,1,10,6
G1,2022-11-13,14.783596708037981,7.217055620869859,mm,A,2,1,10,6
G1,2022-11-14,0.11468069351751607,-0.041695313357058034,m,B,2,1,10,6
G1,2022-11-15,15.603174803837454,7.500565587585192,mm,A,2,1,10,6
G1,2022-11-16,116.4033898692602,-41.6676818399412,mm,B,2,1,10,6
G1,2022-11-17,0.016763386426152407,0.0075461963769647596,m,A,2,1,10,6
G1,2022-11-18,115.84210840245991,-42.25543323418058,mm,B,2,1,10,6
G1,2022-11-19,15.972234182628794,6.60813633516741,mm,A,2,1,10,6
G1,2022-11-20,0.1161462435183256,-0.04260593711224253,m,B,2,0,10,6
G1,2022-11-21,16.46432400191474,7.227447833098456,mm,A,2,1,10,6
G1,2022-11-22,115.52118453643286,-42.56143923129961,mm,B,2,1,10,6
G1,2022-11-23,0.016073730064522857,0.006624287795381939,m,A,2,1,10,6
G1,2022-11-24,115.7163276010644,-42.16086781367252,mm,B,2,1,10,6
G1,2022-11-25,15.39308713390536,7.868720367491949,mm,A,2,1,10,6
G1,2022-11-26,0.11491755089660682,-0.04227817238063616,m,B,2,1,10,6
G1,2022-11-27,16.818296020610752,8.127829402409551,mm,A,12,1,10,6
G1,2022-11-28,116.25837137937047,-42.55578550420294,mm,B,2,1,10,6
G1,2022-11-29,0.015087379672033129,0.00756978405054705,m,A,2,1,10,6
G1,2022-11-30,114.85523019504944,-41.31792827119148,mm,B,2,1,10,6
G1,2022-12-01,16.070838102519886,8.35845705906,mm,A,2,1,10,6
G1,2022-12-02,0.11551463316428587,-0.041378114448251985,m,B,2,1,10,6
G1,2022-12-03,16.862805692753525,8.117125504074806,mm,A,2,1,10,6
G1,2022-12-04,116.11664288099313,-42.785217239542845,mm,B,2,1,10,6
G1,2022-12-05,0.014649358797858529,0.007908956908804003,m,A,2,1,10,6
G1,2022-12-06,115.17326896542437,-42.63498578311375,mm,B,2,1,10,6
G1,2022-12-07,15.942581457171494,8.233854753982039,mm,A,2,1,10,6
G1,2022-12-08,0.11547710047868834,-0.04279857639022885,m,B,2,1,10,6
G1,2022-12-09,15.612890934934997,8.969785167703261,mm,A,2,1,10,6
G1,2022-12-10,115.28049316717224,-41.96792624131314,mm,B,2,1,10,6
G1,2022-12-11,0.01533333877631718,0.007220406519808301,m,A,2,1,10,6
G1,2022-12-12,116.23862393301826,-42.137806601504245,mm,B,2,1,10,6
G1,2022-12-13,15.218306972050527,7.227725459203071,mm,A,2,1,10,6
G1,2022-12-14,0.1143063077302875,-0.04327498588841923,m,B,2,1,10,6
G1,2022-12-15,15.559323233266579,8.419222911027132,mm,A,2,1,10,6
G1,2022-12-16,115.7649606186877,-42.461569109331975,mm,B,2,1,10,6
G1,2022-12-17,0.014862761574465956,0.007380543000319238,m,A,2,1,10,6
G1,2022-12-18,117.27170986984984,-41.98750412125632,mm,B,2,1,10,6
G1,2022-12-19,14.942295747415576,8.122279743883544,mm,A,2,1,10,6
G1,2022-12-20,0.11599935392389686,-0.04290517527916943,m,B,2,1,10,6
G1,2022-12-21,15.1467204194119,7.780090285079716,mm,A,2,1,10,6
G1,2022-12-22,115.78538107680913,-41.7792674922642,mm,B,2,1,10,6
G1,2022-12-23,0.015410085716411124,0.008525108288982793,m,A,2,1,10,6
G1,2022-12-24,116.32617061212582,-41.741251872403346,mm,B,2,1,10,6
G1,2022-12-25,15.821453312696178,9.02111530303957,mm,A,2,1,10,6
G1,2022-12-26,0.11627031630117224,-0.041991909883059064,m,B,2,1,10,6
G1,2022-12-27,16.39820490887095,8.435195420251226,mm,A,2,1,10,6
G1,2022-12-28,115.6616596478847,-42.21395365879924,mm,B,12,1,10,6
G1,2022-12-29,0.015951197449187323,0.008771828410077943,m,A,2,1,10,6
G1,2022-12-30,115.63311404590135,-41.49353749117666,mm,B,2,1,10,6
G1,2022-12-31,16.163023598065973,8.231068666886028,mm,A,2,1,10,6
G1,2023-01-01,0.11608332159015938,-0.04236626531033603,m,B,2,1,10,6
G1,2023-01-02,15.238513104766863,8.66525840450021,mm,A,2,0,10,6
G1,2023-01-03,116.70306126879552,-42.27563294654361,mm,B,2,1,10,6
G1,2023-01-04,0.015280251399138597,0.008436863109654252,m,A,2,1,10,6
G1,2023-01-05,116.26854218575119,-41.86893226214661,mm,B,2,1,10,6
G1,2023-01-06,16.25570526834634,8.50619830636255,mm,A,2,1,10,6
G1,2023-01-07,0.11660421293086853,-0.042206620578172455,m,B,2,1,10,6
G1,2023-01-08,16.51713920872843,7.8903002865539325,mm,A,2,1,10,6
G1,2023-01-09,116.44247927690239,-42.65975737086768,mm,B,2,1,10,6
G1,2023-01-10,0.015235381684720498,0.007508348807677426,m,A,2,1,10,6
G1,2023-01-11,117.40467249125258,-42.026150843845535,mm,B,2,1,10,6
G1,2023-01-12,15.563241390664551,7.824530020392705,mm,A,2,1,10,6
G1,2023-01-13,0.11627553061628668,-0.042077069019674444,m,B,2,1,10,6
G1,2023-01-14,17.262269627353547,8.611878827695733,mm,A,2,1,10,6
G1,2023-01-15,115.8695156471495,-42.69941235687902,mm,B,2,1,10,6
G1,2023-01-16,0.016489819961077675,0.008633748466782807,m,A,2,1,10,6
G1,2023-01-17,116.99227688020649,-41.40883881403266,mm,B,2,1,10,6
G1,2023-01-18,15.574885660578309,9.232537754518198,mm,A,2,1,10,6
G1,2023-01-19,0.11604184902839836,-0.041488258277821384,m,B,2,1,10,6
G1,2023-01-20,16.042621714167108,8.282301184014443,mm,A,2,1,10,6
G1,2023-01-21,115.7575938747353,-42.07252695111024,mm,B,2,1,10,6
G1,2023-01-22,0.016475416651471946,0.008405920000888079,m,A,2,1,10,6
G1,2023-01-23,116.98757802333427,-42.16197737693374,mm,B,2,1,10,6
G1,2023-01-24,15.984490619942347,8.356776019021341,mm,A,2,1,10,6
G1,2023-01-25,0.11723632716480116,-0.041382266401955976,m,B,2,1,10,6
G1,2023-01-26,16.87873794629929,9.440274601631994,mm,A,2,1,10,6
G1,2023-01-27,115.86263420087715,-42.18974546241073,mm,B,2,1,10,6
G1,2023-01-28,0.016269697231226517,0.008978927859258766,m,A,12,1,10,6
G1,2023-01-29,116.42930511937978,-41.15620155866584,mm,B,2,1,10,6
G1,2023-01-30,16.304966337263885,8.681513723201714,mm,A,2,1,10,6
G1,2023-01-31,0.11667164816723875,-0.04218671627581927,m,B,2,1,10,6
G1,2023-02-01,16.67359948365959,8.76241416768189,mm,A,2,1,10,6
G1,2023-02-02,116.31497764772085,-42.41107015173851,mm,B,2,1,10,6
G1,2023-02-03,0.016490675788595272,0.008365938189224575,m,A,2,1,10,6
G1,2023-02-04,116.97203500584739,-42.48977466116093,mm,B,2,1,10,6
G1,2023-02-05,16.44460015976523,8.41669789840484,mm,A,2,1,10,6
G1,2023-02-06,0.11680756799179974,-0.04145352658981736,m,B,2,1,10,6
G1,2023-02-07,16.025242216725182,8.86238734341888,mm,A,2,1,10,6
G1,2023-02-08,116.54270149286606,-41.32829336411853,mm,B,2,1,10,6
G1,2023-02-09,0.0170972794020921,0.007765715972805227,m,A,2,1,10,6
G1,2023-02-10,117.69949908133731,-41.95597686664803,mm,B,2,1,10,6
G1,2023-02-11,15.000016805451411,7.572497801365056,mm,A,2,1,10,6
G1,2023-02-12,0.11613688480794693,-0.04148096957617303,m,B,2,1,10,6
G1,2023-02-13,17.15823665784392,7.784839086382423,mm,A,2,1,10,6
G1,2023-02-14,116.40146150396622,-41.77715981459666,mm,B,2,0,10,6
G1,2023-02-15,0.01695871454563557,0.00777617313342253,m,A,2,1,10,6
G1,2023-02-16,117.36681874357346,-40.77988143706371,mm,B,2,1,10,6
G1,2023-02-17,16.719872653120255,8.155392247396678,mm,A,2,1,10,6
G1,2023-02-18,0.11695909983607419,-0.042272680836251623,m,B,2,1,10,6
G1,2023-02-19,16.044676193323365,8.959389700751307,mm,A,2,1,10,6
G1,2023-02-20,115.69251685247792,-42.72074264953798,mm,B,2,1,10,6
G1,2023-02-21,0.016492514945696413,0.008032653267876727,m,A,2,1,10,6
G1,2023-02-22,117.17112137192146,-41.91211945317032,mm,B,2,1,10,6
G1,2023-02-23,16.89284126110907,8.77550873732982,mm,A,2,1,10,6
G1,2023-02-24,0.11640939077880065,-0.042112208580744964,m,B,2,1,10,6
G1,2023-02-25,17.437347337092174,8.499621246320164,mm,A,2,1,10,6
G1,2023-02-26,115.77532770055838,-41.70407520845443,mm,B,2,1,10,6
G1,2023-02-27,0.017107818495534523,0.007731507572564995,m,A,2,1,10,6
G1,2023-02-28,116.1119934236237,-41.38218917384877,mm,B,12,1,10,6
G1,2023-03-01,17.116100096416158,8.756475413576801,mm,A,2,1,10,6
G1,2023-03-02,0.11719151454981372,-0.04107105895227854,m,B,2,1,10,6
G1,2023-03-03,16.91518620286061,8.520192444238269,mm,A,2,1,10,6
G1,2023-03-04,115.69321266330084,-40.70042963230731,mm,B,2,1,10,6
G1,2023-03-05,0.016274961835919144,0.009533663079149001,m,A,2,1,10,6
G1,2023-03-06,117.58365104431564,-41.70463898240377,mm,B,2,1,10,6
G1,2023-03-07,16.759269434939316,8.289740990782475,mm,A,2,1,10,6
G1,2023-03-08,0.11731322395756855,-0.04206827160319147,m,B,2,1,10,6
G1,2023-03-09,17.430945453613116,8.827931570030872,mm,A,2,1,10,6
G1,2023-03-10,115.7424385607447,-41.00755069974331,mm,B,2,1,10,6
G1,2023-03-11,0.01764534117071302,0.007772364838342897,m,A,2,1,10,6
G1,2023-03-12,116.31568082037396,-40.90961473698431,mm,B,2,1,10,6
G1,2023-03-13,16.496777424075624,8.606925758903573,mm,A,2,1,10,6
G1,2023-03-14,0.11732911794825923,-0.04161681898311385,m,B,2,1,10,6
G1,2023-03-15,17.27478318180141,9.354198201836855,mm,A,2,1,10,6
G1,2023-03-16,116.76855589846738,-42.93891333490302,mm,B,2,1,10,6
G1,2023-03-17,0.016747684297655798,0.007860769569323994,m,A,2,1,10,6
G1,2023-03-18,116.83677274513471,-41.344212426925296,mm,B,2,1,10,6
G1,2023-03-19,17.03671959941503,8.677270463979575,mm,A,2,1,10,6
G1,2023-03-20,0.11649116686055655,-0.04195527635889874,m,B,2,1,10,6
G1,2023-03-21,16.23459661224887,9.055805514589888,mm,A,2,1,10,6
G1,2023-03-22,116.31194445073059,-42.24401025290733,mm,B,2,1,10,6
G1,2023-03-23,0.016630345191786793,0.008491133998436057,m,A,2,1,10,6
G1,2023-03-24,116.99307556884887,-41.79351399968476,mm,B,2,1,10,6
G1,2023-03-25,16.100360759955738,9.38591543562244,mm,A,2,1,10,6
G1,2023-03-26,0.11727103251291669,-0.04186608550311125,m,B,2,1,10,6
G1,2023-03-27,17.027964377086988,7.568406200700593,mm,A,2,1,10,6
G1,2023-03-28,116.87651277704092,-41.44529377750258,mm,B,2,1,10,6
G1,2023-03-29,0.017219691874323047,0.009495426382549356,m,A,2,0,10,6
G1,2023-03-30,116.5619237597725,-41.21684977168545,mm,B,2,1,10,6
G1,2023-03-31,17.492257179239463,8.694882362307407,mm,A,12,1,10,6
G1,2023-04-01,0.1168727003164879,-0.042105338481292755,m,B,2,1,10,6
G1,2023-04-02,16.598254826221662,8.978289686503004,mm,A,2,1,10,6
G1,2023-04-03,115.47294867950575,-42.3922939762922,mm,B,2,1,10,6
G1,2023-04-04,0.017030289471108052,0.009096689164793944,m,A,2,1,10,6
G1,2023-04-05,117.99544671081426,-41.796046062206884,mm,B,2,1,10,6
G1,2023-04-06,17.17509583249295,7.923976236189284,mm,A,2,1,10,6
G1,2023-04-07,0.11645010382729915,-0.04084498867986012,m,B,2,1,10,6
G1,2023-04-08,16.593438235704266,7.703179029224408,mm,A,2,1,10,6
G1,2023-04-09,117.91231564275877,-42.55326704591252,mm,B,2,1,10,6
G1,2023-04-10,0.01703151178759436,0.008916199231318563,m,A,2,1,10,6
G1,2023-04-11,116.91278366094916,-42.27234858203788,mm,B,2,1,10,6
G1,2023-04-12,17.191023480958275,8.93594578039966,mm,A,2,1,10,6
G1,2023-04-13,0.1166004500339209,-0.041954670998635306,m,B,2,1,10,6
G1,2023-04-14,16.85804045111759,7.608873220165519,mm,A,2,1,10,6
G1,2023-04-15,116.81751248616187,-41.149747925634294,mm,B,2,1,10,6
G1,2023-04-16,0.0179436195597355,0.009886125891274484,m,A,2,1,10,6
G1,2023-04-17,116.7000243062366,-41.63394332914988,mm,B,2,1,10,6
G1,2023-04-18,18.630036814366818,7.80177519112816,mm,A,2,1,10,6
G1,2023-04-19,0.11620170422856929,-0.04213326967476964,m,B,2,1,10,6
G1,2023-04-20,16.757036481307235,7.97423941908736,mm,A,2,1,10,6
G1,2023-04-21,117.46860177438526,-40.92065002106882,mm,B,2,1,10,6
G1,2023-04-22,0.017208822478667042,0.008564437983165746,m,A,2,1,10,6
G1,2023-04-23,117.63116657567241,-42.15821239704215,mm,B,2,1,10,6
G1,2023-04-24,17.02088962172244,8.135455816477927,mm,A,2,1,10,6
G1,2023-04-25,0.11700566960576203,-0.04107698073921284,m,B,2,1,10,6
G1,2023-04-26,17.467867792395733,8.604545361507007,mm,A,2,1,10,6
G1,2023-04-27,116.85446629125337,-42.25636929197664,mm,B,2,1,10,6
G1,2023-04-28,0.01625481469322461,0.00851203569339656,m,A,2,1,10,6
G1,2023-04-29,118.29973927442781,-41.12328633922595,mm,B,2,1,10,6
G1,2023-04-30,17.310600464786756,8.476709786309533,mm,A,2,1,10,6
G1,2023-05-01,0.11791075982916668,-0.04112383472729475,m,B,12,1,10,6
G1,2023-05-02,16.80726182101262,8.01587054004772,mm,A,2,1,10,6
G1,2023-05-03,117.22528139817928,-42.072797009614675,mm,B,2,1,10,6
G1,2023-05-04,0.017085401439189584,0.0090407815697976,m,A,2,1,10,6
G1,2023-05-05,116.1489267729941,-41.81855158156239,mm,B,2,1,10,6
G1,2023-05-06,16.699953556219178,8.104360251618443,mm,A,2,1,10,6
G1,2023-05-07,0.11645086525483768,-0.041812134442716045,m,B,2,1,10,6
G1,2023-05-08,17.989721346587412,8.226320938482537,mm,A,2,1,10,6
G1,2023-05-09,118.64170158280587,-41.519493772895544,mm,B,2,1,10,6
G1,2023-05-10,0.017241033031887593,0.008577635168301862,m,A,2,1,10,6
G1,2023-05-11,118.43753653241234,-41.06289231833704,mm,B,2,0,10,6
G1,2023-05-12,17.468805824227903,8.378043252820088,mm,A,2,1,10,6
G1,2023-05-13,0.11669069697512663,-0.04220614155175084,m,B,2,1,10,6
G1,2023-05-14,16.797687850848135,8.546548959674153,mm,A,2,1,10,6
G1,2023-05-15,117.80695159289601,-40.87983795476124,mm,B,2,1,10,6
G1,2023-05-16,0.01729850576232463,0.008531976249617872,m,A,2,1,10,6
G1,2023-05-17,117.30677493760723,-40.565098098503924,mm,B,2,1,10,6
G1,2023-05-18,17.195815540296493,8.943145970185704,mm,A,2,1,10,6
G1,2023-05-19,0.11783676121677163,-0.041176252556184685,m,B,2,1,10,6
G1,2023-05-20,17.984945959687227,8.272846649167876,mm,A,2,1,10,6
G1,2023-05-21,118.26775723564076,-40.91025294205717,mm,B,2,1,10,6
G1,2023-05-22,0.0189954451390398,0.008420228693820359,m,A,2,1,10,6
G1,2023-05-23,117.44815427144513,-41.042269605921206,mm,B,2,1,10,6
G1,2023-05-24,17.208824166611993,8.21387427780193,mm,A,2,1,10,6
G1,2023-05-25,0.11770617326834816,-0.04109859725518826,m,B,2,1,10,6
G1,2023-05-26,17.890219327992405,8.68922655532146,mm,A,2,1,10,6
G1,2023-05-27,117.94794811773875,-39.961231119860464,mm,B,2,1,10,6
G1,2023-05-28,0.017515851104766042,0.008536232013080302,m,A,2,1,10,6
G1,2023-05-29,117.96885399722183,-40.943546519287196,mm,B,2,1,10,6
G1,2023-05-30,17.857383507531704,9.081311958878413,mm,A,2,1,10,6
G1,2023-05-31,0.11702562896067883,-0.04133038986600303,m,B,2,1,10,6
G1,2023-06-01,17.35244046140342,8.745359231589042,mm,A,12,1,10,6
G1,2023-06-02,117.78120978200279,-40.016242174322166,mm,B,2,1,10,6
G1,2023-06-03,0.01729815485463679,0.00785811645612606,m,A,2,1,10,6
G1,2023-06-04,117.8173348700303,-42.061433068537525,mm,B,2,1,10,6
G1,2023-06-05,18.205238346189983,8.149726639171954,mm,A,2,1,10,6
G1,2023-06-06,0.11666139325225161,-0.041304697057946024,m,B,2,1,10,6
G1,2023-06-07,17.736915360840346,9.132317911572214,mm,A,2,1,10,6
G1,2023-06-08,118.40783300359492,-41.42418046321009,mm,B,2,1,10,6
G1,2023-06-09,0.01688846067641865,0.008886462973606384,m,A,2,1,10,6
G1,2023-06-10,118.44813331605293,-41.12520495866618,mm,B,2,1,10,6
G1,2023-06-11,17.335576347125954,9.349789869183468,mm,A,2,1,10,6
G1,2023-06-12,0.11807043970821718,-0.04045732540051542,m,B,2,1,10,6
G1,2023-06-13,18.567684216930562,8.203049285600352,mm,A,2,1,10,6
G1,2023-06-14,117.3192930167262,-41.52624232134333,mm,B,2,1,10,6
G1,2023-06-15,0.01859171830413198,0.009083002213761146,m,A,2,1,10,6
G1,2023-06-16,117.71175348503422,-41.383558231387646,mm,B,2,1,10,6
G1,2023-06-17,18.43167681383925,8.873037819334167,mm,A,2,1,10,6
G1,2023-06-18,0.11879596226486487,-0.041236819641333286,m,B,2,1,10,6
G1,2023-06-19,18.472961134108736,9.802353078005382,mm,A,2,1,10,6
G1,2023-06-20,117.0004269989711,-41.83338002090461,mm,B,2,1,10,6
G1,2023-06-21,0.018580345429211963,0.008473723137891256,m,A,2,1,10,6
G1,2023-06-22,118.04440413135056,-41.689841251996924,mm,B,2,1,10,6
G1,2023-06-23,17.769352262224178,8.072762651056493,mm,A,2,0,10,6
G1,2023-06-24,0.1178159523225832,-0.04071188520857603,m,B,2,1,10,6
G1,2023-06-25,17.371665618703087,8.729240605704339,mm,A,2,1,10,6
G1,2023-06-26,118.59256230099967,-41.52964242735278,mm,B,2,1,10,6
G1,2023-06-27,0.017458535742535086,0.009304548112535645,m,A,2,1,10,6
G1,2023-06-28,117.45559428444821,-41.204464160388724,mm,B,2,1,10,6
G1,2023-06-29,18.203289465072483,9.912165946846708,mm,A,2,1,10,6
G1,2023-06-30,0.11787200993040717,-0.04058743809206284,m,B,2,1,10,6
G1,2023-07-01,18.134457263662593,8.66350574918401,mm,A,2,1,10,6
G1,2023-07-02,118.08017008939257,-40.542030636024585,mm,B,12,1,10,6
G1,2023-07-03,0.017648844277379082,0.008502862607545314,m,A,2,1,10,6
G1,2023-07-04,117.7917818382893,-40.53549860582337,mm,B,2,1,10,6
G1,2023-07-05,17.156125516416054,9.06513706321933,mm,A,2,1,10,6
G1,2023-07-06,0.11891249542638639,-0.04282745506382744,m,B,2,1,10,6
G1,2023-07-07,17.264585306890513,9.753299504101006,mm,A,2,1,10,6
G1,2023-07-08,118.30098292030779,-40.558885146661694,mm,B,2,1,10,6
G1,2023-07-09,0.019055998801029456,0.009108352832488389,m,A,2,1,10,6
G1,2023-07-10,117.69304249399505,-41.813442040604706,mm,B,2,1,10,6
G1,2023-07-11,17.930368739922912,8.943048318089257,mm,A,2,1,10,6
G1,2023-07-12,0.11827775002566052,-0.040765004663637125,m,B,2,1,10,6
G1,2023-07-13,18.795211555213367,8.802926778735554,mm,A,2,1,10,6
G1,2023-07-14,118.41136501307201,-40.34574061464375,mm,B,2,1,10,6
G1,2023-07-15,0.018224417553881034,0.0097007382821465,m,A,2,1,10,6
G1,2023-07-16,117.98834502145448,-40.807183022660844,mm,B,2,1,10,6
G1,2023-07-17,18.48304502669719,8.982113979874551,mm,A,2,1,10,6
G1,2023-07-18,0.11817187877513934,-0.04196581688901282,m,B,2,1,10,6
G1,2023-07-19,18.46737520247923,8.863000928652651,mm,A,2,1,10,6
G1,2023-07-20,118.50614026204225,-41.063557118482265,mm,B,2,1,10,6
G1,2023-07-21,0.0179149594599142,0.009763893180849668,m,A,2,1,10,6
G1,2023-07-22,117.43593701229071,-41.40548591087049,mm,B,2,1,10,6
G1,2023-07-23,17.177094442587553,8.313488043884217,mm,A,2,1,10,6
G1,2023-07-24,0.1178571363584193,-0.04105915510778144,m,B,2,1,10,6
G1,2023-07-25,16.948656704702373,9.898569958174155,mm,A,2,1,10,6
G1,2023-07-26,118.55033448018324,-40.2826983478047,mm,B,2,1,10,6
G1,2023-07-27,0.018550213346042257,0.008138021455435669,m,A,2,1,10,6
G1,2023-07-28,117.79707968283707,-41.167604479100234,mm,B,2,1,10,6
G1,2023-07-29,18.880474424287925,8.423946942364475,mm,A,2,1,10,6
G1,2023-07-30,0.11920195136803195,-0.04013508015684864,m,B,2,1,10,6
G1,2023-07-31,18.62522958688295,10.0508758531213,mm,A,2,1,10,6
G1,2023-08-01,119.5075312381214,-40.289567129031035,mm,B,2,1,10,6
G1,2023-08-02,0.01823859708933292,0.009187515728756101,m,A,12,1,10,6
G1,2023-08-03,119.50122798279706,-40.98334048430601,mm,B,2,1,10,6
G1,2023-08-04,18.532545054547004,8.901335889205695,mm,A,2,1,10,6
G1,2023-08-05,0.11882724434379086,-0.041219840497136506,m,B,2,0,10,6
G1,2023-08-06,18.33636716649192,8.404952165399887,mm,A,2,1,10,6
G1,2023-08-07,119.04992993062754,-41.88285856790018,mm,B,2,1,10,6
G1,2023-08-08,0.019477509636010717,0.009628711916136356,m,A,2,1,10,6
G1,2023-08-09,117.17269540990219,-40.93860224178715,mm,B,2,1,10,6
G1,2023-08-10,18.03831458245368,7.853083328510594,mm,A,2,1,10,6
G1,2023-08-11,0.11792290681256958,-0.04203492260575873,m,B,2,1,10,6
G1,2023-08-12,19.281499526555105,9.932451832033307,mm,A,2,1,10,6
G1,2023-08-13,118.31511242225751,-40.582972160640125,mm,B,2,1,10,6
G1,2023-08-14,0.018203685212143675,0.009057848273468219,m,A,2,1,10,6
G1,2023-08-15,118.77071666703321,-39.99658443931499,mm,B,2,1,10,6
G1,2023-08-16,18.535772148021046,9.569296886495433,mm,A,2,1,10,6
G1,2023-08-17,0.11930055026577023,-0.04055340499889598,m,B,2,1,10,6
G1,2023-08-18,18.89365940108005,9.075127910723324,mm,A,2,1,10,6
G1,2023-08-19,119.04375676483099,-40.25164842158539,mm,B,2,1,10,6
G1,2023-08-20,0.018419787594137906,0.008787335629033255,m,A,2,1,10,6
G1,2023-08-21,117.9074611896218,-40.778053393220645,mm,B,2,1,10,6
G1,2023-08-22,18.568259193663923,9.778316102650953,mm,A,2,1,10,6
G1,2023-08-23,0.11854851943831954,-0.0402312974465233,m,B,2,1,10,6
G1,2023-08-24,18.917064143263286,8.741578509697367,mm,A,2,1,10,6
G1,2023-08-25,118.68093111068151,-39.83610795796467,mm,B,2,1,10,6
G1,2023-08-26,0.018570086907623157,0.009124825789981778,m,A,2,1,10,6
G1,2023-08-27,118.55941655481257,-41.28747323291696,mm,B,2,1,10,6
G1,2023-08-28,18.85958542586343,9.104969109552354,mm,A,2,1,10,6
G1,2023-08-29,0.11765283136953743,-0.0409121029115246,m,B,2,1,10,6
G1,2023-08-30,18.20110372193284,10.356226571613258,mm,A,2,1,10,6
G1,2023-08-31,118.17383625348228,-41.17295353662545,mm,B,2,1,10,6
G1,2023-09-01,0.018445399090545704,0.009668326803046053,m,A,2,1,10,6
G1,2023-09-02,118.79103630766296,-40.32420688762054,mm,B,12,1,10,6
G1,2023-09-03,19.96140670490441,8.758812681986592,mm,A,2,1,10,6
G1,2023-09-04,0.1168518084863436,-0.04103510117289771,m,B,2,1,10,6
G1,2023-09-05,19.258115631652,9.113285197030004,mm,A,2,1,10,6
G1,2023-09-06,118.04694570793305,-41.849998283959245,mm,B,2,1,10,6
G1,2023-09-07,0.019862682185552413,0.008761149154918015,m,A,2,1,10,6
G1,2023-09-08,119.15329798529127,-40.72681831833722,mm,B,2,1,10,6
G1,2023-09-09,19.05946876923817,9.619624809435313,mm,A,2,1,10,6
G1,2023-09-10,0.12013251269718571,-0.04058032925084008,m,B,2,1,10,6
G1,2023-09-11,18.900098555082884,10.611865613611798,mm,A,2,1,10,6
G1,2023-09-12,119.51048959076097,-40.898084129610695,mm,B,2,1,10,6
G1,2023-09-13,0.018331422055116706,0.00853341013072289,m,A,2,1,10,6
G1,2023-09-14,118.3157345308925,-40.99528478236824,mm,B,2,1,10,6
G1,2023-09-15,18.423187292347087,9.148832902152485,mm,A,2,1,10,6
G1,2023-09-16,0.11883866004413682,-0.04079125720643546,m,B,2,1,10,6
G1,2023-09-17,18.344945187785772,9.787107088855977,mm,A,2,0,10,6
G1,2023-09-18,120.0308862546334,-41.18285955435555,mm,B,2,1,10,6
G1,2023-09-19,0.01877886487498971,0.0099083575524361,m,A,2,1,10,6
G1,2023-09-20,118.44615211111041,-39.99211205980595,mm,B,2,1,10,6
G1,2023-09-21,17.243841783655245,8.71135197024012,mm,A,2,1,10,6
G1,2023-09-22,0.11816241596823876,-0.03984065820749662,m,B,2,1,10,6
G1,2023-09-23,18.563425465581243,8.722578452804205,mm,A,2,1,10,6
G1,2023-09-24,117.30587455614088,-39.70391419722288,mm,B,2,1,10,6
G1,2023-09-25,0.01892106158523548,0.009979307684046403,m,A,2,1,10,6
G1,2023-09-26,118.96527446171021,-40.87676709251449,mm,B,2,1,10,6
G1,2023-09-27,20.063059598526262,8.779840188088873,mm,A,2,1,10,6
G1,2023-09-28,0.1180618787778153,-0.040021877076366404,m,B,2,1,10,6
G1,2023-09-29,18.331056690576577,9.312483791940288,mm,A,2,1,10,6
G1,2023-09-30,120.13046645629521,-40.64082342031326,mm,B,2,1,10,6
G1,2023-10-01,0.019262470971829166,0.009845154326538687,m,A,2,1,10,6
G1,2023-10-02,118.77411420374472,-40.42345355579619,mm,B,2,1,10,6
G1,2023-10-03,19.733984413742245,8.884467333240934,mm,A,12,1,10,6
G1,2023-10-04,0.11974254572755123,-0.04062834101333238,m,B,2,1,10,6
G1,2023-10-05,19.789304381214134,9.14171842136409,mm,A,2,1,10,6
G1,2023-10-06,118.04721064788521,-40.922930253521294,mm,B,2,1,10,6
G1,2023-10-07,0.019523544586644487,0.009752832392518148,m,A,2,1,10,6
G1,2023-10-08,118.95102579847583,-40.84722939319381,mm,B,2,1,10,6
G1,2023-10-09,19.67313119313156,8.74193405608623,mm,A,2,1,10,6
G1,2023-10-10,0.11932542905922393,-0.0399052348388276,m,B,2,1,10,6
G1,2023-10-11,18.778618689867848,9.409744778343093,mm,A,2,1,10,6
G1,2023-10-12,119.26484472786629,-40.358436948694916,mm,B,2,1,10,6
G1,2023-10-13,0.01998226983638963,0.009859967162478679,m,A,2,1,10,6
G1,2023-10-14,119.38168022688109,-39.43151875806153,mm,B,2,1,10,6
G1,2023-10-15,20.113387376074193,9.97568926883198,mm,A,2,1,10,6
G1,2023-10-16,0.11875235208638647,-0.04135403655128192,m,B,2,1,10,6
G1,2023-10-17,19.040034109920693,9.743605687780784,mm,A,2,1,10,6
G1,2023-10-18,118.89419610923004,-40.34329248360261,mm,B,2,1,10,6
G1,2023-10-19,0.01951315972799468,0.009066078966832305,m,A,2,1,10,6
G1,2023-10-20,118.88462248061835,-40.286618507698776,mm,B,2,1,10,6
G1,2023-10-21,18.7644298140361,8.977321877299433,mm,A,2,1,10,6
G1,2023-10-22,0.11945498311458855,-0.040170744961751985,m,B,2,1,10,6
G1,2023-10-23,20.220807611113308,9.866917076596184,mm,A,2,1,10,6
G1,2023-10-24,119.07506172908464,-41.10734346655647,mm,B,2,1,10,6
G1,2023-10-25,0.01965662693753115,0.009574099943814557,m,A,2,1,10,6
G1,2023-10-26,119.95039701933395,-39.58109044621571,mm,B,2,1,10,6
G1,2023-10-27,19.555134885263993,9.025835663032602,mm,A,2,1,10,6
G1,2023-10-28,0.1182412246719275,-0.040224450392346206,m,B,2,1,10,6
G1,2023-10-29,19.52164516992561,9.870617764744308,mm,A,2,1,10,6
G1,2023-10-30,119.07466324637709,-40.48161356581955,mm,B,2,0,10,6
G1,2023-10-31,0.018276741220313114,0.009886789811287423,m,A,2,1,10,6
G1,2023-11-01,120.32002311539667,-39.059794854008445,mm,B,2,1,10,6
G1,2023-11-02,19.69994755941906,10.255050674242456,mm,A,2,1,10,6
G1,2023-11-03,0.1185005374093941,-0.03990334617097325,m,B,12,1,10,6
G1,2023-11-04,19.066789201278148,10.235165631641838,mm,A,2,1,10,6
G1,2023-11-05,118.97272522646816,-40.569877375633276,mm,B,2,1,10,6
G1,2023-11-06,0.019897976506345953,0.010140662287542491,m,A,2,1,10,6
G1,2023-11-07,119.98329413433902,-39.313068110059994,mm,B,2,1,10,6
G1,2023-11-08,18.96682545728913,9.232238037120087,mm,A,2,1,10,6
G1,2023-11-09,0.11950498241875468,-0.04030232808943931,m,B,2,1,10,6
G1,2023-11-10,20.835898714352346,9.625260906942321,mm,A,2,1,10,6
G1,2023-11-11,119.74444392759807,-39.78611141260293,mm,B,2,1,10,6
G1,2023-11-12,0.018497241732903735,0.008965424326907319,m,A,2,1,10,6
G1,2023-11-13,119.51383689643785,-39.50311169951857,mm,B,2,1,10,6
G1,2023-11-14,19.73206937916966,9.641248617794274,mm,A,2,1,10,6
G1,2023-11-15,0.120851841756901,-0.04100416868628724,m,B,2,1,10,6
G1,2023-11-16,18.99420222219647,10.85238428284193,mm,A,2,1,10,6
G1,2023-11-17,119.78770390338474,-42.090501987370246,mm,B,2,1,10,6
G1,2023-11-18,0.019382962293588133,0.010084955904546616,m,A,2,1,10,6
G1,2023-11-19,118.5014367690454,-41.32708701137898,mm,B,2,1,10,6
G1,2023-11-20,18.07670211179363,9.847294944771454,mm,A,2,1,10,6
G1,2023-11-21,0.11955392299367068,-0.040935822755500104,m,B,2,1,10,6
G1,2023-11-22,19.347237330019617,9.978061577226203,mm,A,2,1,10,6
G1,2023-11-23,119.00390582245369,-39.72498139345049,mm,B,2,1,10,6
G1,2023-11-24,0.019043486068159317,0.008588825564844391,m,A,2,1,10,6
G1,2023-11-25,120.05711851841468,-39.63655762626581,mm,B,2,1,10,6
G1,2023-11-26,19.014979562687138,9.041803667355678,mm,A,2,1,10,6
G1,2023-11-27,0.11884121041246015,-0.040076134267558544,m,B,2,1,10,6
G1,2023-11-28,18.259450541572612,10.386376353673025,mm,A,2,1,10,6
G1,2023-11-29,119.75620099956046,-40.51290080241395,mm,B,2,1,10,6
G1,2023-11-30,0.020446902838932204,0.010189451510963754,m,A,2,1,10,6
G1,2023-12-01,119.64274740479208,-39.937771731584256,mm,B,2,1,10,6
G1,2023-12-02,19.48730275669247,9.87352999172759,mm,A,2,1,10,6
G1,2023-12-03,0.11898478404613219,-0.03963266715799155,m,B,2,1,10,6
G1,2023-12-04,18.901868800654412,10.5226992664756,mm,A,12,1,10,6
G1,2023-12-05,118.54160613723502,-39.62336729029563,mm,B,2,1,10,6
G1,2023-12-06,0.01914837299697205,0.010899339834931729,m,A,2,1,10,6
G1,2023-12-07,120.34053184299302,-40.220500942569046,mm,B,2,1,10,6
G1,2023-12-08,19.923136926154207,10.594965262126752,mm,A,2,1,10,6
G1,2023-12-09,0.11953975931534246,-0.04081781644479226,m,B,2,1,10,6
G1,2023-12-10,19.759794410370027,9.406441508046873,mm,A,2,1,10,6
G1,2023-12-11,120.0613015903364,-39.59554081616292,mm,B,2,1,10,6
G1,2023-12-12,0.02052116309631482,0.009991606180453052,m,A,2,0,10,6
G1,2023-12-13,120.38921964136713,-40.877706356316466,mm,B,2,1,10,6
G1,2023-12-14,18.529947881631067,10.135881156225844,mm,A,2,1,10,6
G1,2023-12-15,0.120268819736006,-0.04106457702460357,m,B,2,1,10,6
G1,2023-12-16,19.72617952093232,9.407267829932765,mm,A,2,1,10,6
G1,2023-12-17,120.53208388929286,-40.25604413935766,mm,B,2,1,10,6
G1,2023-12-18,0.019283642092979676,0.010327754896299295,m,A,2,1,10,6
G1,2023-12-19,119.41802354440128,-40.62197813237734,mm,B,2,1,10,6
G1,2023-12-20,19.46629906196099,10.028842092691988,mm,A,2,1,10,6
G1,2023-12-21,0.12062878334497085,-0.03943824049687092,m,B,2,1,10,6
G1,2023-12-22,20.791340512398868,9.542823749712172,mm,A,2,1,10,6
G1,2023-12-23,119.54398385199018,-40.300971506015465,mm,B,2,1,10,6
G1,2023-12-24,0.019487749699255638,0.009211869112747286,m,A,2,1,10,6
G1,2023-12-25,119.90467459235299,-39.8237416268762,mm,B,2,1,10,6
G1,2023-12-26,20.111649457624193,9.224457737253903,mm,A,2,1,10,6
G1,2023-12-27,0.12013992663784412,-0.04068496085174867,m,B,2,1,10,6
G1,2023-12-28,18.891116324874943,10.720963439929003,mm,A,2,1,10,6
G1,2023-12-29,119.2345886909474,-37.908657823078364,mm,B,2,1,10,6
G1,2023-12-30,0.020927774012489936,0.009442736810792097,m,A,2,1,10,6
G1,2023-12-31,119.35039895891254,-39.83362140191775,mm,B,2,1,10,6
G2,2019-01-01,0.0008187280888872529,-0.0005902747786031455,m,A,12,0,20,12
G2,2019-01-02,101.07619701141134,-49.475535749411485,mm,B,2,1,20,12
G2,2019-01-03,-0.3854980781486459,-0.20135566696780532,mm,A,2,1,20,12
G2,2019-01-04,0.09866665838280994,-0.05023171803794083,m,B,2,1,20,12
G2,2019-01-05,-0.5879608683612004,1.3348156254935724,mm,A,2,1,20,12
G2,2019-01-06,99.85314747484225,-49.9462594513653,mm,B,2,1,20,12
G2,2019-01-07,-0.0006186417294667721,-1.326268580207747e-05,m,A,2,1,20,12
G2,2019-01-08,100.4439831842391,-49.88940172874588,mm,B,2,1,20,12
G2,2019-01-09,-0.6109343764026345,0.5333520941025696,mm,A,2,1,20,12
G2,2019-01-10,0.09951357763992583,-0.050442590301866035,m,B,2,1,20,12
G2,2019-01-11,0.6829826263626716,0.9012647896619059,mm,A,2,1,20,12
G2,2019-01-12,99.71034098630705,-50.394450065147716,mm,B,2,1,20,12
G2,2019-01-13,-0.0004789706165076398,0.0007094549836889979,m,A,2,1,20,12
G2,2019-01-14,100.17826598288397,-47.960743631440714,mm,B,2,1,20,12
G2,2019-01-15,0.34942709923403326,1.2819845196252087,mm,A,2,1,20,12
G2,2019-01-16,0.10051366927017916,-0.04976899942042363,m,B,2,1,20,12
G2,2019-01-17,1.3126683072809384,-1.213862645443229,mm,A,2,1,20,12
G2,2019-01-18,100.54475917590696,-50.594620552455204,mm,B,2,1,20,12
G2,2019-01-19,0.0014295884789464882,-0.0003787582471354384,m,A,2,1,20,12
G2,2019-01-20,99.55332590350689,-49.81999754740382,mm,B,2,1,20,12
G2,2019-01-21,-1.2798506562975904,1.0504264535555006,mm,A,2,1,20,12
G2,2019-01-22,0.10073364038744392,-0.05018550045568225,m,B,2,1,20,12
G2,2019-01-23,-0.7261238060168969,1.298721963295252,mm,A,2,1,20,12
G2,2019-01-24,98.8009348932528,-49.08564476077618,mm,B,2,1,20,12
G2,2019-01-25,0.0011880004371468567,-0.0003153102337911237,m,A,2,1,20,12
G2,2019-01-26,99.90710121704764,-50.059213617963536,mm,B,2,1,20,12
G2,2019-01-27,-1.162081959173782,1.154067436541188,mm,A,2,1,20,12
G2,2019-01-28,0.10120439255569989,-0.04940256274455905,m,B,2,1,20,12
G2,2019-01-29,1.3788133894717418,0.05941537191607843,mm,A,2,1,20,12
G2,2019-01-30,100.40950307369746,-49.05055349248702,mm,B,2,1,20,12
G2,2019-01-31,-9.723599229309821e-05,0.0017385905484081907,m,A,2,1,20,12
G2,2019-02-01,99.90821969675432,-50.397429691771,mm,B,12,1,20,12
G2,2019-02-02,0.19705631632597506,0.8329741087463277,mm,A,2,1,20,12
G2,2019-02-03,0.09954152180343204,-0.050430892067241,m,B,2,1,20,12
G2,2019-02-04,1.8132162776631753,1.2815899257473384,mm,A,2,1,20,12
G2,2019-02-05,100.6872139596516,-48.62179921181279,mm,B,2,1,20,12
G2,2019-02-06,0.0011160801670278748,-3.892349388032906e-05,m,A,2,1,20,12
G2,2019-02-07,99.99783633167213,-50.19241456821631,mm,B,2,1,20,12
G2,2019-02-08,-0.1683575172229103,0.9118446559001026,mm,A,2,1,20,12
G2,2019-02-09,0.09969449952183528,-0.05041119186126494,m,B,2,1,20,12
G2,2019-02-10,-0.2989075649534564,0.5934228473204599,mm,A,2,1,20,12
G2,2019-02-11,101.23890609795302,-50.088954492918994,mm,B,2,1,20,12
G2,2019-02-12,0.0011703923107844437,0.0007238607537134814,m,A,2,1,20,12
G2,2019-02-13,100.2323031603505,-50.11672300294606,mm,B,2,0,20,12
G2,2019-02-14,-0.7130807178229057,-0.3334876745891159,mm,A,2,1,20,12
G2,2019-02-15,0.09944264394787884,-0.0494912816393284,m,B,2,1,20,12
G2,2019-02-16,0.17479688686297273,0.29881420499671557,mm,A,2,1,20,12
G2,2019-02-17,99.49831437635441,-49.51992354253244,mm,B,2,1,20,12
G2,2019-02-18,0.0013911555995660243,0.0006167587918696125,m,A,2,1,20,12
G2,2019-02-19,100.07322895223436,-47.83267968053645,mm,B,2,1,20,12
G2,2019-02-20,0.554206770823755,0.8767781273615364,mm,A,2,1,20,12
G2,2019-02-21,0.10036822613283151,-0.049401596816240324,m,B,2,1,20,12
G2,2019-02-22,-0.25732973635305817,-0.34317959732094805,mm,A,2,1,20,12
G2,2019-02-23,100.31158674153687,-49.65383208077419,mm,B,2,1,20,12
G2,2019-02-24,0.0007291138672548343,0.0010644139404369375,m,A,2,1,20,12
G2,2019-02-25,101.15959353649355,-49.57852011345701,mm,B,2,1,20,12
G2,2019-02-26,1.380015808616112,0.8569996741911081,mm,A,2,1,20,12
G2,2019-02-27,0.10005395667001601,-0.04933060703919433,m,B,2,1,20,12
G2,2019-02-28,1.044840039181687,0.462111904213938,mm,A,2,1,20,12
G2,2019-03-01,100.13288155899563,-48.948812119304066,mm,B,2,1,20,12
G2,2019-03-02,0.00015289200316386862,0.0008091228957094499,m,A,2,1,20,12
G2,2019-03-03,99.89836665941702,-50.57539570683487,mm,B,2,1,20,12
G2,2019-03-04,-0.8120032871485525,1.297869309882351,mm,A,12,1,20,12
G2,2019-03-05,0.10103866626882198,-0.049139881432051995,m,B,2,1,20,12
G2,2019-03-06,-0.5226544028756355,0.33305944565244894,mm,A,2,1,20,12
G2,2019-03-07,100.9746774077042,-49.24607818950423,mm,B,2,1,20,12
G2,2019-03-08,0.0009118064424642669,0.0019866744546829284,m,A,2,1,20,12
G2,2019-03-09,100.68834997565418,-49.147829204324466,mm,B,2,1,20,12
G2,2019-03-10,0.7812088139797061,0.8853878785185484,mm,A,2,1,20,12
G2,2019-03-11,0.10118932004289387,-0.049247978488512374,m,B,2,1,20,12
G2,2019-03-12,-0.16373035354858068,0.853714542896939,mm,A,2,1,20,12
G2,2019-03-13,100.70894016234807,-49.395608443968364,mm,B,2,1,20,12
G2,2019-03-14,0.00045991785326182427,0.00026987992750536385,m,A,2,1,20,12
G2,2019-03-15,100.2588828693482,-49.36153299130666,mm,B,2,1,20,12
G2,2019-03-16,0.44584375795377806,0.14967519929521222,mm,A,2,1,20,12
G2,2019-03-17,0.10033680860456795,-0.049167119756629796,m,B,2,1,20,12
G2,2019-03-18,0.45468261228681084,1.024228549281362,mm,A,2,1,20,12
G2,2019-03-19,99.54351219977188,-48.428963797154324,mm,B,2,1,20,12
G2,2019-03-20,0.0017166362010149045,0.000726773664375677,m,A,2,1,20,12
G2,2019-03-21,99.57412449430453,-49.880814122468784,mm,B,2,1,20,12
G2,2019-03-22,0.3249461632091231,0.7548661432802147,mm,A,2,1,20,12
G2,2019-03-23,0.1012404110366023,-0.04805005689561991,m,B,2,1,20,12
G2,2019-03-24,0.00821013664045167,0.9884697491208146,mm,A,2,1,20,12
G2,2019-03-25,100.65600062802739,-49.60150801880492,mm,B,2,1,20,12
G2,2019-03-26,0.00042016791004323217,0.0014236901402035422,m,A,2,1,20,12
G2,2019-03-27,100.97582995439771,-49.63823131800407,mm,B,2,1,20,12
G2,2019-03-28,0.49752801106843164,0.2193826771697669,mm,A,2,0,20,12
G2,2019-03-29,0.09976090501950524,-0.049458893894883914,m,B,2,1,20,12
G2,2019-03-30,1.332183216630795,1.6404300981882556,mm,A,2,1,20,12
G2,2019-03-31,100.28444867554487,-48.65047126256524,mm,B,2,1,20,12
G2,2019-04-01,0.0008943039496639904,0.001510386211522772,m,A,2,1,20,12
G2,2019-04-02,100.65625865792094,-47.83094531331532,mm,B,2,1,20,12
G2,2019-04-03,0.2442975036655068,1.313204377760218,mm,A,2,1,20,12
G2,2019-04-04,0.09979293886284475,-0.04885467801848646,m,B,12,1,20,12
G2,2019-04-05,1.5001209503714064,0.9259972467085631,mm,A,2,1,20,12
G2,2019-04-06,100.67619081177219,-48.05274138863775,mm,B,2,1,20,12
G2,2019-04-07,0.000479975080299387,0.0014031571802646666,m,A,2,1,20,12
G2,2019-04-08,100.39115227160268,-48.705879345588414,mm,B,2,1,20,12
G2,2019-04-09,0.6421760788948462,1.0465476077723093,mm,A,2,1,20,12
G2,2019-04-10,0.10058893289605565,-0.04788540837811244,m,B,2,1,20,12
G2,2019-04-11,0.8588569741456998,2.6688164153946703,mm,A,2,1,20,12
G2,2019-04-12,100.39632417767147,-49.09314519903188,mm,B,2,1,20,12
G2,2019-04-13,0.0006946235680174474,0.0007898764361835843,m,A,2,1,20,12
G2,2019-04-14,100.26239953961505,-48.393691764393004,mm,B,2,1,20,12
G2,2019-04-15,0.8007371160932293,1.4689574229200526,mm,A,2,1,20,12
G2,2019-04-16,0.10083854297562186,-0.048558223820741465,m,B,2,1,20,12
G2,2019-04-17,-1.0158914267589616,1.1561956540085094,mm,A,2,1,20,12
G2,2019-04-18,100.69302992274939,-48.85992930954227,mm,B,2,1,20,12
G2,2019-04-19,0.00018282165669337037,0.0014312857152139061,m,A,2,1,20,12
G2,2019-04-20,101.1517616083788,-48.314842359760696,mm,B,2,1,20,12
G2,2019-04-21,1.3184379999653828,2.0451550561226703,mm,A,2,1,20,12
G2,2019-04-22,0.10158717396285964,-0.04803339212905298,m,B,2,1,20,12
G2,2019-04-23,1.0532917078138153,2.121353344382318,mm,A,2,1,20,12
G2,2019-04-24,100.41537484868186,-48.00440499692748,mm,B,2,1,20,12
G2,2019-04-25,0.0003181893186012255,0.0012575767044782232,m,A,2,1,20,12
G2,2019-04-26,100.36172471912056,-48.35312014339404,mm,B,2,1,20,12
G2,2019-04-27,1.3195263254850453,0.5017164425795722,mm,A,2,1,20,12
G2,2019-04-28,0.09958047043180915,-0.04857072274762709,m,B,2,1,20,12
G2,2019-04-29,0.4434872725968002,1.4520472136678604,mm,A,2,1,20,12
G2,2019-04-30,100.83823642443964,-49.17779268413707,mm,B,2,1,20,12
G2,2019-05-01,-0.0011394749173582533,0.001314989823317294,m,A,2,1,20,12
G2,2019-05-02,100.64793234938551,-48.46188653665374,mm,B,2,1,20,12
G2,2019-05-03,0.1652657854654127,1.8865839934488333,mm,A,2,1,20,12
G2,2019-05-04,0.10087505965494353,-0.04876664974256678,m,B,2,1,20,12
G2,2019-05-05,1.3819066314346053,2.195556016249602,mm,A,12,1,20,12
G2,2019-05-06,100.60536487339387,-47.56217641632287,mm,B,2,1,20,12
G2,2019-05-07,0.0006277057187440915,0.0022267872781849473,m,A,2,1,20,12
G2,2019-05-08,100.95143569313836,-47.04326103426635,mm,B,2,1,20,12
G2,2019-05-09,1.5589223826520606,2.5031135778549403,mm,A,2,1,20,12
G2,2019-05-10,0.10064954115844787,-0.047650306142486984,m,B,2,0,20,12
G2,2019-05-11,0.4833542571619044,2.310281906443385,mm,A,2,1,20,12
G2,2019-05-12,99.87029005928362,-47.84691776690927,mm,B,2,1,20,12
G2,2019-05-13,0.0009622293921193257,0.0014484952651008455,m,A,2,1,20,12
G2,2019-05-14,100.373395238855,-47.71046548036136,mm,B,2,1,20,12
G2,2019-05-15,1.2157644323716983,1.6607165037699774,mm,A,2,1,20,12
G2,2019-05-16,0.1003586291752891,-0.04823983428029023,m,B,2,1,20,12
G2,2019-05-17,0.5989470799449403,2.178077053599606,mm,A,2,1,20,12
G2,2019-05-18,100.70402103143114,-49.29843961208345,mm,B,2,1,20,12
G2,2019-05-19,0.0009954838002209727,0.001971490495097053,m,A,2,1,20,12
G2,2019-05-20,100.06225198686853,-48.28990534353486,mm,B,2,1,20,12
G2,2019-05-21,0.5517347226116366,2.163324745690476,mm,A,2,1,20,12
G2,2019-05-22,0.10016997871499686,-0.04787493611860871,m,B,2,1,20,12
G2,2019-05-23,0.3668810594057016,1.551517944229505,mm,A,2,1,20,12
G2,2019-05-24,101.22405810019836,-48.143917665492154,mm,B,2,1,20,12
G2,2019-05-25,0.00018412074267458656,0.001805641467889196,m,A,2,1,20,12
G2,2019-05-26,101.70577923037003,-47.50180120007387,mm,B,2,1,20,12
G2,2019-05-27,1.6670391184495834,1.883246962035577,mm,A,2,1,20,12
G2,2019-05-28,0.10105942832884768,-0.047304092438229764,m,B,2,1,20,12
G2,2019-05-29,1.4748145536380466,2.043622448047905,mm,A,2,1,20,12
G2,2019-05-30,100.79404840814064,-47.36394748933347,mm,B,2,1,20,12
G2,2019-05-31,0.0005510987377080292,0.001283046462857763,m,A,2,1,20,12
G2,2019-06-01,100.56614422865773,-47.40082451740372,mm,B,2,1,20,12
G2,2019-06-02,1.7383129057788438,1.4279584574035002,mm,A,2,1,20,12
G2,2019-06-03,0.10044532169441973,-0.04784093122550371,m,B,2,1,20,12
G2,2019-06-04,1.19999586630161,1.6273738017684602,mm,A,2,1,20,12
G2,2019-06-05,101.0945065262496,-48.58955334331139,mm,B,12,1,20,12
G2,2019-06-06,0.001042677597390299,0.003127474496857297,m,A,2,1,20,12
G2,2019-06-07,101.56708022468095,-47.92345327707491,mm,B,2,1,20,12
G2,2019-06-08,1.5212539961612417,1.331149122014208,mm,A,2,1,20,12
G2,2019-06-09,0.10088268591599951,-0.04811800803660206,m,B,2,1,20,12
G2,2019-06-10,1.2281371765822926,1.9005282236868932,mm,A,2,1,20,12
G2,2019-06-11,101.43855373628469,-47.306574060731286,mm,B,2,1,20,12
G2,2019-06-12,0.0008978576558723796,0.0015980971318897983,m,A,2,1,20,12
G2,2019-06-13,101.13468883389608,-48.359717507887666,mm,B,2,1,20,12
G2,2019-06-14,0.27952632971159497,3.095209280249735,mm,A,2,1,20,12
G2,2019-06-15,0.10153273074838173,-0.04741267914674704,m,B,2,1,20,12
G2,2019-06-16,0.7783621788937698,1.5523514938307574,mm,A,2,1,20,12
G2,2019-06-17,100.88358952158349,-47.312802567000865,mm,B,2,1,20,12
G2,2019-06-18,0.0009585908547123989,0.002547606456903546,m,A,2,1,20,12
G2,2019-06-19,101.88802596617022,-47.0667085964377,mm,B,2,1,20,12
G2,2019-06-20,0.49519583053108074,2.553707741043448,mm,A,2,1,20,12
G2,2019-06-21,0.10080113435404452,-0.047601718921965755,m,B,2,1,20,12
G2,2019-06-22,0.674138157793098,3.50413897946103,mm,A,2,0,20,12
G2,2019-06-23,100.41444705545071,-47.24169425204201,mm,B,2,1,20,12
G2,2019-06-24,0.00014773769487210774,0.0038261185046300898,m,A,2,1,20,12
G2,2019-06-25,100.95880630502893,-47.78033915009644,mm,B,2,1,20,12
G2,2019-06-26,0.41705490387813626,1.3616781839282044,mm,A,2,1,20,12
G2,2019-06-27,0.10124499157190209,-0.04836847311647529,m,B,2,1,20,12
G2,2019-06-28,0.4597108878569691,3.4830452529664777,mm,A,2,1,20,12
G2,2019-06-29,101.48729550227831,-48.720022584705944,mm,B,2,1,20,12
G2,2019-06-30,0.0013649962041564598,0.0029543663593449895,m,A,2,1,20,12
G2,2019-07-01,101.74011812206263,-46.45941011386134,mm,B,2,1,20,12
G2,2019-07-02,1.5856478276294843,3.159765254662478,mm,A,2,1,20,12
G2,2019-07-03,0.10013420857280052,-0.04732227026919297,m,B,2,1,20,12
G2,2019-07-04,-0.2668925836819629,1.717635450554193,mm,A,2,1,20,12
G2,2019-07-05,101.42467354842111,-47.74736617193208,mm,B,2,1,20,12
G2,2019-07-06,0.0019742785035980555,0.0016976377087206415,m,A,12,1,20,12
G2,2019-07-07,101.03580463051327,-47.541538983725985,mm,B,2,1,20,12
G2,2019-07-08,1.2491977991492553,2.253730876482303,mm,A,2,1,20,12
G2,2019-07-09,0.10124733328334067,-0.04715013590749414,m,B,2,1,20,12
G2,2019-07-10,1.8415644779805356,3.1397754915361062,mm,A,2,1,20,12
G2,2019-07-11,101.10778064914302,-47.60532843585551,mm,B,2,1,20,12
G2,2019-07-12,0.0008987716577478296,0.0026399722622495593,m,A,2,1,20,12
G2,2019-07-13,101.40941171617192,-47.76076272300015,mm,B,2,1,20,12
G2,2019-07-14,0.46773767692828616,2.5943456471186797,mm,A,2,1,20,12
G2,2019-07-15,0.10086275626730234,-0.047673106366886195,m,B,2,1,20,12
G2,2019-07-16,0.6580437648387072,2.301410450711992,mm,A,2,1,20,12
G2,2019-07-17,100.71957424383567,-47.50001483123826,mm,B,2,1,20,12
G2,2019-07-18,0.0011861491615383541,0.002707613441589078,m,A,2,1,20,12
G2,2019-07-19,101.22700476828587,-47.97022341629509,mm,B,2,1,20,12
G2,2019-07-20,1.0873945884714975,2.409234838403529,mm,A,2,1,20,12
G2,2019-07-21,0.10057973347831257,-0.04758155322739547,m,B,2,1,20,12
G2,2019-07-22,0.8960890686128216,2.4812644412470646,mm,A,2,1,20,12
G2,2019-07-23,100.67473648291097,-47.651378231708634,mm,B,2,1,20,12
G2,2019-07-24,0.0013124962171619076,0.0030925452458685403,m,A,2,1,20,12
G2,2019-07-25,100.06675172477276,-46.70928870946612,mm,B,2,1,20,12
G2,2019-07-26,0.953796901261296,1.7579938641545503,mm,A,2,1,20,12
G2,2019-07-27,0.10021018205856587,-0.047027281318499606,m,B,2,1,20,12
G2,2019-07-28,1.0715217117792526,3.173684289469575,mm,A,2,1,20,12
G2,2019-07-29,100.98461150566781,-47.469267225646206,mm,B,2,1,20,12
G2,2019-07-30,0.0010144910146583504,0.003639644526370427,m,A,2,1,20,12
G2,2019-07-31,101.46587799404782,-46.68618152742945,mm,B,2,1,20,12
G2,2019-08-01,1.1385719571675748,2.6996746883868674,mm,A,2,1,20,12
G2,2019-08-02,0.10127544589130638,-0.0472815701773656,m,B,2,1,20,12
G2,2019-08-03,0.8593908954419472,3.628127343886896,mm,A,2,1,20,12
G2,2019-08-04,101.67873917875934,-46.817278881875914,mm,B,2,0,20,12
G2,2019-08-05,0.0003084547610398023,0.0027291854167723587,m,A,2,1,20,12
G2,2019-08-06,101.04723930903955,-47.27417926096622,mm,B,12,1,20,12
G2,2019-08-07,0.891686324293439,2.7703464001790943,mm,A,2,1,20,12
G2,2019-08-08,0.10010519454583815,-0.04727836242100923,m,B,2,1,20,12
G2,2019-08-09,0.14763939762903533,2.9991032934763213,mm,A,2,1,20,12
G2,2019-08-10,101.48980355491798,-47.423654265736005,mm,B,2,1,20,12
G2,2019-08-11,0.0009523696500218969,0.0031362629361549816,m,A,2,1,20,12
G2,2019-08-12,101.16484292596616,-46.66473897981249,mm,B,2,1,20,12
G2,2019-08-13,1.4566183991376807,1.7335693427424383,mm,A,2,1,20,12
G2,2019-08-14,0.10207474106389701,-0.047047551301019036,m,B,2,1,20,12
G2,2019-08-15,0.6506907564183876,3.699938607697426,mm,A,2,1,20,12
G2,2019-08-16,101.56713733567312,-47.02563679894293,mm,B,2,1,20,12
G2,2019-08-17,0.0010320022587289228,0.0023205474104530848,m,A,2,1,20,12
G2,2019-08-18,100.6111461708608,-47.23097210471042,mm,B,2,1,20,12
G2,2019-08-19,2.0791413426788097,3.686330118983704,mm,A,2,1,20,12
G2,2019-08-20,0.10136812508419817,-0.04744934866395538,m,B,2,1,20,12
G2,2019-08-21,0.07021461294600706,3.1549717766331,mm,A,2,1,20,12
G2,2019-08-22,100.6954275176079,-47.84473727456768,mm,B,2,1,20,12
G2,2019-08-23,0.0007605183800133682,0.003470050063931895,m,A,2,1,20,12
G2,2019-08-24,101.1837137748338,-46.43588859124061,mm,B,2,1,20,12
G2,2019-08-25,2.3217589147801427,3.76159322507429,mm,A,2,1,20,12
G2,2019-08-26,0.10127218714259922,-0.04671943873690089,m,B,2,1,20,12
G2,2019-08-27,1.2508550230597926,3.226863685575001,mm,A,2,1,20,12
G2,2019-08-28,100.78483317788371,-46.08222193038882,mm,B,2,1,20,12
G2,2019-08-29,0.0023313958989171716,0.00270621637761615,m,A,2,1,20,12
G2,2019-08-30,101.44429203777007,-45.95708823084301,mm,B,2,1,20,12
G2,2019-08-31,1.383126960153757,3.2637403412261574,mm,A,2,1,20,12
G2,2019-09-01,0.10126668753292198,-0.047055714044900165,m,B,2,1,20,12
G2,2019-09-02,2.1141090855952154,3.6809275471429164,mm,A,2,1,20,12
G2,2019-09-03,100.71314754459146,-46.24386003239987,mm,B,2,1,20,12
G2,2019-09-04,0.0011858268261179766,0.003341872003172623,m,A,2,1,20,12
G2,2019-09-05,101.34309558115834,-46.83099375731888,mm,B,2,1,20,12
G2,2019-09-06,0.42354439046999826,3.2739122900379467,mm,A,12,1,20,12
G2,2019-09-07,0.1026781939381838,-0.04769377126528898,m,B,2,1,20,12
G2,2019-09-08,-0.17951682453408258,3.6832909727683374,mm,A,2,1,20,12
G2,2019-09-09,101.43779772949968,-46.628166496345614,mm,B,2,1,20,12
G2,2019-09-10,0.001301801603841413,0.0033510652236797014,m,A,2,1,20,12
G2,2019-09-11,101.82933629457861,-46.70581523567422,mm,B,2,1,20,12
G2,2019-09-12,2.4298104817791852,3.353555197725019,mm,A,2,1,20,12
G2,2019-09-13,0.10293547401124145,-0.046863824419401796,m,B,2,1,20,12
G2,2019-09-14,1.9016591871417416,3.465427575086205,mm,A,2,1,20,12
G2,2019-09-15,100.67411189476874,-46.86557467066406,mm,B,2,1,20,12
G2,2019-09-16,0.0013716100462181613,0.003507910933624347,m,A,2,0,20,12
G2,2019-09-17,102.5588163729261,-46.90754513579146,mm,B,2,1,20,12
G2,2019-09-18,2.243475987082511,2.8111256297925977,mm,A,2,1,20,12
G2,2019-09-19,0.10234937990424466,-0.04506179791101593,m,B,2,1,20,12
G2,2019-09-20,-0.14181138760570544,3.194471317339999,mm,A,2,1,20,12
G2,2019-09-21,101.3663937296181,-46.04254177324524,mm,B,2,1,20,12
G2,2019-09-22,0.0018385693693434302,0.004146568859449761,m,A,2,1,20,12
G2,2019-09-23,100.80520200518029,-45.6779078424635,mm,B,2,1,20,12
G2,2019-09-24,2.2276492774020467,4.114039121558509,mm,A,2,1,20,12
G2,2019-09-25,0.10145779899014529,-0.04531937868140643,m,B,2,1,20,12
G2,2019-09-26,1.3044721181936936,3.4561305575187027,mm,A,2,1,20,12
G2,2019-09-27,100.89978293760353,-45.93693023988324,mm,B,2,1,20,12
G2,2019-09-28,0.0007869717964207392,0.003775977497081546,m,A,2,1,20,12
G2,2019-09-29,101.49516908375777,-46.40951825267016,mm,B,2,1,20,12
G2,2019-09-30,2.111235536844744,3.9717181888378397,mm,A,2,1,20,12
G2,2019-10-01,0.10077755278156042,-0.04653345411726924,m,B,2,1,20,12
G2,2019-10-02,2.289781330833259,3.935929491809203,mm,A,2,1,20,12
G2,2019-10-03,100.97336373784131,-46.22939472724258,mm,B,2,1,20,12
G2,2019-10-04,0.0015682091841765352,0.003977351933160175,m,A,2,1,20,12
G2,2019-10-05,102.14542118293497,-46.32885670406217,mm,B,2,1,20,12
G2,2019-10-06,2.2973619268373353,3.7533124209925504,mm,A,2,1,20,12
G2,2019-10-07,0.10235923208658895,-0.04596295802808783,m,B,12,1,20,12
G2,2019-10-08,1.941624733777339,2.639878002138352,mm,A,2,1,20,12
G2,2019-10-09,100.59002395071744,-45.50440920959476,mm,B,2,1,20,12
G2,2019-10-10,0.0013817502912115002,0.004096761103103376,m,A,2,1,20,12
G2,2019-10-11,101.5247610617931,-46.41237795394825,mm,B,2,1,20,12
G2,2019-10-12,1.892718479161451,4.863314450185469,mm,A,2,1,20,12
G2,2019-10-13,0.10202482418249086,-0.046401749931701354,m,B,2,1,20,12
G2,2019-10-14,1.8597389159432756,4.845731922233071,mm,A,2,1,20,12
G2,2019-10-15,101.8009287253369,-48.204934685971665,mm,B,2,1,20,12
G2,2019-10-16,0.0019163223964165622,0.0033865654376682526,m,A,2,1,20,12
G2,2019-10-17,101.4668672538653,-45.25919229774052,mm,B,2,1,20,12
G2,2019-10-18,2.295711193759214,2.210794400663674,mm,A,2,1,20,12
G2,2019-10-19,0.1013984585542536,-0.04639291773098441,m,B,2,1,20,12
G2,2019-10-20,1.4348303540315797,4.379594403914658,mm,A,2,1,20,12
G2,2019-10-21,101.52293854090489,-45.81418104450309,mm,B,2,1,20,12
G2,2019-10-22,0.0019005415019667682,0.0042437496224060215,m,A,2,1,20,12
G2,2019-10-23,101.4437693006406,-46.25201441791614,mm,B,2,1,20,12
G2,2019-10-24,1.9694045209223587,2.685196811290944,mm,A,2,1,20,12
G2,2019-10-25,0.10252457621613077,-0.045408072978912854,m,B,2,1,20,12
G2,2019-10-26,1.1867435486094506,4.011190799133502,mm,A,2,1,20,12
G2,2019-10-27,102.72788132103115,-45.02789537778861,mm,B,2,1,20,12
G2,2019-10-28,0.00048390544604857055,0.004321221031019343,m,A,2,1,20,12
G2,2019-10-29,101.16389631353762,-46.58725281487068,mm,B,2,0,20,12
G2,2019-10-30,0.7268470177418267,3.6607959690711835,mm,A,2,1,20,12
G2,2019-10-31,0.10251006415345282,-0.04620852463619725,m,B,2,1,20,12
G2,2019-11-01,1.8248368321323152,4.38646203679178,mm,A,2,1,20,12
G2,2019-11-02,101.46759964169922,-45.42637040766059,mm,B,2,1,20,12
G2,2019-11-03,0.0016739796567906474,0.00472980079884049,m,A,2,1,20,12
G2,2019-11-04,101.60944722803724,-45.05073032454316,mm,B,2,1,20,12
G2,2019-11-05,1.9857751533110568,4.217249542227102,mm,A,2,1,20,12
G2,2019-11-06,0.10217811059632399,-0.04603025021197063,m,B,2,1,20,12
G2,2019-11-07,2.002711042262107,3.7707862794786164,mm,A,12,1,20,12
G2,2019-11-08,101.64265175397672,-45.30378663156365,mm,B,2,1,20,12
G2,2019-11-09,0.0020709839964938386,0.0038399266433438647,m,A,2,1,20,12
G2,2019-11-10,102.82867479112038,-46.257415568893165,mm,B,2,1,20,12
G2,2019-11-11,1.6126921021338312,4.056320162100537,mm,A,2,1,20,12
G2,2019-11-12,0.10248009252727577,-0.046141640356206305,m,B,2,1,20,12
G2,2019-11-13,1.5040607186679418,2.6680351080853324,mm,A,2,1,20,12
G2,2019-11-14,102.05505286709037,-45.41069989447249,mm,B,2,1,20,12
G2,2019-11-15,0.001481250514081299,0.00442398037039069,m,A,2,1,20,12
G2,2019-11-16,101.59936300294653,-45.877380193668344,mm,B,2,1,20,12
G2,2019-11-17,1.8344098956187376,4.225870099124614,mm,A,2,1,20,12
G2,2019-11-18,0.1022029571449683,-0.04535785711436673,m,B,2,1,20,12
G2,2019-11-19,1.7702885776122244,3.9286378201548664,mm,A,2,1,20,12
G2,2019-11-20,101.47664114650712,-45.102186685761254,mm,B,2,1,20,12
G2,2019-11-21,0.0010126273204833463,0.004615054760774196,m,A,2,1,20,12
G2,2019-11-22,101.46818671410412,-45.0867052671419,mm,B,2,1,20,12
G2,2019-11-23,1.1072975013862059,4.329314045430771,mm,A,2,1,20,12
G2,2019-11-24,0.10243664620467238,-0.04619591758303349,m,B,2,1,20,12
G2,2019-11-25,1.0874954551577867,4.847003545618854,mm,A,2,1,20,12
G2,2019-11-26,102.24960946812789,-45.86231569909331,mm,B,2,1,20,12
G2,2019-11-27,0.002260415544606263,0.003634577988301998,m,A,2,1,20,12
G2,2019-11-28,102.54618789341505,-44.62494486114799,mm,B,2,1,20,12
G2,2019-11-29,2.0497663839558524,5.134399089882561,mm,A,2,1,20,12
G2,2019-11-30,0.10175371284890512,-0.045499802677863264,m,B,2,1,20,12
G2,2019-12-01,1.8765607762588559,4.7678958523753945,mm,A,2,1,20,12
G2,2019-12-02,101.9767667149619,-44.64649792239415,mm,B,2,1,20,12
G2,2019-12-03,0.0019751618799016216,0.004177320258746035,m,A,2,1,20,12
G2,2019-12-04,101.35778477161763,-45.72067382255749,mm,B,2,1,20,12
G2,2019-12-05,1.3465566240325404,4.742145195797746,mm,A,2,1,20,12
G2,2019-12-06,0.1027991803804824,-0.044563042523227736,m,B,2,1,20,12
G2,2019-12-07,1.6585171991831489,5.2505740574117015,mm,A,2,1,20,12
G2,2019-12-08,102.69591908953673,-45.83562155745501,mm,B,12,1,20,12
G2,2019-12-09,0.0010130819368612185,0.005004430122835576,m,A,2,1,20,12
G2,2019-12-10,101.62392418261683,-44.813306264574486,mm,B,2,1,20,12
G2,2019-12-11,2.9582114862899926,3.2790612550378118,mm,A,2,0,20,12
G2,2019-12-12,0.10195331401806028,-0.04455738750414304,m,B,2,1,20,12
G2,2019-12-13,1.734141960861791,6.027718930347987,mm,A,2,1,20,12
G2,2019-12-14,102.28369471814493,-46.21469860980875,mm,B,2,1,20,12
G2,2019-12-15,0.0024071188218556133,0.004988192590986281,m,A,2,1,20,12
G2,2019-12-16,101.65999148993163,-44.8649283631695,mm,B,2,1,20,12
G2,2019-12-17,2.6770692148021515,6.481688083259936,mm,A,2,1,20,12
G2,2019-12-18,0.10088195743815875,-0.044837872440924686,m,B,2,1,20,12
G2,2019-12-19,3.5316470199845145,5.350755139366452,mm,A,2,1,20,12
G2,2019-12-20,102.23750033233745,-44.99396773563193,mm,B,2,1,20,12
G2,2019-12-21,0.002104701150750341,0.004969345903503619,m,A,2,1,20,12
G2,2019-12-22,101.32842474050466,-44.83861400825907,mm,B,2,1,20,12
G2,2019-12-23,2.5361612823071633,4.810777568442913,mm,A,2,1,20,12
G2,2019-12-24,0.10165111165411196,-0.0454525421279459,m,B,2,1,20,12
G2,2019-12-25,1.071667830232046,4.957996358820766,mm,A,2,1,20,12
G2,2019-12-26,101.79161746557322,-45.74950550406172,mm,B,2,1,20,12
G2,2019-12-27,0.0028379085208490654,0.005203452204043692,m,A,2,1,20,12
G2,2019-12-28,101.59010954700946,-45.57075264895285,mm,B,2,1,20,12
G2,2019-12-29,1.80552879439621,4.991730258887924,mm,A,2,1,20,12
G2,2019-12-30,0.10199646072278104,-0.04491737645569004,m,B,2,1,20,12
G2,2019-12-31,2.311388846800482,4.727041274459234,mm,A,2,1,20,12
G2,2020-01-01,102.27537958378406,-44.569937077248,mm,B,2,1,20,12
G2,2020-01-02,0.002138945002342199,0.005697605544913541,m,A,2,1,20,12
G2,2020-01-03,101.69935226142763,-45.82676798674633,mm,B,2,1,20,12
G2,2020-01-04,1.1454849512712815,4.678923026225117,mm,A,2,1,20,12
G2,2020-01-05,0.1010063884915254,-0.04390414495660517,m,B,2,1,20,12
G2,2020-01-06,1.8410904114788387,4.319855283341551,mm,A,2,1,20,12
G2,2020-01-07,101.60872890973242,-45.09974537295403,mm,B,2,1,20,12
G2,2020-01-08,0.0016067336078573993,0.005169727789774156,m,A,12,1,20,12
G2,2020-01-09,100.44441341653294,-45.29671390058174,mm,B,2,1,20,12
G2,2020-01-10,2.440873438689296,4.177945645199834,mm,A,2,1,20,12
G2,2020-01-11,0.1025393455349467,-0.04495554677532257,m,B,2,1,20,12
G2,2020-01-12,2.382748123933779,6.081789723976533,mm,A,2,1,20,12
G2,2020-01-13,101.16085232480222,-44.9392804717959,mm,B,2,1,20,12
G2,2020-01-14,0.0015527986450368319,0.006255883086191308,m,A,2,1,20,12
G2,2020-01-15,102.33149046153707,-45.77287496639984,mm,B,2,1,20,12
G2,2020-01-16,2.0288641492991144,6.171288828843986,mm,A,2,1,20,12
G2,2020-01-17,0.10175199910912636,-0.04411217042974294,m,B,2,1,20,12
G2,2020-01-18,1.1471091551045094,5.5386901407383204,mm,A,2,1,20,12
G2,2020-01-19,102.57942010791702,-44.118384869952216,mm,B,2,1,20,12
G2,2020-01-20,0.0019045917598134268,0.004951539868382437,m,A,2,1,20,12
G2,2020-01-21,101.81413758918885,-44.56291228544304,mm,B,2,1,20,12
G2,2020-01-22,1.630116104499122,4.769568239891121,mm,A,2,1,20,12
G2,2020-01-23,0.10124637654051832,-0.044879743184687286,m,B,2,0,20,12
G2,2020-01-24,1.825879408434461,4.916466047864798,mm,A,2,1,20,12
G2,2020-01-25,102.21172385578569,-43.995572737140485,mm,B,2,1,20,12
G2,2020-01-26,0.0012805984578199302,0.005497883469687436,m,A,2,1,20,12
G2,2020-01-27,102.1215349472199,-44.034209221760825,mm,B,2,1,20,12
G2,2020-01-28,2.1540532674891146,4.704540047028482,mm,A,2,1,20,12
G2,2020-01-29,0.10265310315006562,-0.04542544868213203,m,B,2,1,20,12
G2,2020-01-30,2.260418948790442,5.417488867471658,mm,A,2,1,20,12
G2,2020-01-31,101.27437171181461,-46.0053512890003,mm,B,2,1,20,12
G2,2020-02-01,0.0018030023322116245,0.0056022428987042286,m,A,2,1,20,12
G2,2020-02-02,101.75676527427069,-44.59091200728609,mm,B,2,1,20,12
G2,2020-02-03,1.281986103260882,5.555442799897729,mm,A,2,1,20,12
G2,2020-02-04,0.10153851786776856,-0.04490172094901197,m,B,2,1,20,12
G2,2020-02-05,2.202128162933795,5.408996350354669,mm,A,2,1,20,12
G2,2020-02-06,102.47743573502963,-44.53213285983064,mm,B,2,1,20,12
G2,2020-02-07,0.0019261900397934,0.005965490933772032,m,A,2,1,20,12
G2,2020-02-08,102.3017249316595,-45.08317126914312,mm,B,12,1,20,12
G2,2020-02-09,2.5323771863529343,4.973097420600803,mm,A,2,1,20,12
G2,2020-02-10,0.10157465752762253,-0.0436453527776263,m,B,2,1,20,12
G2,2020-02-11,2.391053052019651,5.229158809929924,mm,A,2,1,20,12
G2,2020-02-12,102.21351471568043,-44.30807376621209,mm,B,2,1,20,12
G2,2020-02-13,0.0027009631557357006,0.005957042035275724,m,A,2,1,20,12
G2,2020-02-14,102.18498754207555,-45.28481723365122,mm,B,2,1,20,12
G2,2020-02-15,3.0625056479189006,5.568036699410936,mm,A,2,1,20,12
G2,2020-02-16,0.10093411232824787,-0.04546785025131369,m,B,2,1,20,12
G2,2020-02-17,3.391148446074368,5.838709096016256,mm,A,2,1,20,12
G2,2020-02-18,102.18953872417343,-44.136500304593554,mm,B,2,1,20,12
G2,2020-02-19,0.002751947361086564,0.0054069524195760575,m,A,2,1,20,12
G2,2020-02-20,101.35088788830853,-44.218375003650046,mm,B,2,1,20,12
G2,2020-02-21,1.7433847748332219,5.724799267998276,mm,A,2,1,20,12
G2,2020-02-22,0.10173457676254599,-0.04410688347062029,m,B,2,1,20,12
G2,2020-02-23,2.735490219494856,5.693737572387511,mm,A,2,1,20,12
G2,2020-02-24,102.59217826868296,-43.89720676269139,mm,B,2,1,20,12
G2,2020-02-25,0.0016212094833839541,0.005631113049322098,m,A,2,1,20,12
G2,2020-02-26,101.51046338672622,-44.85359393462759,mm,B,2,1,20,12
G2,2020-02-27,2.0047153409113334,6.033659776381451,mm,A,2,1,20,12
G2,2020-02-28,0.10161350775369545,-0.04417993472148772,m,B,2,1,20,12
G2,2020-02-29,2.28604877204387,5.543534067695969,mm,A,2,1,20,12
G2,2020-03-01,102.69029555286586,-43.41958389783041,mm,B,2,1,20,12
G2,2020-03-02,0.002610740041971341,0.006526644384970989,m,A,2,1,20,12
G2,2020-03-03,103.01969480211453,-44.41165496420516,mm,B,2,1,20,12
G2,2020-03-04,2.599896229248018,6.281872583146869,mm,A,2,1,20,12
G2,2020-03-05,0.10259376513558079,-0.04349266625560741,m,B,2,1,20,12
G2,2020-03-06,1.7174701006001114,6.648307154967747,mm,A,2,0,20,12
G2,2020-03-07,103.73092382411492,-43.36986409152628,mm,B,2,1,20,12
G2,2020-03-08,0.0021721606861372445,0.005884393325896942,m,A,2,1,20,12
G2,2020-03-09,101.27133650028466,-43.93122760810801,mm,B,2,1,20,12
G2,2020-03-10,1.8062222450237682,6.554538717367061,mm,A,12,1,20,12
G2,2020-03-11,0.10202878832786426,-0.04315190511169139,m,B,2,1,20,12
G2,2020-03-12,2.1390545986778533,5.788832711337121,mm,A,2,1,20,12
G2,2020-03-13,102.01918716419834,-43.65837935198493,mm,B,2,1,20,12
G2,2020-03-14,0.0021354758320549284,0.006121690878777926,m,A,2,1,20,12
G2,2020-03-15,103.6017648487363,-45.40367148808005,mm,B,2,1,20,12
G2,2020-03-16,2.786501366595355,6.402933009883853,mm,A,2,1,20,12
G2,2020-03-17,0.10272902241411669,-0.043876518029132075,m,B,2,1,20,12
G2,2020-03-18,2.379432328809789,5.612881458598601,mm,A,2,1,20,12
G2,2020-03-19,102.18757669598946,-44.10289255312676,mm,B,2,1,20,12
G2,2020-03-20,0.001986228791447177,0.005691135407537176,m,A,2,1,20,12
G2,2020-03-21,101.78851958578781,-44.03650445959868,mm,B,2,1,20,12
G2,2020-03-22,2.1969286702032003,5.4926614300328245,mm,A,2,1,20,12
G2,2020-03-23,0.10237670315289503,-0.044243959048224084,m,B,2,1,20,12
G2,2020-03-24,2.256334129133634,6.328157872553828,mm,A,2,1,20,12
G2,2020-03-25,102.70895271962256,-44.10953131038055,mm,B,2,1,20,12
G2,2020-03-26,0.0018117580673022895,0.006771740967359628,m,A,2,1,20,12
G2,2020-03-27,102.03784833205312,-43.411801734844516,mm,B,2,1,20,12
G2,2020-03-28,2.33678056071825,6.381002422151485,mm,A,2,1,20,12
G2,2020-03-29,0.10295423530632877,-0.043274783344629135,m,B,2,1,20,12
G2,2020-03-30,2.4996155832343807,6.529444503096054,mm,A,2,1,20,12
G2,2020-03-31,103.00961589691406,-44.20833596664329,mm,B,2,1,20,12
G2,2020-04-01,0.0035245749921764182,0.005876376749185376,m,A,2,1,20,12
G2,2020-04-02,102.44368372408351,-44.755161611869326,mm,B,2,1,20,12
G2,2020-04-03,2.199392219731569,6.626190916195709,mm,A,2,1,20,12
G2,2020-04-04,0.1026654251327573,-0.04290941403453765,m,B,2,1,20,12
G2,2020-04-05,1.712201721778519,6.881995924163366,mm,A,2,1,20,12
G2,2020-04-06,103.41216447076168,-43.133294468282834,mm,B,2,1,20,12
G2,2020-04-07,0.0016898151201779823,0.0042787209109427645,m,A,2,1,20,12
G2,2020-04-08,103.15783144736892,-43.61778480208041,mm,B,2,1,20,12
G2,2020-04-09,2.516524970196658,6.583432717178861,mm,A,2,1,20,12
G2,2020-04-10,0.10232525926505756,-0.04414690167941919,m,B,12,1,20,12
G2,2020-04-11,2.598093035836576,5.805209832241027,mm,A,2,1,20,12
G2,2020-04-12,101.87187607677923,-42.85119492967052,mm,B,2,1,20,12
G2,2020-04-13,0.002653172715482458,0.00686742580145986,m,A,2,1,20,12
G2,2020-04-14,102.30896449582269,-43.10718153741265,mm,B,2,1,20,12
G2,2020-04-15,3.6582497549082227,6.406060822460549,mm,A,2,1,20,12
G2,2020-04-16,0.10368458618919307,-0.043584524874148385,m,B,2,1,20,12
G2,2020-04-17,2.1175887437596916,7.060823996298592,mm,A,2,1,20,12
G2,2020-04-18,102.86719097951986,-42.134787836985765,mm,B,2,0,20,12
G2,2020-04-19,0.003086042197571496,0.006449234185093955,m,A,2,1,20,12
G2,2020-04-20,102.12237664028619,-43.223359199252144,mm,B,2,1,20,12
G2,2020-04-21,2.9069247623775847,5.747418301633695,mm,A,2,1,20,12
G2,2020-04-22,0.10316094972581828,-0.043068317639633355,m,B,2,1,20,12
G2,2020-04-23,3.32297540691538,5.789176549678331,mm,A,2,1,20,12
G2,2020-04-24,101.62771106055293,-43.64090488797644,mm,B,2,1,20,12
G2,2020-04-25,0.002125306629780213,0.006674989289446642,m,A,2,1,20,12
G2,2020-04-26,102.40762184729364,-43.42445940493516,mm,B,2,1,20,12
G2,2020-04-27,0.918641168882476,7.118685656535108,mm,A,2,1,20,12
G2,2020-04-28,0.1019485009442776,-0.043053383042287556,m,B,2,1,20,12
G2,2020-04-29,2.8134945199818113,7.404903774587868,mm,A,2,1,20,12
G2,2020-04-30,102.34776707081511,-42.565407391149705,mm,B,2,1,20,12
G2,2020-05-01,0.0031883142996072867,0.0065704146878203945,m,A,2,1,20,12
G2,2020-05-02,102.08731547446035,-43.53517991405859,mm,B,2,1,20,12
G2,2020-05-03,3.2070469500234857,6.476304381590704,mm,A,2,1,20,12
G2,2020-05-04,0.10272322054994099,-0.04330851339032865,m,B,2,1,20,12
G2,2020-05-05,2.402378561367488,7.482410276784262,mm,A,2,1,20,12
G2,2020-05-06,102.25541364211465,-43.620916955011225,mm,B,2,1,20,12
G2,2020-05-07,0.0016916384941336503,0.007582350757874017,m,A,2,1,20,12
G2,2020-05-08,102.82921084346388,-43.86348246084453,mm,B,2,1,20,12
G2,2020-05-09,2.0840984905282607,6.618942133942161,mm,A,2,1,20,12
G2,2020-05-10,0.10210602510129013,-0.043286342774612324,m,B,2,1,20,12
G2,2020-05-11,3.4384318026983305,7.875837858716689,mm,A,12,1,20,12
G2,2020-05-12,101.89586386647203,-42.98168978154552,mm,B,2,1,20,12
G2,2020-05-13,0.0032183733516148033,0.006564527247104632,m,A,2,1,20,12
G2,2020-05-14,102.14519952301721,-43.62992367027319,mm,B,2,1,20,12
G2,2020-05-15,2.5023359644170533,7.007701037751779,mm,A,2,1,20,12
G2,2020-05-16,0.10217288443260253,-0.04381041137723811,m,B,2,1,20,12
G2,2020-05-17,2.81134498150391,5.798525185830474,mm,A,2,1,20,12
G2,2020-05-18,102.97264025948854,-42.30239698316285,mm,B,2,1,20,12
G2,2020-05-19,0.0018381214587177403,0.006515541366114643,m,A,2,1,20,12
G2,2020-05-20,102.45797452369104,-42.18527036787977,mm,B,2,1,20,12
G2,2020-05-21,2.985126555916894,6.026520500931381,mm,A,2,1,20,12
G2,2020-05-22,0.10314179354021923,-0.043309802439441304,m,B,2,1,20,12
G2,2020-05-23,2.7756065837780586,6.870817179655723,mm,A,2,1,20,12
G2,2020-05-24,101.42643031352272,-42.42549302722975,mm,B,2,1,20,12
G2,2020-05-25,0.0028851889365599987,0.006488014350345193,m,A,2,1,20,12
G2,2020-05-26,103.3941129634241,-43.5624121895366,mm,B,2,1,20,12
G2,2020-05-27,2.064786788942343,6.26297905500835,mm,A,2,1,20,12
G2,2020-05-28,0.10369488437996541,-0.04248693155007902,m,B,2,1,20,12
G2,2020-05-29,1.7068910039794027,7.618358574308923,mm,A,2,1,20,12
G2,2020-05-30,103.23619853855706,-42.55616137591529,mm,B,2,1,20,12
G2,2020-05-31,0.0026955040809397736,0.0068362720831374405,m,A,2,0,20,12
G2,2020-06-01,102.7290637583038,-43.41254380412344,mm,B,2,1,20,12
G2,2020-06-02,2.162293406544249,6.913441341363654,mm,A,2,1,20,12
G2,2020-06-03,0.10368621753193477,-0.0427883400509443,m,B,2,1,20,12
G2,2020-06-04,3.196280761701354,7.128114141942569,mm,A,2,1,20,12
G2,2020-06-05,102.80518613607569,-42.82345012671627,mm,B,2,1,20,12
G2,2020-06-06,0.002351184975627727,0.007200537095215163,m,A,2,1,20,12
G2,2020-06-07,102.89661199819407,-42.91319880459019,mm,B,2,1,20,12
G2,2020-06-08,2.8708682231319638,7.533314765436737,mm,A,2,1,20,12
G2,2020-06-09,0.1033473361799819,-0.04335738966254104,m,B,2,1,20,12
G2,2020-06-10,2.1384083380567507,7.850744702498086,mm,A,2,1,20,12
G2,2020-06-11,101.707792964857,-42.76371914580991,mm,B,12,1,20,12
G2,2020-06-12,0.0034449080578894216,0.0063287117151121,m,A,2,1,20,12
G2,2020-06-13,103.92148756628315,-42.86245386621244,mm,B,2,1,20,12
G2,2020-06-14,4.1822548351945645,6.680022948505025,mm,A,2,1,20,12
G2,2020-06-15,0.10314154964432595,-0.04319243955697684,m,B,2,1,20,12
G2,2020-06-16,2.8970345877864165,7.325038926125903,mm,A,2,1,20,12
G2,2020-06-17,101.95432847664856,-42.470676685364396,mm,B,2,1,20,12
G2,2020-06-18,0.003164056297306375,0.007729607792983629,m,A,2,1,20,12
G2,2020-06-19,103.15682907225712,-42.98818178148272,mm,B,2,1,20,12
G2,2020-06-20,4.677623856780645,7.788661160390432,mm,A,2,1,20,12
G2,2020-06-21,0.10295793299635408,-0.042660762218333065,m,B,2,1,20,12
G2,2020-06-22,2.7956944981216205,7.264136621611713,mm,A,2,1,20,12
G2,2020-06-23,103.42827080021824,-42.76387735827573,mm,B,2,1,20,12
G2,2020-06-24,0.0036814952562372444,0.0072870668626499905,m,A,2,1,20,12
G2,2020-06-25,102.40894360356769,-42.640753373814185,mm,B,2,1,20,12
G2,2020-06-26,3.144317774665725,6.715539028442636,mm,A,2,1,20,12
G2,2020-06-27,0.10222974947535636,-0.04096482401255239,m,B,2,1,20,12
G2,2020-06-28,2.851766331659971,6.929604347051394,mm,A,2,1,20,12
G2,2020-06-29,102.94253332290936,-41.542557236372595,mm,B,2,1,20,12
G2,2020-06-30,0.0037262584513616513,0.00729157002479626,m,A,2,1,20,12
G2,2020-07-01,102.7785221286674,-42.43350411652991,mm,B,2,1,20,12
G2,2020-07-02,3.0647078728777384,6.435191498724718,mm,A,2,1,20,12
G2,2020-07-03,0.10238412469934365,-0.04364180243285949,m,B,2,1,20,12
G2,2020-07-04,3.484899501553521,8.35292351832681,mm,A,2,1,20,12
G2,2020-07-05,102.96106535739541,-40.5209005578936,mm,B,2,1,20,12
G2,2020-07-06,0.00423381947427879,0.00760826230797333,m,A,2,1,20,12
G2,2020-07-07,102.96299381143727,-41.726531157139924,mm,B,2,1,20,12
G2,2020-07-08,3.412830762170362,8.269445821039438,mm,A,2,1,20,12
G2,2020-07-09,0.1056710912697456,-0.04183546922807063,m,B,2,1,20,12
G2,2020-07-10,3.146164189826025,7.895894683199341,mm,A,2,1,20,12
G2,2020-07-11,102.95987221753103,-43.335135319855844,mm,B,2,1,20,12
G2,2020-07-12,0.0031379042360824253,0.007846918632471247,m,A,12,1,20,12
G2,2020-07-13,103.97370457236315,-41.94897980745813,mm,B,2,0,20,12
G2,2020-07-14,3.0665986774645164,8.364268836827073,mm,A,2,1,20,12
G2,2020-07-15,0.10306642927543341,-0.04236162865696463,m,B,2,1,20,12
G2,2020-07-16,4.078039819827034,7.770702729061271,mm,A,2,1,20,12
G2,2020-07-17,104.14267071142446,-42.153039989941654,mm,B,2,1,20,12
G2,2020-07-18,0.0039152192693195625,0.008024370520561479,m,A,2,1,20,12
G2,2020-07-19,102.75118027703066,-42.02864199362009,mm,B,2,1,20,12
G2,2020-07-20,3.3458956003631743,7.938424721944727,mm,A,2,1,20,12
G2,2020-07-21,0.1020472324781693,-0.041902432119241384,m,B,2,1,20,12
G2,2020-07-22,2.8544467453908537,7.857510409365089,mm,A,2,1,20,12
G2,2020-07-23,103.80752497037213,-42.723675351524,mm,B,2,1,20,12
G2,2020-07-24,0.0032080781106351873,0.008179152219934021,m,A,2,1,20,12
G2,2020-07-25,103.05237384385063,-42.28950724065292,mm,B,2,1,20,12
G2,2020-07-26,2.4835614312192957,7.645114262192828,mm,A,2,1,20,12
G2,2020-07-27,0.10366563340565854,-0.042159227804266314,m,B,2,1,20,12
G2,2020-07-28,2.7958903509849398,7.694765653635758,mm,A,2,1,20,12
G2,2020-07-29,103.78677774534425,-41.81927527358328,mm,B,2,1,20,12
G2,2020-07-30,0.004160273032393351,0.008082925498679535,m,A,2,1,20,12
G2,2020-07-31,103.05171103174409,-42.43805489102207,mm,B,2,1,20,12
G2,2020-08-01,3.9549434676380644,8.187534381309272,mm,A,2,1,20,12
G2,2020-08-02,0.10373159470742226,-0.04230396850585629,m,B,2,1,20,12
G2,2020-08-03,2.655301517996994,7.4902762103137706,mm,A,2,1,20,12
G2,2020-08-04,102.71930667368345,-41.07733003733133,mm,B,2,1,20,12
G2,2020-08-05,0.0030905835401742764,0.007450866466851213,m,A,2,1,20,12
G2,2020-08-06,102.86880542757716,-42.49155111401034,mm,B,2,1,20,12
G2,2020-08-07,3.0882932273491686,8.2429449253569,mm,A,2,1,20,12
G2,2020-08-08,0.10289557820569842,-0.04147820558891419,m,B,2,1,20,12
G2,2020-08-09,3.427189825065047,8.051001072107667,mm,A,2,1,20,12
G2,2020-08-10,102.71885147518057,-40.35316900245439,mm,B,2,1,20,12
G2,2020-08-11,0.003158019725717117,0.007332686944359105,m,A,2,1,20,12
G2,2020-08-12,103.42619094084546,-42.58732104828065,mm,B,12,1,20,12
G2,2020-08-13,3.732018651451739,7.62734690184873,mm,A,2,1,20,12
G2,2020-08-14,0.10298195357408658,-0.0416310749077775,m,B,2,1,20,12
G2,2020-08-15,3.1270792776349325,7.6428050881912295,mm,A,2,1,20,12
G2,2020-08-16,102.67862429686843,-41.45103356256521,mm,B,2,1,20,12
G2,2020-08-17,0.003665275467768659,0.008517253143091348,m,A,2,1,20,12
G2,2020-08-18,104.31919755237148,-43.11325487600534,mm,B,2,1,20,12
G2,2020-08-19,3.118161304828473,8.189285752945693,mm,A,2,1,20,12
G2,2020-08-20,0.1029880767533396,-0.04251105333758376,m,B,2,1,20,12
G2,2020-08-21,3.997839034661989,8.785031499592481,mm,A,2,1,20,12
G2,2020-08-22,102.95938536554708,-42.17214058694256,mm,B,2,1,20,12
G2,2020-08-23,0.004013495114580127,0.009168287096640889,m,A,2,1,20,12
G2,2020-08-24,103.71099512361474,-41.53967966241259,mm,B,2,1,20,12
G2,2020-08-25,2.503582404534659,7.62373180338153,mm,A,2,0,20,12
G2,2020-08-26,0.10430593611803535,-0.04231364259097558,m,B,2,1,20,12
G2,2020-08-27,3.0353171031123196,8.643072143884963,mm,A,2,1,20,12
G2,2020-08-28,102.72355199231926,-41.449296387230845,mm,B,2,1,20,12
G2,2020-08-29,0.003604473650177046,0.006984114991152189,m,A,2,1,20,12
G2,2020-08-30,102.42769128420962,-41.68601260203231,mm,B,2,1,20,12
G2,2020-08-31,3.5245992008411857,7.506655387436505,mm,A,2,1,20,12
G2,2020-09-01,0.10385766933902284,-0.04030084272724643,m,B,2,1,20,12
G2,2020-09-02,3.0871782661243037,7.579541312547467,mm,A,2,1,20,12
G2,2020-09-03,103.25037177022159,-40.85547082422131,mm,B,2,1,20,12
G2,2020-09-04,0.0032737603182922915,0.008586176137609725,m,A,2,1,20,12
G2,2020-09-05,102.36911878217163,-41.50361754745084,mm,B,2,1,20,12
G2,2020-09-06,2.9648590049542944,8.16795278712921,mm,A,2,1,20,12
G2,2020-09-07,0.10250197955893826,-0.04119005091425292,m,B,2,1,20,12
G2,2020-09-08,3.3638796732428444,9.207217039324417,mm,A,2,1,20,12
G2,2020-09-09,104.12598695421369,-41.65131036166663,mm,B,2,1,20,12
G2,2020-09-10,0.00408754217760927,0.00847359597718224,m,A,2,1,20,12
G2,2020-09-11,103.61501665834471,-40.96137696544671,mm,B,2,1,20,12
G2,2020-09-12,3.481913456152954,8.179765330063965,mm,A,12,1,20,12
G2,2020-09-13,0.10441356442829357,-0.041621762629550904,m,B,2,1,20,12
G2,2020-09-14,5.168285195094491,9.118930969585282,mm,A,2,1,20,12
G2,2020-09-15,103.53705140731049,-41.285335838631816,mm,B,2,1,20,12
G2,2020-09-16,0.004004280378260541,0.008373767126503397,m,A,2,1,20,12
G2,2020-09-17,103.98879763302794,-40.937311007074314,mm,B,2,1,20,12
G2,2020-09-18,2.7983576596241164,8.577442744973894,mm,A,2,1,20,12
G2,2020-09-19,0.104191190019473,-0.041900468445875916,m,B,2,1,20,12
G2,2020-09-20,2.602376424255739,8.757944149267717,mm,A,2,1,20,12
G2,2020-09-21,103.48852142403423,-41.090404527980375,mm,B,2,1,20,12
G2,2020-09-22,0.003981097286538332,0.008906938912299163,m,A,2,1,20,12
G2,2020-09-23,103.9484354810443,-41.52321700831664,mm,B,2,1,20,12
G2,2020-09-24,4.239088698848122,8.34970139146185,mm,A,2,1,20,12
G2,2020-09-25,0.10405982740814794,-0.04155134094608805,m,B,2,1,20,12
G2,2020-09-26,3.7813717814708605,7.6623572444505745,mm,A,2,1,20,12
G2,2020-09-27,103.28797366483707,-40.529364187067564,mm,B,2,1,20,12
G2,2020-09-28,0.003253435399484695,0.008875529256242472,m,A,2,1,20,12
G2,2020-09-29,103.43389597165299,-41.50794474283643,mm,B,2,1,20,12
G2,2020-09-30,2.797805836928494,9.79837944699183,mm,A,2,1,20,12
G2,2020-10-01,0.10322265106981049,-0.041948536552103184,m,B,2,1,20,12
G2,2020-10-02,3.3737712831147997,7.984633820410959,mm,A,2,1,20,12
G2,2020-10-03,103.60630610507832,-41.33719370950328,mm,B,2,1,20,12
G2,2020-10-04,0.003423760047081904,0.00867796197801066,m,A,2,1,20,12
G2,2020-10-05,102.03153771998201,-40.672815075728536,mm,B,2,1,20,12
G2,2020-10-06,3.5395530527609043,9.253004726079086,mm,A,2,1,20,12
G2,2020-10-07,0.10346215789734263,-0.041650205591854984,m,B,2,0,20,12
G2,2020-10-08,2.9389066267788357,8.323357573716782,mm,A,2,1,20,12
G2,2020-10-09,102.71099134722407,-42.03506840629944,mm,B,2,1,20,12
G2,2020-10-10,0.003443962267712589,0.009029160125957529,m,A,2,1,20,12
G2,2020-10-11,104.14819717639564,-40.973888070482346,mm,B,2,1,20,12
G2,2020-10-12,2.9397849905007645,9.087102028692614,mm,A,2,1,20,12
G2,2020-10-13,0.10354136164279094,-0.041608403918805034,m,B,12,1,20,12
G2,2020-10-14,3.7229080753608566,8.57415633599746,mm,A,2,1,20,12
G2,2020-10-15,102.40644585187016,-42.34391219444347,mm,B,2,1,20,12
G2,2020-10-16,0.004724219402769233,0.008630390932395232,m,A,2,1,20,12
G2,2020-10-17,102.53864784138155,-40.791590042529656,mm,B,2,1,20,12
G2,2020-10-18,3.4542772205714534,9.7573074700719,mm,A,2,1,20,12
G2,2020-10-19,0.10377768763108135,-0.040927847519917036,m,B,2,1,20,12
G2,2020-10-20,3.4173795641514304,9.138626091612458,mm,A,2,1,20,12
G2,2020-10-21,103.59189971236191,-40.79180150168742,mm,B,2,1,20,12
G2,2020-10-22,0.003225754254449949,0.008435846308469568,m,A,2,1,20,12
G2,2020-10-23,103.09798285917242,-41.15055044669614,mm,B,2,1,20,12
G2,2020-10-24,4.182165960108027,9.312713873710388,mm,A,2,1,20,12
G2,2020-10-25,0.10368720023859544,-0.03977070769544739,m,B,2,1,20,12
G2,2020-10-26,3.492762971698105,9.417390837452965,mm,A,2,1,20,12
G2,2020-10-27,103.79536789445936,-40.91486179389755,mm,B,2,1,20,12
G2,2020-10-28,0.0036809961677610635,0.00876300948971924,m,A,2,1,20,12
G2,2020-10-29,103.50836294600822,-41.89101981190897,mm,B,2,1,20,12
G2,2020-10-30,4.098113616358818,9.596828272129532,mm,A,2,1,20,12
G2,2020-10-31,0.10331850762044249,-0.040746862021160624,m,B,2,1,20,12
G2,2020-11-01,3.962571477809157,8.770653915206289,mm,A,2,1,20,12
G2,2020-11-02,104.56495514589099,-40.99630968382564,mm,B,2,1,20,12
G2,2020-11-03,0.0038581253280792626,0.00962400644667837,m,A,2,1,20,12
G2,2020-11-04,103.91189174136781,-39.89927058871941,mm,B,2,1,20,12
G2,2020-11-05,4.027914746177231,8.909981895862746,mm,A,2,1,20,12
G2,2020-11-06,0.1026670926989024,-0.04064945788796054,m,B,2,1,20,12
G2,2020-11-07,4.134883344137449,9.146807200578921,mm,A,2,1,20,12
G2,2020-11-08,104.50936535571466,-40.58843358292085,mm,B,2,1,20,12
G2,2020-11-09,0.00451159549225235,0.009815959692041396,m,A,2,1,20,12
G2,2020-11-10,104.50591495516146,-40.25342920869758,mm,B,2,1,20,12
G2,2020-11-11,3.9527011494933024,9.203032055561478,mm,A,2,1,20,12
G2,2020-11-12,0.10327178841251386,-0.04132032649500558,m,B,2,1,20,12
G2,2020-11-13,3.4966306906524247,8.956148430896821,mm,A,12,1,20,12
G2,2020-11-14,103.79179095584598,-40.966380112955186,mm,B,2,1,20,12
G2,2020-11-15,0.003082346357816057,0.009770400340741135,m,A,2,1,20,12
G2,2020-11-16,103.83922996038743,-40.45502843382114,mm,B,2,1,20,12
G2,2020-11-17,3.588138569910702,8.709480722881022,mm,A,2,1,20,12
G2,2020-11-18,0.10425997216980934,-0.04051898979873596,m,B,2,1,20,12
G2,2020-11-19,2.7749678344469215,9.838939046324382,mm,A,2,0,20,12
G2,2020-11-20,104.81340194585259,-40.47783513415039,mm,B,2,1,20,12
G2,2020-11-21,0.004917073043539649,0.009253132344279942,m,A,2,1,20,12
G2,2020-11-22,103.18906167977597,-39.62595166166314,mm,B,2,1,20,12
G2,2020-11-23,4.266626404830517,9.083162789364456,mm,A,2,1,20,12
G2,2020-11-24,0.10398683173520491,-0.04064083279184231,m,B,2,1,20,12
G2,2020-11-25,3.5851626840487447,9.273942182348144,mm,A,2,1,20,12
G2,2020-11-26,104.33347041505024,-41.843494209957235,mm,B,2,1,20,12
G2,2020-11-27,0.003778439171021645,0.01084543361405247,m,A,2,1,20,12
G2,2020-11-28,103.344495411648,-40.12567199557385,mm,B,2,1,20,12
G2,2020-11-29,3.7358318220849953,9.86404061151213,mm,A,2,1,20,12
G2,2020-11-30,0.10338263875141969,-0.04085835492919922,m,B,2,1,20,12
G2,2020-12-01,4.146173050094662,9.794899169894682,mm,A,2,1,20,12
G2,2020-12-02,102.9838974090131,-39.610266383406824,mm,B,2,1,20,12
G2,2020-12-03,0.004323290768082568,0.009895144336013826,m,A,2,1,20,12
G2,2020-12-04,104.90579925258658,-40.394498209013236,mm,B,2,1,20,12
G2,2020-12-05,3.1080117384464905,9.08468636860466,mm,A,2,1,20,12
G2,2020-12-06,0.10356490971896495,-0.03984235364191277,m,B,2,1,20,12
G2,2020-12-07,4.692737851330906,8.739376263656148,mm,A,2,1,20,12
G2,2020-12-08,103.47621761716378,-40.431819567582316,mm,B,2,1,20,12
G2,2020-12-09,0.003672167035755748,0.010574801828184452,m,A,2,1,20,12
G2,2020-12-10,104.45425847657235,-39.900347837364976,mm,B,2,1,20,12
G2,2020-12-11,3.408956266375531,9.531004810011158,mm,A,2,1,20,12
G2,2020-12-12,0.10401874630804185,-0.04061588311737503,m,B,2,1,20,12
G2,2020-12-13,3.1024709342558956,9.966714932525703,mm,A,2,1,20,12
G2,2020-12-14,103.57154182592926,-40.83079147401916,mm,B,12,1,20,12
G2,2020-12-15,0.004369768796718461,0.010007086235656118,m,A,2,1,20,12
G2,2020-12-16,104.23765265752827,-39.42874362571992,mm,B,2,1,20,12
G2,2020-12-17,3.9272344499532927,9.922412839067196,mm,A,2,1,20,12
G2,2020-12-18,0.10386488008325523,-0.040050116036284326,m,B,2,1,20,12
G2,2020-12-19,4.254981532910846,9.890787147776056,mm,A,2,1,20,12
G2,2020-12-20,103.66878685115853,-42.22418046593594,mm,B,2,1,20,12
G2,2020-12-21,0.004610091097313,0.008817334489082231,m,A,2,1,20,12
G2,2020-12-22,104.27100114738296,-38.204327322351695,mm,B,2,1,20,12
G2,2020-12-23,3.4639513137628346,9.712936918754693,mm,A,2,1,20,12
G2,2020-12-24,0.10447205143715162,-0.04091920904822521,m,B,2,1,20,12
G2,2020-12-25,3.315790930616097,10.13559891626728,mm,A,2,1,20,12
G2,2020-12-26,105.10350991364834,-40.79518795171511,mm,B,2,1,20,12
G2,2020-12-27,0.0037544713743729217,0.008701444705177964,m,A,2,1,20,12
G2,2020-12-28,103.70489556240811,-39.52464231287708,mm,B,2,1,20,12
G2,2020-12-29,4.288137279971614,9.22437304300714,mm,A,2,1,20,12
G2,2020-12-30,0.10397148461669664,-0.039111416712293214,m,B,2,1,20,12
G2,2020-12-31,3.7492683835606533,10.111866552845301,mm,A,2,1,20,12
G2,2021-01-01,103.69307090530023,-39.912524173242645,mm,B,2,0,20,12
G2,2021-01-02,0.0046021519548005456,0.0101312597423758,m,A,2,1,20,12
G2,2021-01-03,103.7977213641231,-40.205507567914225,mm,B,2,1,20,12
G2,2021-01-04,4.313837111659834,10.672774194976714,mm,A,2,1,20,12
G2,2021-01-05,0.1030227518304929,-0.03976174822926521,m,B,2,1,20,12
G2,2021-01-06,3.841921318267168,9.887272986337694,mm,A,2,1,20,12
G2,2021-01-07,104.51816654226513,-39.96422319819677,mm,B,2,1,20,12
G2,2021-01-08,0.005148825812017212,0.008828218856859159,m,A,2,1,20,12
G2,2021-01-09,103.40475309036493,-39.91806220633815,mm,B,2,1,20,12
G2,2021-01-10,3.1340308537198145,9.779644378446402,mm,A,2,1,20,12
G2,2021-01-11,0.10445740977619428,-0.0408154177132634,m,B,2,1,20,12
G2,2021-01-12,4.376327170453763,10.917266660054112,mm,A,2,1,20,12
G2,2021-01-13,103.72020763621879,-40.083792726400546,mm,B,2,1,20,12
G2,2021-01-14,0.004488053879653464,0.011508926765835826,m,A,12,1,20,12
G2,2021-01-15,103.82447874937017,-38.928178312079815,mm,B,2,1,20,12
G2,2021-01-16,4.258394048854328,9.904001895281846,mm,A,2,1,20,12
G2,2021-01-17,0.10465121148940208,-0.03968453334277723,m,B,2,1,20,12
G2,2021-01-18,4.583173648569257,10.653850210248033,mm,A,2,1,20,12
G2,2021-01-19,104.72241452629187,-39.58761431388925,mm,B,2,1,20,12
G2,2021-01-20,0.0037374048507788906,0.010583845136346757,m,A,2,1,20,12
G2,2021-01-21,104.70162247134095,-39.20636765668314,mm,B,2,1,20,12
G2,2021-01-22,4.798705974856631,9.702606168559349,mm,A,2,1,20,12
G2,2021-01-23,0.10490607997236914,-0.03974913325073787,m,B,2,1,20,12
G2,2021-01-24,3.8658761778830093,10.208064101101236,mm,A,2,1,20,12
G2,2021-01-25,104.37086184937708,-40.22657733518744,mm,B,2,1,20,12
G2,2021-01-26,0.0043755832619011255,0.010065476526952727,m,A,2,1,20,12
G2,2021-01-27,104.59435079198413,-40.717502859226315,mm,B,2,1,20,12
G2,2021-01-28,3.3719155419522924,9.760064942221721,mm,A,2,1,20,12
G2,2021-01-29,0.10448509066548708,-0.03981539726415299,m,B,2,1,20,12
G2,2021-01-30,4.281259349078166,9.539526481640225,mm,A,2,1,20,12
G2,2021-01-31,103.85376561733392,-39.844404848275154,mm,B,2,1,20,12
G2,2021-02-01,0.003891507070600953,0.010654394049842373,m,A,2,1,20,12
G2,2021-02-02,104.22874405380573,-40.40041913700734,mm,B,2,1,20,12
G2,2021-02-03,3.717508628257005,9.915218061323738,mm,A,2,1,20,12
G2,2021-02-04,0.10482352445640536,-0.04011210719064185,m,B,2,1,20,12
G2,2021-02-05,4.489408566474304,8.72574316218524,mm,A,2,1,20,12
G2,2021-02-06,104.75669515428311,-39.12220761875937,mm,B,2,1,20,12
G2,2021-02-07,0.004445731045223795,0.010131841312161062,m,A,2,1,20,12
G2,2021-02-08,104.46223036603685,-40.19291307859395,mm,B,2,1,20,12
G2,2021-02-09,3.3843657565875276,10.04910230497974,mm,A,2,1,20,12
G2,2021-02-10,0.10333812990877576,-0.040331044276239195,m,B,2,1,20,12
G2,2021-02-11,3.7318311337405845,10.432413029275327,mm,A,2,1,20,12
G2,2021-02-12,104.51721366476369,-39.13351832046707,mm,B,2,1,20,12
G2,2021-02-13,0.004310478043180756,0.010612221201883515,m,A,2,0,20,12
G2,2021-02-14,103.89171680197,-39.34866648766743,mm,B,12,1,20,12
G2,2021-02-15,4.4257825601233876,10.357100450268353,mm,A,2,1,20,12
G2,2021-02-16,0.10378017515755099,-0.03945333637681033,m,B,2,1,20,12
G2,2021-02-17,3.753745048166725,11.357362997076294,mm,A,2,1,20,12
G2,2021-02-18,103.6693836663454,-38.90476201520133,mm,B,2,1,20,12
G2,2021-02-19,0.0033580154592711543,0.010657394278271205,m,A,2,1,20,12
G2,2021-02-20,105.5454908982043,-39.92538213341517,mm,B,2,1,20,12
G2,2021-02-21,3.995224371543792,11.050630457144434,mm,A,2,1,20,12
G2,2021-02-22,0.10428694774642178,-0.039817081689630496,m,B,2,1,20,12
G2,2021-02-23,4.215631584394672,12.123580329427252,mm,A,2,1,20,12
G2,2021-02-24,103.40704770347699,-38.31157585250147,mm,B,2,1,20,12
G2,2021-02-25,0.004793262524485328,0.011127106490450749,m,A,2,1,20,12
G2,2021-02-26,104.72713517848769,-38.899185944248956,mm,B,2,1,20,12
G2,2021-02-27,5.111701332057271,11.116568303080422,mm,A,2,1,20,12
G2,2021-02-28,0.10427469477851518,-0.04010407426132647,m,B,2,1,20,12
G2,2021-03-01,3.922148785233104,10.520306941097795,mm,A,2,1,20,12
G2,2021-03-02,105.11642391218315,-39.240897729877986,mm,B,2,1,20,12
G2,2021-03-03,0.004695603670111386,0.01078578948473403,m,A,2,1,20,12
G2,2021-03-04,103.6970657987581,-39.365698814697005,mm,B,2,1,20,12
G2,2021-03-05,4.119219445165192,11.03633538132164,mm,A,2,1,20,12
G2,2021-03-06,0.10455997275943692,-0.04029059820600935,m,B,2,1,20,12
G2,2021-03-07,5.439695799798555,11.715356177784027,mm,A,2,1,20,12
G2,2021-03-08,104.1630522172756,-39.00158120337816,mm,B,2,1,20,12
G2,2021-03-09,0.00506037582172611,0.011196721183005319,m,A,2,1,20,12
G2,2021-03-10,104.85980580602359,-39.61458978649934,mm,B,2,1,20,12
G2,2021-03-11,4.5908617509188945,12.055009307462958,mm,A,2,1,20,12
G2,2021-03-12,0.10500198659236379,-0.03894854586309242,m,B,2,1,20,12
G2,2021-03-13,4.7715995512913265,10.992391653706706,mm,A,2,1,20,12
G2,2021-03-14,104.41858311164843,-39.557233532601444,mm,B,2,1,20,12
G2,2021-03-15,0.0036894301905714766,0.011487407000094745,m,A,2,1,20,12
G2,2021-03-16,103.72341749485251,-38.428865504709016,mm,B,2,1,20,12
G2,2021-03-17,5.353648274612544,11.30228736928905,mm,A,12,1,20,12
G2,2021-03-18,0.10457968348397269,-0.0383416019291392,m,B,2,1,20,12
G2,2021-03-19,4.546214152955684,11.913450872017696,mm,A,2,1,20,12
G2,2021-03-20,105.49597982856028,-38.6306147277525,mm,B,2,1,20,12
G2,2021-03-21,0.003728819959822609,0.01184955554657403,m,A,2,1,20,12
G2,2021-03-22,105.08217428714826,-39.34119493674466,mm,B,2,1,20,12
G2,2021-03-23,4.667255345599311,11.248108413827204,mm,A,2,1,20,12
G2,2021-03-24,0.10490218984876169,-0.03947498435028614,m,B,2,1,20,12
G2,2021-03-25,4.4204421223714,10.765282394975017,mm,A,2,1,20,12
G2,2021-03-26,103.87556602491786,-39.24077336391234,mm,B,2,1,20,12
G2,2021-03-27,0.004708392477488084,0.010867186183211261,m,A,2,1,20,12
G2,2021-03-28,104.00367016807402,-38.7548432868719,mm,B,2,0,20,12
G2,2021-03-29,4.041285413614323,11.106178071894076,mm,A,2,1,20,12
G2,2021-03-30,0.10454085483319425,-0.038869330951926,m,B,2,1,20,12
G2,2021-03-31,3.848340508695127,11.29197000138035,mm,A,2,1,20,12
G2,2021-04-01,104.44889225674834,-39.4048645264289,mm,B,2,1,20,12
G2,2021-04-02,0.004399489800273501,0.012256787031410208,m,A,2,1,20,12
G2,2021-04-03,104.51124900398217,-39.76927953889425,mm,B,2,1,20,12
G2,2021-04-04,4.625253521594632,10.140352071841502,mm,A,2,1,20,12
G2,2021-04-05,0.10455281308467061,-0.03866767226452183,m,B,2,1,20,12
G2,2021-04-06,4.653816333270426,11.541299074908963,mm,A,2,1,20,12
G2,2021-04-07,104.28055273419623,-38.595625114590646,mm,B,2,1,20,12
G2,2021-04-08,0.004060688599063005,0.01156637093252879,m,A,2,1,20,12
G2,2021-04-09,103.8850541903392,-38.79546957940621,mm,B,2,1,20,12
G2,2021-04-10,4.19618215016294,11.163906882068577,mm,A,2,1,20,12
G2,2021-04-11,0.10434758103560858,-0.03878531888135335,m,B,2,1,20,12
G2,2021-04-12,3.534340654183972,9.977977037917722,mm,A,2,1,20,12
G2,2021-04-13,104.40874092955585,-39.00483142780979,mm,B,2,1,20,12
G2,2021-04-14,0.004759475437645549,0.01044579732563547,m,A,2,1,20,12
G2,2021-04-15,104.66081373697679,-37.48748203651714,mm,B,2,1,20,12
G2,2021-04-16,4.695343390264552,11.685671732087062,mm,A,2,1,20,12
G2,2021-04-17,0.10521659102310968,-0.039283835943911515,m,B,12,1,20,12
G2,2021-04-18,5.745565359170746,11.895692027700091,mm,A,2,1,20,12
G2,2021-04-19,104.64520583853806,-38.02542303402258,mm,B,2,1,20,12
G2,2021-04-20,0.005334803294697202,0.011682302327053773,m,A,2,1,20,12
G2,2021-04-21,104.82089026147241,-39.168106446507295,mm,B,2,1,20,12
G2,2021-04-22,4.9153494895054255,11.513093218807938,mm,A,2,1,20,12
G2,2021-04-23,0.1045186032254688,-0.037577263278996804,m,B,2,1,20,12
G2,2021-04-24,4.451199421625777,10.394727908245013,mm,A,2,1,20,12
G2,2021-04-25,104.24924514642068,-37.96366008178593,mm,B,2,1,20,12
G2,2021-04-26,0.00476837981412839,0.010866797560939046,m,A,2,1,20,12
G2,2021-04-27,105.14139954471182,-38.5549934954579,mm,B,2,1,20,12
G2,2021-04-28,4.584015765373666,12.55390240693945,mm,A,2,1,20,12
G2,2021-04-29,0.10482460092291783,-0.03804844785208898,m,B,2,1,20,12
G2,2021-04-30,4.5438690433239035,10.498843217031167,mm,A,2,1,20,12
G2,2021-05-01,104.66090799941063,-38.43146729121726,mm,B,2,1,20,12
G2,2021-05-02,0.004439979250225656,0.010876390056205821,m,A,2,1,20,12
G2,2021-05-03,104.7917650686826,-37.85798035291204,mm,B,2,1,20,12
G2,2021-05-04,4.371910278464536,11.485051376720582,mm,A,2,1,20,12
G2,2021-05-05,0.10531577675886036,-0.037808432872319477,m,B,2,1,20,12
G2,2021-05-06,3.8361692660003057,11.58923870026082,mm,A,2,1,20,12
G2,2021-05-07,104.84466706399138,-38.36287326101894,mm,B,2,1,20,12
G2,2021-05-08,0.004371854675159682,0.011227128658495619,m,A,2,1,20,12
G2,2021-05-09,104.4872748564628,-38.40382516605689,mm,B,2,1,20,12
G2,2021-05-10,4.069144276271514,11.16036372127044,mm,A,2,0,20,12
G2,2021-05-11,0.1042601953858864,-0.037436585087315635,m,B,2,1,20,12
G2,2021-05-12,5.798764950710381,11.099429947880754,mm,A,2,1,20,12
G2,2021-05-13,104.52049961531137,-36.71494704147345,mm,B,2,1,20,12
G2,2021-05-14,0.005371159315552692,0.012050168234731993,m,A,2,1,20,12
G2,2021-05-15,104.84578555757871,-39.18097567539339,mm,B,2,1,20,12
G2,2021-05-16,5.709324689155054,11.896400410620767,mm,A,2,1,20,12
G2,2021-05-17,0.10436876112745916,-0.03827208208793238,m,B,2,1,20,12
G2,2021-05-18,6.032559059550556,13.3391622648974,mm,A,12,1,20,12
G2,2021-05-19,105.13260743497081,-38.11074445619882,mm,B,2,1,20,12
G2,2021-05-20,0.005189051150332043,0.012237741562399398,m,A,2,1,20,12
G2,2021-05-21,104.4098806983338,-38.492635339390596,mm,B,2,1,20,12
G2,2021-05-22,4.791322465547539,12.475260705606367,mm,A,2,1,20,12
G2,2021-05-23,0.10406710496385303,-0.03691164658064518,m,B,2,1,20,12
G2,2021-05-24,4.707921283578296,12.25312025184932,mm,A,2,1,20,12
G2,2021-05-25,105.58828685922666,-37.45790035198278,mm,B,2,1,20,12
G2,2021-05-26,0.0055101861502488666,0.012233603579473394,m,A,2,1,20,12
G2,2021-05-27,103.96000080486863,-38.26993972557809,mm,B,2,1,20,12
G2,2021-05-28,4.668128578738005,11.539324771277117,mm,A,2,1,20,12
G2,2021-05-29,0.1049678277197145,-0.038609953307185974,m,B,2,1,20,12
G2,2021-05-30,4.099874349109507,12.995523902249968,mm,A,2,1,20,12
G2,2021-05-31,104.13965500633287,-38.04693876719021,mm,B,2,1,20,12
G2,2021-06-01,0.004677262714700495,0.012321867984498656,m,A,2,1,20,12
G2,2021-06-02,104.7753882344696,-38.467574788809216,mm,B,2,1,20,12
G2,2021-06-03,5.187512681152364,11.230635822392522,mm,A,2,1,20,12
G2,2021-06-04,0.10473790821376622,-0.03681330704264024,m,B,2,1,20,12
G2,2021-06-05,4.439128108988761,12.167752042815584,mm,A,2,1,20,12
G2,2021-06-06,106.89591448835499,-37.35668511693189,mm,B,2,1,20,12
G2,2021-06-07,0.004817161609531134,0.01232012153593557,m,A,2,1,20,12
G2,2021-06-08,104.08561529817133,-38.15717177709843,mm,B,2,1,20,12
G2,2021-06-09,5.252875108689133,12.8679737222682,mm,A,2,1,20,12
G2,2021-06-10,0.10434603335384054,-0.03766858772905625,m,B,2,1,20,12
G2,2021-06-11,4.717499647820229,11.99804507642737,mm,A,2,1,20,12
G2,2021-06-12,105.47654542075857,-37.392661161956354,mm,B,2,1,20,12
G2,2021-06-13,0.004407854232775703,0.012486968327533253,m,A,2,1,20,12
G2,2021-06-14,105.95471669026641,-36.74794210028007,mm,B,2,1,20,12
G2,2021-06-15,5.123873964312329,11.481696195015182,mm,A,2,1,20,12
G2,2021-06-16,0.10491137562240885,-0.03764506588408176,m,B,2,1,20,12
G2,2021-06-17,5.069294696543223,12.411066138822127,mm,A,2,1,20,12
G2,2021-06-18,105.7378899119719,-36.5684989811814,mm,B,12,1,20,12
G2,2021-06-19,0.005026904226994955,0.011928208867873526,m,A,2,1,20,12
G2,2021-06-20,104.52604500824525,-37.88503281321441,mm,B,2,1,20,12
G2,2021-06-21,5.4561169225387545,11.632739605968434,mm,A,2,1,20,12
G2,2021-06-22,0.10485997794062372,-0.03679585470255874,m,B,2,0,20,12
G2,2021-06-23,5.286441515323705,13.169913890841057,mm,A,2,1,20,12
G2,2021-06-24,105.55562935176992,-36.54147123317878,mm,B,2,1,20,12
G2,2021-06-25,0.0046432600412448,0.011078358574049424,m,A,2,1,20,12
G2,2021-06-26,104.28628714848311,-38.959620326401165,mm,B,2,1,20,12
G2,2021-06-27,4.278186907838134,11.63548979207498,mm,A,2,1,20,12
G2,2021-06-28,0.10504219119149875,-0.03764743156115387,m,B,2,1,20,12
G2,2021-06-29,5.7442661442550795,12.232885265137273,mm,A,2,1,20,12
G2,2021-06-30,105.1099932725343,-39.34723008413519,mm,B,2,1,20,12
G2,2021-07-01,0.005928862665901845,0.013062742841594116,m,A,2,1,20,12
G2,2021-07-02,104.87531106815351,-37.39921484796453,mm,B,2,1,20,12
G2,2021-07-03,4.76190794337256,12.199720429810037,mm,A,2,1,20,12
G2,2021-07-04,0.1044569269280038,-0.03700891169653248,m,B,2,1,20,12
G2,2021-07-05,4.473944413674437,13.309547068925689,mm,A,2,1,20,12
G2,2021-07-06,105.08795258324048,-37.53810644667071,mm,B,2,1,20,12
G2,2021-07-07,0.004920189650239482,0.013818849711812447,m,A,2,1,20,12
G2,2021-07-08,103.83534515678419,-37.61542336556379,mm,B,2,1,20,12
G2,2021-07-09,3.904772706436654,12.062358307666303,mm,A,2,1,20,12
G2,2021-07-10,0.10580721507748586,-0.03705393125648881,m,B,2,1,20,12
G2,2021-07-11,5.584017133277073,11.953617392214435,mm,A,2,1,20,12
G2,2021-07-12,104.74864097171887,-37.47959146521023,mm,B,2,1,20,12
G2,2021-07-13,0.004184437383187009,0.013985660027068272,m,A,2,1,20,12
G2,2021-07-14,105.9606862902136,-36.18353659337652,mm,B,2,1,20,12
G2,2021-07-15,5.677268692308468,12.58690435085861,mm,A,2,1,20,12
G2,2021-07-16,0.10551953061185124,-0.03715607512307561,m,B,2,1,20,12
G2,2021-07-17,5.660152828933818,12.951955506891538,mm,A,2,1,20,12
G2,2021-07-18,105.50084360132146,-36.27637321629625,mm,B,2,1,20,12
G2,2021-07-19,0.006224642316488071,0.012641920426320709,m,A,12,1,20,12
G2,2021-07-20,105.31282961347783,-36.120632765222936,mm,B,2,1,20,12
G2,2021-07-21,5.400334403629898,13.073911029939907,mm,A,2,1,20,12
G2,2021-07-22,0.10401343818853795,-0.03569661761025935,m,B,2,1,20,12
G2,2021-07-23,4.345078278432938,13.00111638551925,mm,A,2,1,20,12
G2,2021-07-24,105.43925013973896,-37.91988893339719,mm,B,2,1,20,12
G2,2021-07-25,0.004674242157235237,0.013210310562188587,m,A,2,1,20,12
G2,2021-07-26,105.2449102155327,-37.803243641795476,mm,B,2,1,20,12
G2,2021-07-27,4.870958436193813,12.575316045731721,mm,A,2,1,20,12
G2,2021-07-28,0.10539769252405938,-0.0371717972896063,m,B,2,1,20,12
G2,2021-07-29,5.4239225958088895,14.077615479614508,mm,A,2,1,20,12
G2,2021-07-30,105.50659317094845,-37.705620271331505,mm,B,2,1,20,12
G2,2021-07-31,0.005095168363007368,0.012504408191464185,m,A,2,1,20,12
G2,2021-08-01,104.49783394134441,-37.58922484686944,mm,B,2,1,20,12
G2,2021-08-02,5.598741596133244,13.533517885227226,mm,A,2,1,20,12
G2,2021-08-03,0.10587757915500659,-0.03586864368547344,m,B,2,1,20,12
G2,2021-08-04,5.440521640631742,13.114417347169903,mm,A,2,0,20,12
G2,2021-08-05,105.17359663473938,-36.471019881690324,mm,B,2,1,20,12
G2,2021-08-06,0.004282128143666654,0.012095218395378369,m,A,2,1,20,12
G2,2021-08-07,104.80383516234154,-37.07266607690816,mm,B,2,1,20,12
G2,2021-08-08,6.554694737275398,12.927353723589071,mm,A,2,1,20,12
G2,2021-08-09,0.10558854026713443,-0.036396162503641555,m,B,2,1,20,12
G2,2021-08-10,4.606663311400197,12.492051719902102,mm,A,2,1,20,12
G2,2021-08-11,105.0762523455181,-36.272305606276255,mm,B,2,1,20,12
G2,2021-08-12,0.005547691641212743,0.01311897390697059,m,A,2,1,20,12
G2,2021-08-13,105.14996718271647,-35.55838785911449,mm,B,2,1,20,12
G2,2021-08-14,5.473765106033663,13.258503004120417,mm,A,2,1,20,12
G2,2021-08-15,0.1057455972824509,-0.03692579447563549,m,B,2,1,20,12
G2,2021-08-16,5.052332352818256,12.624330828534358,mm,A,2,1,20,12
G2,2021-08-17,105.6079079973139,-36.13007691071251,mm,B,2,1,20,12
G2,2021-08-18,0.0053647107219411275,0.012555420257440119,m,A,2,1,20,12
G2,2021-08-19,104.19877587480605,-37.22118606972949,mm,B,12,1,20,12
G2,2021-08-20,6.923077611418439,12.560432607987249,mm,A,2,1,20,12
G2,2021-08-21,0.10497381800069738,-0.037282948196929,m,B,2,1,20,12
G2,2021-08-22,5.088929857778634,13.542042953608094,mm,A,2,1,20,12
G2,2021-08-23,104.95295381313436,-36.36249008835128,mm,B,2,1,20,12
G2,2021-08-24,0.00546144623062381,0.012743414202711918,m,A,2,1,20,12
G2,2021-08-25,105.75512646423188,-36.45359646493249,mm,B,2,1,20,12
G2,2021-08-26,4.118812278916554,13.883730581542373,mm,A,2,1,20,12
G2,2021-08-27,0.10463578532110476,-0.03663772953367583,m,B,2,1,20,12
G2,2021-08-28,6.087650138260195,13.576926515411712,mm,A,2,1,20,12
G2,2021-08-29,105.28212559534704,-36.76541000300051,mm,B,2,1,20,12
G2,2021-08-30,0.004456271185538803,0.012791851296865572,m,A,2,1,20,12
G2,2021-08-31,106.01523596463198,-36.603712524868136,mm,B,2,1,20,12
G2,2021-09-01,5.165906392852856,13.07105461066305,mm,A,2,1,20,12
G2,2021-09-02,0.10599566236349908,-0.03692757155698993,m,B,2,1,20,12
G2,2021-09-03,4.843214918066138,14.05630878420022,mm,A,2,1,20,12
G2,2021-09-04,104.87542175994896,-36.57876424282627,mm,B,2,1,20,12
G2,2021-09-05,0.005352849592065063,0.01369858992638815,m,A,2,1,20,12
G2,2021-09-06,104.95286132238843,-36.16121339499337,mm,B,2,1,20,12
G2,2021-09-07,6.272626318303276,13.513406117726143,mm,A,2,1,20,12
G2,2021-09-08,0.10513328610044216,-0.037481700754155876,m,B,2,1,20,12
G2,2021-09-09,4.648834871495161,13.060754437383517,mm,A,2,1,20,12
G2,2021-09-10,105.57360006176775,-35.7034659768573,mm,B,2,1,20,12
G2,2021-09-11,0.006289092613736603,0.014371754007903085,m,A,2,1,20,12
G2,2021-09-12,105.96820526772954,-36.42809986922124,mm,B,2,1,20,12
G2,2021-09-13,5.11735114658179,14.301156651884511,mm,A,2,1,20,12
G2,2021-09-14,0.10615372297624143,-0.03618189926547877,m,B,2,1,20,12
G2,2021-09-15,5.323766104900971,12.969101372651629,mm,A,2,1,20,12
G2,2021-09-16,105.25929096236031,-37.19416534824822,mm,B,2,0,20,12
G2,2021-09-17,0.0050612021481672,0.013871841762298148,m,A,2,1,20,12
G2,2021-09-18,105.51608582685878,-35.92173906472492,mm,B,2,1,20,12
G2,2021-09-19,4.538292000562415,13.57346476524664,mm,A,12,1,20,12
G2,2021-09-20,0.10488417285351678,-0.03640316089582684,m,B,2,1,20,12
G2,2021-09-21,6.583385881892359,13.044270770084163,mm,A,2,1,20,12
G2,2021-09-22,105.79218325207223,-36.5937845828679,mm,B,2,1,20,12
G2,2021-09-23,0.004986521114002972,0.013577975790851573,m,A,2,1,20,12
G2,2021-09-24,105.1712225537569,-37.188604092726216,mm,B,2,1,20,12
G2,2021-09-25,6.117863861485922,13.61967885960201,mm,A,2,1,20,12
G2,2021-09-26,0.10538639822509631,-0.036951863395255434,m,B,2,1,20,12
G2,2021-09-27,5.588924841068075,13.35330616292857,mm,A,2,1,20,12
G2,2021-09-28,105.04879303836181,-36.30598899774147,mm,B,2,1,20,12
G2,2021-09-29,0.004817526843884404,0.013644138237042372,m,A,2,1,20,12
G2,2021-09-30,105.68358071783354,-35.81280307692166,mm,B,2,1,20,12
G2,2021-10-01,5.22855317144938,14.229972249742275,mm,A,2,1,20,12
G2,2021-10-02,0.10612362494944558,-0.03671829804432102,m,B,2,1,20,12
G2,2021-10-03,6.1096951823674255,13.990993690339506,mm,A,2,1,20,12
G2,2021-10-04,103.77010896975956,-36.52822091455233,mm,B,2,1,20,12
G2,2021-10-05,0.005035909641280805,0.01423833667522605,m,A,2,1,20,12
G2,2021-10-06,106.41704360351491,-36.21050496992221,mm,B,2,1,20,12
G2,2021-10-07,5.826997115153569,15.493955408540812,mm,A,2,1,20,12
G2,2021-10-08,0.10667858193409627,-0.03646105576887978,m,B,2,1,20,12
G2,2021-10-09,5.609574382196545,14.29722050332163,mm,A,2,1,20,12
G2,2021-10-10,105.24306255985817,-37.004140085642035,mm,B,2,1,20,12
G2,2021-10-11,0.005273454939934782,0.012976921687751126,m,A,2,1,20,12
G2,2021-10-12,106.5821915458262,-36.64551809996849,mm,B,2,1,20,12
G2,2021-10-13,6.36059552250811,13.01360720170246,mm,A,2,1,20,12
G2,2021-10-14,0.10565139627469357,-0.03609338687981448,m,B,2,1,20,12
G2,2021-10-15,5.6764785082347595,13.954902936563311,mm,A,2,1,20,12
G2,2021-10-16,104.69091082193677,-36.45085850373182,mm,B,2,1,20,12
G2,2021-10-17,0.0051399784206311175,0.0140216246382426,m,A,2,1,20,12
G2,2021-10-18,105.05221981238617,-36.32871735856139,mm,B,2,1,20,12
G2,2021-10-19,5.530332854117423,14.428605216577727,mm,A,2,1,20,12
G2,2021-10-20,0.10573093872775507,-0.03610082854942392,m,B,12,1,20,12
G2,2021-10-21,5.880165317977266,13.20737043505181,mm,A,2,1,20,12
G2,2021-10-22,105.73634221263193,-36.04896989334911,mm,B,2,1,20,12
G2,2021-10-23,0.005099393255786569,0.01365611885841109,m,A,2,1,20,12
G2,2021-10-24,106.31239440020529,-36.6067750913013,mm,B,2,1,20,12
G2,2021-10-25,6.189279602160626,13.6304825116355,mm,A,2,1,20,12
G2,2021-10-26,0.10588264015075062,-0.0361579866939947,m,B,2,1,20,12
G2,2021-10-27,6.390216959370095,14.213314862199626,mm,A,2,1,20,12
G2,2021-10-28,106.6718749372358,-36.7986519328803,mm,B,2,1,20,12
G2,2021-10-29,0.006027292298761807,0.014053790198669895,m,A,2,0,20,12
G2,2021-10-30,105.73925796228222,-35.532725867046906,mm,B,2,1,20,12
G2,2021-10-31,4.383025536152795,14.202883555741048,mm,A,2,1,20,12
G2,2021-11-01,0.10617149989470744,-0.03703589973493646,m,B,2,1,20,12
G2,2021-11-02,6.140620286805776,14.016049900756983,mm,A,2,1,20,12
G2,2021-11-03,104.87414836414014,-35.92627998404179,mm,B,2,1,20,12
G2,2021-11-04,0.006545573090170581,0.0137798564956877,m,A,2,1,20,12
G2,2021-11-05,105.46246799275886,-34.995976544639916,mm,B,2,1,20,12
G2,2021-11-06,4.473734601454268,14.217567864942485,mm,A,2,1,20,12
G2,2021-11-07,0.10380506326765386,-0.03570911794701187,m,B,2,1,20,12
G2,2021-11-08,5.728738512320073,14.342628290593376,mm,A,2,1,20,12
G2,2021-11-09,105.73783967622086,-35.3097069080108,mm,B,2,1,20,12
G2,2021-11-10,0.005098815467088906,0.014669288434993651,m,A,2,1,20,12
G2,2021-11-11,106.24788896310699,-35.075461505982574,mm,B,2,1,20,12
G2,2021-11-12,6.590769101666999,13.13255366927634,mm,A,2,1,20,12
G2,2021-11-13,0.10492936202721616,-0.03509172086865588,m,B,2,1,20,12
G2,2021-11-14,5.055901741540107,14.478715259637196,mm,A,2,1,20,12
G2,2021-11-15,106.26749730640692,-36.07246101545648,mm,B,2,1,20,12
G2,2021-11-16,0.004676187531553501,0.013270773129321303,m,A,2,1,20,12
G2,2021-11-17,105.97314196472966,-35.30592777287984,mm,B,2,1,20,12
G2,2021-11-18,4.902338548565945,14.252674222989695,mm,A,2,1,20,12
G2,2021-11-19,0.1056995866592981,-0.035428581626229846,m,B,2,1,20,12
G2,2021-11-20,5.640456357757954,13.813142127228396,mm,A,12,1,20,12
G2,2021-11-21,106.0564504707435,-36.62590303111719,mm,B,2,1,20,12
G2,2021-11-22,0.005789559451346322,0.013461421388840912,m,A,2,1,20,12
G2,2021-11-23,105.6082563914851,-36.098309820063875,mm,B,2,1,20,12
G2,2021-11-24,4.9460416291685645,14.456393691695835,mm,A,2,1,20,12
G2,2021-11-25,0.10585247487372122,-0.03581972611559495,m,B,2,1,20,12
G2,2021-11-26,5.508884891090722,13.69480530342161,mm,A,2,1,20,12
G2,2021-11-27,104.85642435818711,-35.26750143279063,mm,B,2,1,20,12
G2,2021-11-28,0.005409946017573518,0.0144063107243866,m,A,2,1,20,12
G2,2021-11-29,106.3111338402094,-35.716862839197326,mm,B,2,1,20,12
G2,2021-11-30,6.510261232924327,13.769551728723703,mm,A,2,1,20,12
G2,2021-12-01,0.1055435332503691,-0.03502693909479396,m,B,2,1,20,12
G2,2021-12-02,5.1689021845453205,14.195755159426788,mm,A,2,1,20,12
G2,2021-12-03,105.50127637411832,-35.58061420464254,mm,B,2,1,20,12
G2,2021-12-04,0.005780013570191135,0.015001160824238188,m,A,2,1,20,12
G2,2021-12-05,106.03143667221583,-34.66280788027697,mm,B,2,1,20,12
G2,2021-12-06,6.8556420257444515,14.891311621636948,mm,A,2,1,20,12
G2,2021-12-07,0.10605415016137766,-0.034650640885069604,m,B,2,1,20,12
G2,2021-12-08,5.414428495924744,14.231538083577542,mm,A,2,1,20,12
G2,2021-12-09,106.0213231175601,-34.734876239852724,mm,B,2,1,20,12
G2,2021-12-10,0.006317507881185153,0.014287391572016913,m,A,2,1,20,12
G2,2021-12-11,105.23213031092149,-35.88528963098735,mm,B,2,0,20,12
G2,2021-12-12,5.944158369023814,15.437787205171038,mm,A,2,1,20,12
G2,2021-12-13,0.10507539055918044,-0.034692845386203264,m,B,2,1,20,12
G2,2021-12-14,6.042414082842628,14.41786881280438,mm,A,2,1,20,12
G2,2021-12-15,106.57558723319458,-35.129830064181604,mm,B,2,1,20,12
G2,2021-12-16,0.006325067372765562,0.014692542862927854,m,A,2,1,20,12
G2,2021-12-17,105.96231378033802,-35.325718709860936,mm,B,2,1,20,12
G2,2021-12-18,6.875095000668018,15.783698572463901,mm,A,2,1,20,12
G2,2021-12-19,0.10563553174049731,-0.03423167800768709,m,B,2,1,20,12
G2,2021-12-20,5.8975045652463285,14.755914165247725,mm,A,2,1,20,12
G2,2021-12-21,106.02305364444335,-34.92697612631973,mm,B,12,1,20,12
G2,2021-12-22,0.006101006312313367,0.014151584670257697,m,A,2,1,20,12
G2,2021-12-23,106.36327701146378,-35.424609013953734,mm,B,2,1,20,12
G2,2021-12-24,5.5897316217611595,14.85905319663109,mm,A,2,1,20,12
G2,2021-12-25,0.10658128319871021,-0.035457419108213144,m,B,2,1,20,12
G2,2021-12-26,6.981420546785676,15.702735387946007,mm,A,2,1,20,12
G2,2021-12-27,105.1375855942223,-35.381981414765384,mm,B,2,1,20,12
G2,2021-12-28,0.006555411508605364,0.012977990954938784,m,A,2,1,20,12
G2,2021-12-29,105.3280417839655,-34.72092568154956,mm,B,2,1,20,12
G2,2021-12-30,6.0869086914031625,14.67482547225052,mm,A,2,1,20,12
G2,2021-12-31,0.10612941840797341,-0.03627030007054924,m,B,2,1,20,12
G2,2022-01-01,6.67158570679338,14.637235059605448,mm,A,2,1,20,12
G2,2022-01-02,106.20846055989581,-35.193297836315885,mm,B,2,1,20,12
G2,2022-01-03,0.004775972999615674,0.015250160338113859,m,A,2,1,20,12
G2,2022-01-04,105.90100818806654,-34.99356013888068,mm,B,2,1,20,12
G2,2022-01-05,6.391130636495577,14.3042877645187,mm,A,2,1,20,12
G2,2022-01-06,0.10679050922387805,-0.03444381589672345,m,B,2,1,20,12
G2,2022-01-07,5.3993266891496905,13.474924498432992,mm,A,2,1,20,12
G2,2022-01-08,106.16872441888351,-34.36066925323585,mm,B,2,1,20,12
G2,2022-01-09,0.005837715350625997,0.01569412040191773,m,A,2,1,20,12
G2,2022-01-10,105.59920062501578,-33.32691096873836,mm,B,2,1,20,12
G2,2022-01-11,5.881846134825266,14.517116606355193,mm,A,2,1,20,12
G2,2022-01-12,0.10536803496151215,-0.035487624414628736,m,B,2,1,20,12
G2,2022-01-13,6.003244589771201,16.82238078258844,mm,A,2,1,20,12
G2,2022-01-14,106.18529207537534,-34.07840079985775,mm,B,2,1,20,12
G2,2022-01-15,0.005728290805543125,0.015312132357244414,m,A,2,1,20,12
G2,2022-01-16,106.70690482315179,-34.22610615016899,mm,B,2,1,20,12
G2,2022-01-17,6.857846502916874,15.397225955739412,mm,A,2,1,20,12
G2,2022-01-18,0.10560255075207653,-0.03460481279673177,m,B,2,1,20,12
G2,2022-01-19,7.245332384952889,13.802327927440778,mm,A,2,1,20,12
G2,2022-01-20,107.25683220347565,-35.26135310757148,mm,B,2,1,20,12
G2,2022-01-21,0.005799480527484347,0.014508631663947476,m,A,12,1,20,12
G2,2022-01-22,106.19286206518052,-33.65294989403351,mm,B,2,1,20,12
G2,2022-01-23,5.649841093344195,15.205179692737774,mm,A,2,0,20,12
G2,2022-01-24,0.1061423429398674,-0.03353688044403071,m,B,2,1,20,12
G2,2022-01-25,5.93766816859485,14.320171440738555,mm,A,2,1,20,12
G2,2022-01-26,104.88801576460772,-33.805297158337325,mm,B,2,1,20,12
G2,2022-01-27,0.0065153610383307855,0.015238239840577967,m,A,2,1,20,12
G2,2022-01-28,106.29481802353062,-33.43483291349058,mm,B,2,1,20,12
G2,2022-01-29,6.49739897488428,16.201505289425985,mm,A,2,1,20,12
G2,2022-01-30,0.1054185316112153,-0.03514268701432705,m,B,2,1,20,12
G2,2022-01-31,6.059718845464653,15.402665089015343,mm,A,2,1,20,12
G2,2022-02-01,105.96529779587203,-35.36780513375355,mm,B,2,1,20,12
G2,2022-02-02,0.005881431047394962,0.015308013422193378,m,A,2,1,20,12
G2,2022-02-03,107.10466191106482,-33.920125356851266,mm,B,2,1,20,12
G2,2022-02-04,5.1261410158218785,16.85099815030366,mm,A,2,1,20,12
G2,2022-02-05,0.10548751631975326,-0.03594729170354043,m,B,2,1,20,12
G2,2022-02-06,7.519286399101428,15.353834808560068,mm,A,2,1,20,12
G2,2022-02-07,107.03866879214017,-34.75116032193249,mm,B,2,1,20,12
G2,2022-02-08,0.006035979981185366,0.01614459283029432,m,A,2,1,20,12
G2,2022-02-09,106.3378960374265,-34.32655824511714,mm,B,2,1,20,12
G2,2022-02-10,5.968287653009841,15.550836350021056,mm,A,2,1,20,12
G2,2022-02-11,0.10605539286416332,-0.0342434032791167,m,B,2,1,20,12
G2,2022-02-12,7.175025512807659,16.306102114831557,mm,A,2,1,20,12
G2,2022-02-13,106.46623190935063,-34.45598982823731,mm,B,2,1,20,12
G2,2022-02-14,0.006199427989785084,0.015660604682709824,m,A,2,1,20,12
G2,2022-02-15,106.02022869154035,-33.82606611941969,mm,B,2,1,20,12
G2,2022-02-16,6.51048548234278,15.856182309597637,mm,A,2,1,20,12
G2,2022-02-17,0.10583820887154274,-0.03366729370909934,m,B,2,1,20,12
G2,2022-02-18,5.816328373380996,16.618196905321422,mm,A,2,1,20,12
G2,2022-02-19,106.58573826743554,-33.91108378814752,mm,B,2,1,20,12
G2,2022-02-20,0.005387099669196576,0.015534829786610834,m,A,2,1,20,12
G2,2022-02-21,106.09728053589762,-33.471001214663275,mm,B,12,1,20,12
G2,2022-02-22,5.805164762012911,15.782638151789826,mm,A,2,1,20,12
G2,2022-02-23,0.10578842651638351,-0.03420076317342956,m,B,2,1,20,12
G2,2022-02-24,5.978493731160335,15.568036135778524,mm,A,2,1,20,12
G2,2022-02-25,106.42836718214201,-35.15694531527401,mm,B,2,1,20,12
G2,2022-02-26,0.005482297704454678,0.015110663014013785,m,A,2,1,20,12
G2,2022-02-27,105.66325322172614,-34.16276367984488,mm,B,2,1,20,12
G2,2022-02-28,5.99987293395666,16.09203998517769,mm,A,2,1,20,12
G2,2022-03-01,0.10695068901896275,-0.03500620110837695,m,B,2,1,20,12
G2,2022-03-02,6.533418484150762,15.605588044735944,mm,A,2,1,20,12
G2,2022-03-03,106.67046357219972,-34.19798903563285,mm,B,2,1,20,12
G2,2022-03-04,0.005342082689789248,0.014434495297439523,m,A,2,1,20,12
G2,2022-03-05,106.29055166063549,-33.672201349226064,mm,B,2,1,20,12
G2,2022-03-06,5.680671072571478,15.719239101633613,mm,A,2,1,20,12
G2,2022-03-07,0.10758229227417104,-0.03465875077698157,m,B,2,0,20,12
G2,2022-03-08,7.207723843910903,15.81462154118825,mm,A,2,1,20,12
G2,2022-03-09,106.2380111583485,-34.88985147736831,mm,B,2,1,20,12
G2,2022-03-10,0.007152537736366633,0.015250154225911998,m,A,2,1,20,12
G2,2022-03-11,106.77938955478483,-34.0863119616469,mm,B,2,1,20,12
G2,2022-03-12,6.816157703074312,15.783332767008567,mm,A,2,1,20,12
G2,2022-03-13,0.1077199593302233,-0.034214061630679096,m,B,2,1,20,12
G2,2022-03-14,6.869339301754106,16.096456625825088,mm,A,2,1,20,12
G2,2022-03-15,106.51997479268202,-34.87033747370115,mm,B,2,1,20,12
G2,2022-03-16,0.004820100088157822,0.014875343124086395,m,A,2,1,20,12
G2,2022-03-17,107.2589086696416,-34.551639539621966,mm,B,2,1,20,12
G2,2022-03-18,6.387248517873468,15.595175621486483,mm,A,2,1,20,12
G2,2022-03-19,0.10684524600250675,-0.03400463226327274,m,B,2,1,20,12
G2,2022-03-20,7.428494725840864,15.894063570432442,mm,A,2,1,20,12
G2,2022-03-21,106.2964691948808,-34.61141781309793,mm,B,2,1,20,12
G2,2022-03-22,0.005907601599275434,0.015841517530412862,m,A,2,1,20,12
G2,2022-03-23,107.04662315363085,-33.376699104278615,mm,B,2,1,20,12
G2,2022-03-24,5.851187284217835,15.706793724655919,mm,A,12,1,20,12
G2,2022-03-25,0.10588302309972575,-0.0341886042097397,m,B,2,1,20,12
G2,2022-03-26,6.176085867009933,16.408104717830753,mm,A,2,1,20,12
G2,2022-03-27,106.33622305273549,-34.7781858083783,mm,B,2,1,20,12
G2,2022-03-28,0.006100881042973773,0.016491840102678075,m,A,2,1,20,12
G2,2022-03-29,106.09990920887786,-33.807533150635535,mm,B,2,1,20,12
G2,2022-03-30,5.5306324577081085,17.117463637571756,mm,A,2,1,20,12
G2,2022-03-31,0.1057058694151528,-0.034254237621876,m,B,2,1,20,12
G2,2022-04-01,4.5348495583153365,15.41453397619198,mm,A,2,1,20,12
G2,2022-04-02,106.0558266565087,-33.15102515172852,mm,B,2,1,20,12
G2,2022-04-03,0.00553562348288587,0.016919439333757166,m,A,2,1,20,12
G2,2022-04-04,106.29803047385913,-34.15909177468099,mm,B,2,1,20,12
G2,2022-04-05,6.962758461269989,15.566933627973768,mm,A,2,1,20,12
G2,2022-04-06,0.10646747887703016,-0.03482093475406896,m,B,2,1,20,12
G2,2022-04-07,7.18983888506772,16.396578192872944,mm,A,2,1,20,12
G2,2022-04-08,106.30918480009427,-33.653680462249255,mm,B,2,1,20,12
G2,2022-04-09,0.007691785879018215,0.01631840585773696,m,A,2,1,20,12
G2,2022-04-10,106.95906134052939,-34.289561280201184,mm,B,2,1,20,12
G2,2022-04-11,6.428344145310318,16.562619430877515,mm,A,2,1,20,12
G2,2022-04-12,0.10651228482328648,-0.034153349133383984,m,B,2,1,20,12
G2,2022-04-13,6.293635791154998,16.77623556229265,mm,A,2,1,20,12
G2,2022-04-14,106.10435670349737,-33.432311443641254,mm,B,2,1,20,12
G2,2022-04-15,0.005887196163956093,0.01638799937117336,m,A,2,1,20,12
G2,2022-04-16,105.9603461699235,-33.7603772591266,mm,B,2,1,20,12
G2,2022-04-17,7.314655228900811,16.196179232949536,mm,A,2,1,20,12
G2,2022-04-18,0.10609857574993412,-0.03334231096155709,m,B,2,1,20,12
G2,2022-04-19,6.06956591103109,16.162398876488712,mm,A,2,0,20,12
G2,2022-04-20,106.46835823956107,-33.77180708143911,mm,B,2,1,20,12
G2,2022-04-21,0.007263193215945184,0.01606589460953644,m,A,2,1,20,12
G2,2022-04-22,106.08308920312643,-32.24069488992441,mm,B,2,1,20,12
G2,2022-04-23,6.85967208334251,17.208361643362828,mm,A,2,1,20,12
G2,2022-04-24,0.10764167051975314,-0.03381895360151893,m,B,12,1,20,12
G2,2022-04-25,7.078410216979175,16.636118438112153,mm,A,2,1,20,12
G2,2022-04-26,105.7334967502464,-33.85817763197855,mm,B,2,1,20,12
G2,2022-04-27,0.006117636267464176,0.016752653490655352,m,A,2,1,20,12
G2,2022-04-28,106.65623239231167,-33.84358745262155,mm,B,2,1,20,12
G2,2022-04-29,5.334914224860334,16.616942812669404,mm,A,2,1,20,12
G2,2022-04-30,0.10633489603954567,-0.03359044103275999,m,B,2,1,20,12
G2,2022-05-01,6.859868207543581,16.916054544737907,mm,A,2,1,20,12
G2,2022-05-02,106.2858654839798,-33.40321747820363,mm,B,2,1,20,12
G2,2022-05-03,0.006347353365605904,0.016912177875986725,m,A,2,1,20,12
G2,2022-05-04,106.89152480781611,-33.832956563151264,mm,B,2,1,20,12
G2,2022-05-05,5.2635042358069954,17.00271847407751,mm,A,2,1,20,12
G2,2022-05-06,0.1069764689021579,-0.033226281888217364,m,B,2,1,20,12
G2,2022-05-07,6.684503505729415,16.342192093337452,mm,A,2,1,20,12
G2,2022-05-08,105.64214524893549,-34.05120943228752,mm,B,2,1,20,12
G2,2022-05-09,0.0070878615054841,0.016791081486239437,m,A,2,1,20,12
G2,2022-05-10,106.93782298043536,-33.42855730389859,mm,B,2,1,20,12
G2,2022-05-11,5.959203358700825,16.774208629180574,mm,A,2,1,20,12
G2,2022-05-12,0.1064031940985318,-0.032423695407074155,m,B,2,1,20,12
G2,2022-05-13,7.129610831939073,17.390153461058492,mm,A,2,1,20,12
G2,2022-05-14,106.93875403440848,-33.029015968437356,mm,B,2,1,20,12
G2,2022-05-15,0.006297289137976529,0.016955002838300197,m,A,2,1,20,12
G2,2022-05-16,106.85101254548675,-32.31967574237969,mm,B,2,1,20,12
G2,2022-05-17,6.233111267696879,17.87513439517865,mm,A,2,1,20,12
G2,2022-05-18,0.10734693341484516,-0.033538232926558754,m,B,2,1,20,12
G2,2022-05-19,8.341992046837873,16.807306588346577,mm,A,2,1,20,12
G2,2022-05-20,106.24326062485643,-34.051125373106714,mm,B,2,1,20,12
G2,2022-05-21,0.006561297792404604,0.016108046841967982,m,A,2,1,20,12
G2,2022-05-22,106.39023328165086,-32.454847560555095,mm,B,2,1,20,12
G2,2022-05-23,7.110963101504116,16.822040904249057,mm,A,2,1,20,12
G2,2022-05-24,0.10635192351633921,-0.03119355577877727,m,B,2,1,20,12
G2,2022-05-25,6.794898735142929,17.650067828360967,mm,A,12,1,20,12
G2,2022-05-26,106.84809076467538,-32.9180217581214,mm,B,2,1,20,12
G2,2022-05-27,0.005975604187615847,0.017000673269850077,m,A,2,1,20,12
G2,2022-05-28,107.01051993500322,-33.56596537354463,mm,B,2,1,20,12
G2,2022-05-29,6.157644947453374,17.393315332168065,mm,A,2,1,20,12
G2,2022-05-30,0.1073654555963112,-0.033581935107176594,m,B,2,1,20,12
G2,2022-05-31,6.611688100898356,18.83269641668676,mm,A,2,1,20,12
G2,2022-06-01,106.10552714105046,-32.75992295022546,mm,B,2,0,20,12
G2,2022-06-02,0.007462762261968091,0.01699990535611309,m,A,2,1,20,12
G2,2022-06-03,107.47783223156327,-32.30838679752578,mm,B,2,1,20,12
G2,2022-06-04,6.820067006955856,17.541090441631763,mm,A,2,1,20,12
G2,2022-06-05,0.10665130250324993,-0.033570164953110104,m,B,2,1,20,12
G2,2022-06-06,6.260488443894062,17.894632690313497,mm,A,2,1,20,12
G2,2022-06-07,106.92980585379175,-32.431505171961376,mm,B,2,1,20,12
G2,2022-06-08,0.006772041459906781,0.017202442229738945,m,A,2,1,20,12
G2,2022-06-09,106.21002642312551,-32.54141349930998,mm,B,2,1,20,12
G2,2022-06-10,5.980798574192226,17.519284709088623,mm,A,2,1,20,12
G2,2022-06-11,0.1064735460259641,-0.032815634672434084,m,B,2,1,20,12
G2,2022-06-12,6.507490320736348,17.17351270216746,mm,A,2,1,20,12
G2,2022-06-13,106.2489020670862,-32.470121282491185,mm,B,2,1,20,12
G2,2022-06-14,0.006869951000767775,0.017400335693753204,m,A,2,1,20,12
G2,2022-06-15,106.46713975915422,-31.684627621334318,mm,B,2,1,20,12
G2,2022-06-16,7.599585138747097,17.12715872056672,mm,A,2,1,20,12
G2,2022-06-17,0.10710522375712245,-0.032415114758586244,m,B,2,1,20,12
G2,2022-06-18,7.705369423745752,16.44877942025855,mm,A,2,1,20,12
G2,2022-06-19,107.6528889961306,-33.22599189983774,mm,B,2,1,20,12
G2,2022-06-20,0.008056950084008087,0.017450081598837888,m,A,2,1,20,12
G2,2022-06-21,106.75500436923478,-32.28034840641455,mm,B,2,1,20,12
G2,2022-06-22,7.388291405945183,17.83279011407334,mm,A,2,1,20,12
G2,2022-06-23,0.10597143298831972,-0.03265721738363741,m,B,2,1,20,12
G2,2022-06-24,6.950597633098903,18.385600213371674,mm,A,2,1,20,12
G2,2022-06-25,106.78337513068865,-33.2886301833161,mm,B,12,1,20,12
G2,2022-06-26,0.007249567087136674,0.01751085142518528,m,A,2,1,20,12
G2,2022-06-27,106.98386150657491,-32.42046790113271,mm,B,2,1,20,12
G2,2022-06-28,7.681603538617004,17.40785719826721,mm,A,2,1,20,12
G2,2022-06-29,0.10770925121733632,-0.032639947926403436,m,B,2,1,20,12
G2,2022-06-30,6.875512438554364,16.914068476579484,mm,A,2,1,20,12
G2,2022-07-01,107.05092894928514,-33.21275247451951,mm,B,2,1,20,12
G2,2022-07-02,0.006870215634792588,0.016934028077414,m,A,2,1,20,12
G2,2022-07-03,107.0823371774532,-32.7851894649048,mm,B,2,1,20,12
G2,2022-07-04,8.125813788689937,18.042971154330516,mm,A,2,1,20,12
G2,2022-07-05,0.10679709516105623,-0.031807137594325734,m,B,2,1,20,12
G2,2022-07-06,7.627484359815199,18.3020324728512,mm,A,2,1,20,12
G2,2022-07-07,106.51770526717534,-34.19436638113323,mm,B,2,1,20,12
G2,2022-07-08,0.0061913215758157124,0.017319285921374886,m,A,2,1,20,12
G2,2022-07-09,108.3935053419334,-32.714712013671885,mm,B,2,1,20,12
G2,2022-07-10,6.258925170604025,18.468651760249426,mm,A,2,1,20,12
G2,2022-07-11,0.10645412548659637,-0.03210595261476207,m,B,2,1,20,12
G2,2022-07-12,6.796955773952319,17.530976375662824,mm,A,2,1,20,12
G2,2022-07-13,106.55917390377111,-32.58859886047674,mm,B,2,1,20,12
G2,2022-07-14,0.007714299311029426,0.017024897739911112,m,A,2,0,20,12
G2,2022-07-15,107.26366857888733,-32.09985593411781,mm,B,2,1,20,12
G2,2022-07-16,6.78551973064437,17.690347740537877,mm,A,2,1,20,12
G2,2022-07-17,0.10712434823960938,-0.032574305345049286,m,B,2,1,20,12
G2,2022-07-18,6.933627228971977,17.458709580315922,mm,A,2,1,20,12
G2,2022-07-19,106.90855732022781,-32.27627240367926,mm,B,2,1,20,12
G2,2022-07-20,0.007112165492152886,0.01702353714391932,m,A,2,1,20,12
G2,2022-07-21,107.981881869021,-31.58474329881464,mm,B,2,1,20,12
G2,2022-07-22,6.106710729164243,18.28151755010004,mm,A,2,1,20,12
G2,2022-07-23,0.10769054941446637,-0.031248567639877572,m,B,2,1,20,12
G2,2022-07-24,6.110283742113648,17.767619146187858,mm,A,2,1,20,12
G2,2022-07-25,107.73321425416553,-32.97184467651975,mm,B,2,1,20,12
G2,2022-07-26,0.006831117030712277,0.016817787010982597,m,A,12,1,20,12
G2,2022-07-27,107.8346079233787,-33.31719778887396,mm,B,2,1,20,12
G2,2022-07-28,8.133124971496706,18.758542974354206,mm,A,2,1,20,12
G2,2022-07-29,0.10838992826558082,-0.033788969783930756,m,B,2,1,20,12
G2,2022-07-30,6.987097886365895,18.10536572895565,mm,A,2,1,20,12
G2,2022-07-31,107.51886467194801,-32.05307668898203,mm,B,2,1,20,12
G2,2022-08-01,0.006782939106457821,0.01737283959844158,m,A,2,1,20,12
G2,2022-08-02,107.2787692911487,-32.31474138423735,mm,B,2,1,20,12
G2,2022-08-03,7.5639441737730975,17.495117985588685,mm,A,2,1,20,12
G2,2022-08-04,0.10790209007814194,-0.03180960934059495,m,B,2,1,20,12
G2,2022-08-05,7.739912087069132,18.089878879759475,mm,A,2,1,20,12
G2,2022-08-06,106.57611869140509,-31.553946943957733,mm,B,2,1,20,12
G2,2022-08-07,0.007455791700184339,0.017924254912444877,m,A,2,1,20,12
G2,2022-08-08,106.60487883593642,-31.778641395723565,mm,B,2,1,20,12
G2,2022-08-09,6.655733955530399,16.749886800755977,mm,A,2,1,20,12
G2,2022-08-10,0.10721853712666553,-0.031596789406429,m,B,2,1,20,12
G2,2022-08-11,6.95959469147293,18.201982388420728,mm,A,2,1,20,12
G2,2022-08-12,107.457555021124,-32.360728822665294,mm,B,2,1,20,12
G2,2022-08-13,0.007014969457979212,0.017491276411335653,m,A,2,1,20,12
G2,2022-08-14,107.04628975832232,-31.7553485079093,mm,B,2,1,20,12
G2,2022-08-15,8.216009189891057,18.900508188546258,mm,A,2,1,20,12
G2,2022-08-16,0.10709078762871573,-0.03155485937739835,m,B,2,1,20,12
G2,2022-08-17,6.985848809977327,19.125842368063132,mm,A,2,1,20,12
G2,2022-08-18,106.9831354932646,-31.626549761196557,mm,B,2,1,20,12
G2,2022-08-19,0.007401303704629865,0.01828602892547514,m,A,2,1,20,12
G2,2022-08-20,107.59261908383775,-32.70448838429979,mm,B,2,1,20,12
G2,2022-08-21,7.46573270638954,17.09467121550372,mm,A,2,1,20,12
G2,2022-08-22,0.10730374514495829,-0.03211950508383216,m,B,2,1,20,12
G2,2022-08-23,7.600157173935933,17.726627625582832,mm,A,2,1,20,12
G2,2022-08-24,108.60047003687743,-31.527278807127704,mm,B,2,1,20,12
G2,2022-08-25,0.00692083797176706,0.017301694944921665,m,A,2,1,20,12
G2,2022-08-26,107.45277444165546,-31.005993900832724,mm,B,12,0,20,12
G2,2022-08-27,7.135876688641863,17.665174371141177,mm,A,2,1,20,12
G2,2022-08-28,0.10781418543571467,-0.03086284443139824,m,B,2,1,20,12
G2,2022-08-29,6.410276191624315,18.781622787883805,mm,A,2,1,20,12
G2,2022-08-30,107.10771527113477,-31.852946713271148,mm,B,2,1,20,12
G2,2022-08-31,0.007921859458416046,0.01802062536540423,m,A,2,1,20,12
G2,2022-09-01,107.80667031342169,-30.89828014744504,mm,B,2,1,20,12
G2,2022-09-02,7.833189390609981,17.361178178768572,mm,A,2,1,20,12
G2,2022-09-03,0.1073736078650986,-0.03239995664539379,m,B,2,1,20,12
G2,2022-09-04,7.810360725129368,18.51970786870742,mm,A,2,1,20,12
G2,2022-09-05,107.48830586766847,-31.376342979121763,mm,B,2,1,20,12
G2,2022-09-06,0.00692758515098628,0.018598098254072094,m,A,2,1,20,12
G2,2022-09-07,108.10740769541275,-31.585482246451573,mm,B,2,1,20,12
G2,2022-09-08,7.720621803429465,18.995784363969154,mm,A,2,1,20,12
G2,2022-09-09,0.10811555146302436,-0.03152830397980066,m,B,2,1,20,12
G2,2022-09-10,6.78759421959496,18.372775151206483,mm,A,2,1,20,12
G2,2022-09-11,107.82872239888074,-31.868221465617193,mm,B,2,1,20,12
G2,2022-09-12,0.006833973225581777,0.018607637929562413,m,A,2,1,20,12
G2,2022-09-13,107.59235344968195,-31.131742428100157,mm,B,2,1,20,12
G2,2022-09-14,8.09822057754391,19.208415874055802,mm,A,2,1,20,12
G2,2022-09-15,0.10759856606097021,-0.032549794292000896,m,B,2,1,20,12
G2,2022-09-16,7.869981499257345,18.08941495418636,mm,A,2,1,20,12
G2,2022-09-17,107.21780816518634,-30.97651053469913,mm,B,2,1,20,12
G2,2022-09-18,0.008281030766127725,0.0193764596520185,m,A,2,1,20,12
G2,2022-09-19,108.28970168813142,-32.02663648316106,mm,B,2,1,20,12
G2,2022-09-20,7.900499670613172,18.146840215750004,mm,A,2,1,20,12
G2,2022-09-21,0.10724028778508357,-0.03233938214490463,m,B,2,1,20,12
G2,2022-09-22,7.061661845909127,19.11485105773424,mm,A,2,1,20,12
G2,2022-09-23,107.45485423709793,-30.475925689089674,mm,B,2,1,20,12
G2,2022-09-24,0.00781663684692168,0.01902823258656795,m,A,2,1,20,12
G2,2022-09-25,108.31559116133162,-31.501192592158805,mm,B,2,1,20,12
G2,2022-09-26,8.910362922108725,18.83104374389544,mm,A,12,1,20,12
G2,2022-09-27,0.10729699474565084,-0.03160399782660737,m,B,2,1,20,12
G2,2022-09-28,6.19350522845967,19.036410094607767,mm,A,2,1,20,12
G2,2022-09-29,106.3845690423264,-31.987214970564377,mm,B,2,1,20,12
G2,2022-09-30,0.007724386098422748,0.01861211243732778,m,A,2,1,20,12
G2,2022-10-01,107.5141784762462,-31.932199280473355,mm,B,2,1,20,12
G2,2022-10-02,8.538917224713323,17.991160332768793,mm,A,2,1,20,12
G2,2022-10-03,0.10780343330834237,-0.030544228867220906,m,B,2,1,20,12
G2,2022-10-04,8.592956380273959,18.55280654393623,mm,A,2,1,20,12
G2,2022-10-05,107.8872512648819,-32.022924981909874,mm,B,2,1,20,12
G2,2022-10-06,0.007652103782564958,0.017615694884208416,m,A,2,1,20,12
G2,2022-10-07,107.57688847629277,-30.818065485930024,mm,B,2,1,20,12
G2,2022-10-08,6.972268536658003,19.704946239222288,mm,A,2,0,20,12
G2,2022-10-09,0.10720026753931972,-0.03138410302677536,m,B,2,1,20,12
G2,2022-10-10,8.33684028667854,18.97546033755484,mm,A,2,1,20,12
G2,2022-10-11,107.12880863460421,-31.500223277115232,mm,B,2,1,20,12
G2,2022-10-12,0.007275833831932843,0.019173462038849853,m,A,2,1,20,12
G2,2022-10-13,107.15115755713502,-30.905801992183694,mm,B,2,1,20,12
G2,2022-10-14,7.1851237434963195,19.514454011520023,mm,A,2,1,20,12
G2,2022-10-15,0.10775965487996647,-0.031133691780822637,m,B,2,1,20,12
G2,2022-10-16,8.04091653001048,18.459635508400886,mm,A,2,1,20,12
G2,2022-10-17,107.24671611841751,-30.915409104239366,mm,B,2,1,20,12
G2,2022-10-18,0.006270387819363124,0.018098668291970234,m,A,2,1,20,12
G2,2022-10-19,107.79589385534939,-31.873439987269265,mm,B,2,1,20,12
G2,2022-10-20,7.399180734751767,19.463288948982093,mm,A,2,1,20,12
G2,2022-10-21,0.10744330671782269,-0.031235694810002,m,B,2,1,20,12
G2,2022-10-22,7.497509457571446,20.057089525361285,mm,A,2,1,20,12
G2,2022-10-23,107.04310040644967,-31.638984481148178,mm,B,2,1,20,12
G2,2022-10-24,0.0077248444038876835,0.019267965792440438,m,A,2,1,20,12
G2,2022-10-25,107.36336957192063,-31.13821742312952,mm,B,2,1,20,12
G2,2022-10-26,7.753081209881131,19.62048496331142,mm,A,2,1,20,12
G2,2022-10-27,0.10774441637092418,-0.030690960239346466,m,B,12,1,20,12
G2,2022-10-28,7.784621161662668,17.25682828203837,mm,A,2,1,20,12
G2,2022-10-29,108.84768688948323,-31.123588074131266,mm,B,2,1,20,12
G2,2022-10-30,0.007514904389215361,0.019595620015902464,m,A,2,1,20,12
G2,2022-10-31,107.39248115884604,-30.095163137165,mm,B,2,1,20,12
G2,2022-11-01,8.011619377228895,20.097657941522993,mm,A,2,1,20,12
G2,2022-11-02,0.10824711200082326,-0.03060832802465203,m,B,2,1,20,12
G2,2022-11-03,7.974100867958085,20.110518067176386,mm,A,2,1,20,12
G2,2022-11-04,107.28899002475424,-30.897582070599142,mm,B,2,1,20,12
G2,2022-11-05,0.008105026559433988,0.02000451011483871,m,A,2,1,20,12
G2,2022-11-06,107.86946788783877,-30.52127595011869,mm,B,2,1,20,12
G2,2022-11-07,6.728169428226152,18.474901315878604,mm,A,2,1,20,12
G2,2022-11-08,0.10848508043163982,-0.03054386528709443,m,B,2,1,20,12
G2,2022-11-09,8.401764121524335,19.660274309164006,mm,A,2,1,20,12
G2,2022-11-10,106.95369784083148,-31.68059848367509,mm,B,2,1,20,12
G2,2022-11-11,0.007612947704000852,0.01848834770812491,m,A,2,1,20,12
G2,2022-11-12,107.94515966639229,-29.788840747530198,mm,B,2,1,20,12
G2,2022-11-13,8.88256776339679,18.89049029794146,mm,A,2,1,20,12
G2,2022-11-14,0.10660627864050912,-0.030390680915074117,m,B,2,1,20,12
G2,2022-11-15,8.02389165115169,18.678807889500014,mm,A,2,1,20,12
G2,2022-11-16,106.94900641846911,-30.097265311417686,mm,B,2,1,20,12
G2,2022-11-17,0.007573776749582732,0.01921214422042226,m,A,2,1,20,12
G2,2022-11-18,107.07359677963484,-30.34114915945554,mm,B,2,1,20,12
G2,2022-11-19,6.417568805692511,19.958727757237114,mm,A,2,1,20,12
G2,2022-11-20,0.10814025615810743,-0.03018238267077768,m,B,2,0,20,12
G2,2022-11-21,7.334275955308728,19.844662593627223,mm,A,2,1,20,12
G2,2022-11-22,107.70800188593051,-30.240750690676826,mm,B,2,1,20,12
G2,2022-11-23,0.007624935590261174,0.019454982903867688,m,A,2,1,20,12
G2,2022-11-24,108.51914660332477,-30.422054142793623,mm,B,2,1,20,12
G2,2022-11-25,7.864425382561947,19.99403766787454,mm,A,2,1,20,12
G2,2022-11-26,0.10767025057022563,-0.030166544250747003,m,B,2,1,20,12
G2,2022-11-27,8.536635331613414,20.21894405880029,mm,A,12,1,20,12
G2,2022-11-28,108.02618183548952,-29.183813551745526,mm,B,2,1,20,12
G2,2022-11-29,0.008181608164876243,0.01899631097926755,m,A,2,1,20,12
G2,2022-11-30,107.58126699643373,-31.090463207915985,mm,B,2,1,20,12
G2,2022-12-01,7.843309430367854,19.37807114221253,mm,A,2,1,20,12
G2,2022-12-02,0.10836573013582973,-0.029822112299100412,m,B,2,1,20,12
G2,2022-12-03,7.585565840357812,20.261175964321204,mm,A,2,1,20,12
G2,2022-12-04,108.06030306749999,-30.71439672084808,mm,B,2,1,20,12
G2,2022-12-05,0.007267285493089037,0.02128497486163575,m,A,2,1,20,12
G2,2022-12-06,106.60611199454343,-29.97813701403985,mm,B,2,1,20,12
G2,2022-12-07,7.727871822960557,20.633550004998767,mm,A,2,1,20,12
G2,2022-12-08,0.10672335275391857,-0.02972341349236613,m,B,2,1,20,12
G2,2022-12-09,9.6160083437367,19.127275569295705,mm,A,2,1,20,12
G2,2022-12-10,108.11782252990119,-30.112775225338385,mm,B,2,1,20,12
G2,2022-12-11,0.00859010669507337,0.020101630477502564,m,A,2,1,20,12
G2,2022-12-12,106.70864810210028,-31.36763483713304,mm,B,2,1,20,12
G2,2022-12-13,6.84049685785423,19.647249299929996,mm,A,2,1,20,12
G2,2022-12-14,0.10649026940603924,-0.029835715626400014,m,B,2,1,20,12
G2,2022-12-15,8.312227020565237,19.462066237114907,mm,A,2,1,20,12
G2,2022-12-16,107.52397938856504,-30.895128440664802,mm,B,2,1,20,12
G2,2022-12-17,0.00840612588877737,0.020398658997511747,m,A,2,1,20,12
G2,2022-12-18,107.59722826841751,-30.61998350400001,mm,B,2,1,20,12
G2,2022-12-19,7.616264615781452,19.4191256961236,mm,A,2,1,20,12
G2,2022-12-20,0.10785200393129243,-0.029373694881359734,m,B,2,1,20,12
G2,2022-12-21,7.528782210003701,19.473971577512525,mm,A,2,1,20,12
G2,2022-12-22,108.5183979647476,-30.115388951457113,mm,B,2,1,20,12
G2,2022-12-23,0.007078165094469154,0.02031131581935719,m,A,2,1,20,12
G2,2022-12-24,107.58998896873197,-29.919352485997326,mm,B,2,1,20,12
G2,2022-12-25,8.200522993126883,19.61826609488622,mm,A,2,1,20,12
G2,2022-12-26,0.10838012254224573,-0.030765171760597725,m,B,2,1,20,12
G2,2022-12-27,8.07628538234532,19.40184222011047,mm,A,2,1,20,12
G2,2022-12-28,107.34971388825825,-29.97817559126793,mm,B,12,1,20,12
G2,2022-12-29,0.007717149290912977,0.019948142894309313,m,A,2,1,20,12
G2,2022-12-30,106.9159492118235,-30.542571485974552,mm,B,2,1,20,12
G2,2022-12-31,7.841648517438413,20.050676713205732,mm,A,2,1,20,12
G2,2023-01-01,0.10821912900900361,-0.028793574624406945,m,B,2,1,20,12
G2,2023-01-02,7.86050914475939,20.48752727576063,mm,A,2,0,20,12
G2,2023-01-03,108.19802891454955,-30.91341955142024,mm,B,2,1,20,12
G2,2023-01-04,0.007836670322091495,0.019913396244147487,m,A,2,1,20,12
G2,2023-01-05,108.75980062735044,-29.962250176992878,mm,B,2,1,20,12
G2,2023-01-06,8.243220831619828,20.76419996968537,mm,A,2,1,20,12
G2,2023-01-07,0.10778106715342117,-0.030444728643626434,m,B,2,1,20,12
G2,2023-01-08,8.568632842275505,19.372034229217824,mm,A,2,1,20,12
G2,2023-01-09,108.15868040248175,-30.534235909441758,mm,B,2,1,20,12
G2,2023-01-10,0.008276550613424506,0.020595086939711463,m,A,2,1,20,12
G2,2023-01-11,106.78884850892213,-30.400536966364506,mm,B,2,1,20,12
G2,2023-01-12,8.42116931157984,20.56844711439485,mm,A,2,1,20,12
G2,2023-01-13,0.10735997631935146,-0.029796369194796165,m,B,2,1,20,12
G2,2023-01-14,8.15620877188973,20.02785511305917,mm,A,2,1,20,12
G2,2023-01-15,108.80610541488595,-29.215774501175744,mm,B,2,1,20,12
G2,2023-01-16,0.008831888959728666,0.01984256728137113,m,A,2,1,20,12
G2,2023-01-17,108.25645890168633,-28.90366978474065,mm,B,2,1,20,12
G2,2023-01-18,8.119415595279488,20.10058713454013,mm,A,2,1,20,12
G2,2023-01-19,0.10749984865430048,-0.02980458074522787,m,B,2,1,20,12
G2,2023-01-20,8.51616085016461,19.89965703726922,mm,A,2,1,20,12
G2,2023-01-21,108.72288993216652,-29.173431290600128,mm,B,2,1,20,12
G2,2023-01-22,0.0091469660437218,0.020994672285628308,m,A,2,1,20,12
G2,2023-01-23,108.1718104449856,-29.367791910858646,mm,B,2,1,20,12
G2,2023-01-24,8.063345413945255,20.964055446362853,mm,A,2,1,20,12
G2,2023-01-25,0.10891741260922204,-0.029977249957377685,m,B,2,1,20,12
G2,2023-01-26,7.853965164387112,20.838975380776752,mm,A,2,1,20,12
G2,2023-01-27,107.51943971707465,-29.349409316211723,mm,B,2,1,20,12
G2,2023-01-28,0.007209945701336468,0.019465306519705527,m,A,12,1,20,12
G2,2023-01-29,107.79738698108785,-29.886344105900754,mm,B,2,1,20,12
G2,2023-01-30,7.781797739319748,19.208035205214106,mm,A,2,1,20,12
G2,2023-01-31,0.10752506643638934,-0.02924626381869024,m,B,2,1,20,12
G2,2023-02-01,8.262046916108945,20.73046804240771,mm,A,2,1,20,12
G2,2023-02-02,108.58864505492677,-29.739742673672623,mm,B,2,1,20,12
G2,2023-02-03,0.008181308303192183,0.020769761308197576,m,A,2,1,20,12
G2,2023-02-04,107.7827433921577,-29.4989559151075,mm,B,2,1,20,12
G2,2023-02-05,7.780440744304616,19.945602129070178,mm,A,2,1,20,12
G2,2023-02-06,0.10866537808764082,-0.029763719462422154,m,B,2,1,20,12
G2,2023-02-07,7.949805912837066,20.295234838393228,mm,A,2,1,20,12
G2,2023-02-08,108.2645037901962,-29.68778049367227,mm,B,2,1,20,12
G2,2023-02-09,0.008147425323070105,0.020286289216781023,m,A,2,1,20,12
G2,2023-02-10,107.14917054571544,-29.34757059784836,mm,B,2,1,20,12
G2,2023-02-11,8.795199193783608,21.151191393666966,mm,A,2,1,20,12
G2,2023-02-12,0.10870392992680139,-0.029301007421716412,m,B,2,1,20,12
G2,2023-02-13,7.763066006842549,19.614441219860762,mm,A,2,1,20,12
G2,2023-02-14,108.35978731794725,-29.291092943638738,mm,B,2,0,20,12
G2,2023-02-15,0.008658503169990346,0.020941021106207724,m,A,2,1,20,12
G2,2023-02-16,108.08076679471148,-30.104043651022188,mm,B,2,1,20,12
G2,2023-02-17,7.776450547301724,21.22763755093973,mm,A,2,1,20,12
G2,2023-02-18,0.10808547027837562,-0.02894748983426917,m,B,2,1,20,12
G2,2023-02-19,9.009913648185083,19.991822405905445,mm,A,2,1,20,12
G2,2023-02-20,108.62426900011872,-28.981522520482862,mm,B,2,1,20,12
G2,2023-02-21,0.008878285599446513,0.02059895967916105,m,A,2,1,20,12
G2,2023-02-22,109.29692249621348,-28.47056461835301,mm,B,2,1,20,12
G2,2023-02-23,9.047419625533104,20.755855602396924,mm,A,2,1,20,12
G2,2023-02-24,0.10732605435725207,-0.030193018320448548,m,B,2,1,20,12
G2,2023-02-25,8.290978478805126,20.532757772789672,mm,A,2,1,20,12
G2,2023-02-26,108.05575087239016,-29.485766282848374,mm,B,2,1,20,12
G2,2023-02-27,0.0068914557399134355,0.020703946823821155,m,A,2,1,20,12
G2,2023-02-28,107.61207743662798,-29.719394094561252,mm,B,12,1,20,12
G2,2023-03-01,8.418634895915664,20.576146960863795,mm,A,2,1,20,12
G2,2023-03-02,0.10762337503345516,-0.02882297986539005,m,B,2,1,20,12
G2,2023-03-03,9.554958373051782,21.309067820235114,mm,A,2,1,20,12
G2,2023-03-04,107.13551081569038,-29.310131756007568,mm,B,2,1,20,12
G2,2023-03-05,0.009140167778193944,0.0224240505317638,m,A,2,1,20,12
G2,2023-03-06,108.15487451748545,-28.786985283250356,mm,B,2,1,20,12
G2,2023-03-07,8.246602618326568,21.089671833989485,mm,A,2,1,20,12
G2,2023-03-08,0.10901342490353633,-0.02883663929296032,m,B,2,1,20,12
G2,2023-03-09,8.860228847673968,21.703985185797247,mm,A,2,1,20,12
G2,2023-03-10,108.64281392280809,-28.71452816154841,mm,B,2,1,20,12
G2,2023-03-11,0.00820909222772768,0.021267980362704844,m,A,2,1,20,12
G2,2023-03-12,108.69375489504193,-29.141140672930806,mm,B,2,1,20,12
G2,2023-03-13,8.315767530784218,21.189067009656576,mm,A,2,1,20,12
G2,2023-03-14,0.10854897077794148,-0.02843035008519104,m,B,2,1,20,12
G2,2023-03-15,8.644236723294041,21.225691833886625,mm,A,2,1,20,12
G2,2023-03-16,108.34853424370414,-28.559417816008207,mm,B,2,1,20,12
G2,2023-03-17,0.006996560027817688,0.02103787046886118,m,A,2,1,20,12
G2,2023-03-18,107.3254064947531,-29.7860527343524,mm,B,2,1,20,12
G2,2023-03-19,7.432096733571519,21.73985426464108,mm,A,2,1,20,12
G2,2023-03-20,0.10870269571460935,-0.02885050658945219,m,B,2,1,20,12
G2,2023-03-21,8.54825739886631,21.164491595388533,mm,A,2,1,20,12
G2,2023-03-22,108.84305086502722,-28.30049642289011,mm,B,2,1,20,12
G2,2023-03-23,0.008639279282472654,0.0207033108360742,m,A,2,1,20,12
G2,2023-03-24,108.2756260109981,-29.002850127124844,mm,B,2,1,20,12
G2,2023-03-25,7.791587757108452,20.298432382879074,mm,A,2,1,20,12
G2,2023-03-26,0.10901718915291249,-0.029320337995026965,m,B,2,1,20,12
G2,2023-03-27,8.17217461901156,21.345854425635864,mm,A,2,1,20,12
G2,2023-03-28,107.97123343666595,-28.778922222347553,mm,B,2,1,20,12
G2,2023-03-29,0.008369641849921982,0.02079041173840309,m,A,2,0,20,12
G2,2023-03-30,109.01883765862539,-29.58931436196947,mm,B,2,1,20,12
G2,2023-03-31,7.846422944677327,20.866634522673444,mm,A,12,1,20,12
G2,2023-04-01,0.10794568822908515,-0.029002279014375368,m,B,2,1,20,12
G2,2023-04-02,8.32382262154624,21.620045372731813,mm,A,2,1,20,12
G2,2023-04-03,108.4824928190398,-29.136158378735086,mm,B,2,1,20,12
G2,2023-04-04,0.007970518975621921,0.020475842348818166,m,A,2,1,20,12
G2,2023-04-05,108.140606903399,-28.575273509017585,mm,B,2,1,20,12
G2,2023-04-06,8.776722819703407,20.934768249445106,mm,A,2,1,20,12
G2,2023-04-07,0.10919526692718355,-0.02880123917133112,m,B,2,1,20,12
G2,2023-04-08,8.119291734926321,21.63964567314633,mm,A,2,1,20,12
G2,2023-04-09,107.79290029725185,-28.876055311242215,mm,B,2,1,20,12
G2,2023-04-10,0.00738629860289893,0.021457082718403225,m,A,2,1,20,12
G2,2023-04-11,109.44512263494958,-27.915235153118626,mm,B,2,1,20,12
G2,2023-04-12,8.491880533733621,21.49704867002655,mm,A,2,1,20,12
G2,2023-04-13,0.10887754630339931,-0.028290446236582126,m,B,2,1,20,12
G2,2023-04-14,9.101144208217104,21.039934209487047,mm,A,2,1,20,12
G2,2023-04-15,108.19841196750357,-27.893511840598514,mm,B,2,1,20,12
G2,2023-04-16,0.008938851797931807,0.022521882025147134,m,A,2,1,20,12
G2,2023-04-17,109.38715142508735,-28.320084094381215,mm,B,2,1,20,12
G2,2023-04-18,8.33392010186659,20.52034863497516,mm,A,2,1,20,12
G2,2023-04-19,0.10844337559689657,-0.029216753757606954,m,B,2,1,20,12
G2,2023-04-20,9.881010846064184,20.274222006350644,mm,A,2,1,20,12
G2,2023-04-21,108.04772179485369,-27.34428787226793,mm,B,2,1,20,12
G2,2023-04-22,0.007932476002783169,0.020558010450171967,m,A,2,1,20,12
G2,2023-04-23,108.46271403641586,-28.249095778306955,mm,B,2,1,20,12
G2,2023-04-24,7.637713495917263,22.942015820419694,mm,A,2,1,20,12
G2,2023-04-25,0.10814048814721024,-0.028772781323900362,m,B,2,1,20,12
G2,2023-04-26,9.549928252593888,21.510461983272098,mm,A,2,1,20,12
G2,2023-04-27,109.8656553847823,-28.02665583651213,mm,B,2,1,20,12
G2,2023-04-28,0.008578297348412096,0.021930516058578254,m,A,2,1,20,12
G2,2023-04-29,107.64057448842384,-27.40192434376764,mm,B,2,1,20,12
G2,2023-04-30,8.473353204025114,20.743486562610773,mm,A,2,1,20,12
G2,2023-05-01,0.10833090625141747,-0.027671148071006645,m,B,12,1,20,12
G2,2023-05-02,9.481981968483423,21.67419763769173,mm,A,2,1,20,12
G2,2023-05-03,108.54709690706783,-27.715555898044556,mm,B,2,1,20,12
G2,2023-05-04,0.008335598880420217,0.021643584019766605,m,A,2,1,20,12
G2,2023-05-05,108.65025744926714,-28.132263647628392,mm,B,2,1,20,12
G2,2023-05-06,8.834033374908119,21.81841759720907,mm,A,2,1,20,12
G2,2023-05-07,0.10837615427602203,-0.02912109287535354,m,B,2,1,20,12
G2,2023-05-08,8.016456020708887,21.91483170023591,mm,A,2,1,20,12
G2,2023-05-09,108.20108951599583,-28.542453093727758,mm,B,2,1,20,12
G2,2023-05-10,0.007589419447118367,0.02095730349569715,m,A,2,1,20,12
G2,2023-05-11,108.85559302720965,-28.374638005976216,mm,B,2,0,20,12
G2,2023-05-12,8.493105953601066,21.843293161378558,mm,A,2,1,20,12
G2,2023-05-13,0.10866557162650167,-0.02824009989338956,m,B,2,1,20,12
G2,2023-05-14,8.44726873517727,22.214144493598432,mm,A,2,1,20,12
G2,2023-05-15,108.75547726422536,-27.915356607738374,mm,B,2,1,20,12
G2,2023-05-16,0.007989308164828403,0.022157813318951693,m,A,2,1,20,12
G2,2023-05-17,109.13280459392337,-28.956210046768142,mm,B,2,1,20,12
G2,2023-05-18,8.794401822438793,21.691550439239904,mm,A,2,1,20,12
G2,2023-05-19,0.10798139209090787,-0.02807639936535202,m,B,2,1,20,12
G2,2023-05-20,9.301922719490754,21.316026705737542,mm,A,2,1,20,12
G2,2023-05-21,109.13917985026153,-27.59623036637457,mm,B,2,1,20,12
G2,2023-05-22,0.008678740236218913,0.022460371539585623,m,A,2,1,20,12
G2,2023-05-23,108.65282941683444,-28.686455372321685,mm,B,2,1,20,12
G2,2023-05-24,8.088145569615174,21.524089484101502,mm,A,2,1,20,12
G2,2023-05-25,0.10805239225673532,-0.02792508926908241,m,B,2,1,20,12
G2,2023-05-26,9.759539668405521,21.17855948313901,mm,A,2,1,20,12
G2,2023-05-27,108.64833680795816,-29.357101973590808,mm,B,2,1,20,12
G2,2023-05-28,0.00858952987612128,0.02145754886462274,m,A,2,1,20,12
G2,2023-05-29,108.87155850018405,-28.596728258575,mm,B,2,1,20,12
G2,2023-05-30,8.23295207844569,20.11181914054017,mm,A,2,1,20,12
G2,2023-05-31,0.10905149598733656,-0.027408354926126824,m,B,2,1,20,12
G2,2023-06-01,7.944655373310165,21.581522511778438,mm,A,12,1,20,12
G2,2023-06-02,109.4045953161636,-28.068818762889435,mm,B,2,1,20,12
G2,2023-06-03,0.008959085956965011,0.021284106169045917,m,A,2,1,20,12
G2,2023-06-04,108.87394337462943,-27.25793548470454,mm,B,2,1,20,12
G2,2023-06-05,8.616671857246862,22.096351310545785,mm,A,2,1,20,12
G2,2023-06-06,0.10832179212107199,-0.027968350470742663,m,B,2,1,20,12
G2,2023-06-07,9.586664148839159,22.586708050691982,mm,A,2,1,20,12
G2,2023-06-08,108.75818448072553,-27.58816628747215,mm,B,2,1,20,12
G2,2023-06-09,0.008984266575072744,0.021789409350605558,m,A,2,1,20,12
G2,2023-06-10,108.69346859744718,-27.510028703941842,mm,B,2,1,20,12
G2,2023-06-11,7.880776852331531,22.323712367361118,mm,A,2,1,20,12
G2,2023-06-12,0.10911973000435521,-0.02799723470439877,m,B,2,1,20,12
G2,2023-06-13,8.65834263388101,20.94383778768621,mm,A,2,1,20,12
G2,2023-06-14,108.53255351762225,-28.441371526710306,mm,B,2,1,20,12
G2,2023-06-15,0.009953793951550176,0.02240234379103733,m,A,2,1,20,12
G2,2023-06-16,109.58873652036324,-27.718186249271895,mm,B,2,1,20,12
G2,2023-06-17,9.92328409393935,21.557527765638596,mm,A,2,1,20,12
G2,2023-06-18,0.10799213625075064,-0.028067898395884087,m,B,2,1,20,12
G2,2023-06-19,9.061552869994534,22.024195795756942,mm,A,2,1,20,12
G2,2023-06-20,108.10192095510402,-27.1640885909354,mm,B,2,1,20,12
G2,2023-06-21,0.008251695313102752,0.023121037329644177,m,A,2,1,20,12
G2,2023-06-22,109.36118640488431,-26.957832680950332,mm,B,2,1,20,12
G2,2023-06-23,8.742192470890926,22.051422469598283,mm,A,2,0,20,12
G2,2023-06-24,0.10916745557621559,-0.027073199750452255,m,B,2,1,20,12
G2,2023-06-25,9.361041153460675,22.403975213250927,mm,A,2,1,20,12
G2,2023-06-26,108.82334600471665,-27.572106266919413,mm,B,2,1,20,12
G2,2023-06-27,0.009511107021409913,0.021796829913469044,m,A,2,1,20,12
G2,2023-06-28,108.26267953732766,-27.683856812070026,mm,B,2,1,20,12
G2,2023-06-29,8.6492254531312,22.455876506013226,mm,A,2,1,20,12
G2,2023-06-30,0.10970592032114058,-0.027400172740047548,m,B,2,1,20,12
G2,2023-07-01,8.548897427959307,22.178847741194435,mm,A,2,1,20,12
G2,2023-07-02,107.88201483886169,-26.785895402200726,mm,B,12,1,20,12
G2,2023-07-03,0.0088564951506592,0.02262518580030937,m,A,2,1,20,12
G2,2023-07-04,108.86947818524948,-28.054110043628082,mm,B,2,1,20,12
G2,2023-07-05,8.884779944101764,22.35540408705978,mm,A,2,1,20,12
G2,2023-07-06,0.10850047862431858,-0.027810875128061418,m,B,2,1,20,12
G2,2023-07-07,9.113597138388721,22.041107664002226,mm,A,2,1,20,12
G2,2023-07-08,108.66450160557972,-27.410908211420747,mm,B,2,1,20,12
G2,2023-07-09,0.009500801398296831,0.021941126178867676,m,A,2,1,20,12
G2,2023-07-10,109.69332949232572,-27.567693457679095,mm,B,2,1,20,12
G2,2023-07-11,9.297314695694524,22.279757413367875,mm,A,2,1,20,12
G2,2023-07-12,0.10922657363218502,-0.026969527137117536,m,B,2,1,20,12
G2,2023-07-13,8.336044807189692,22.715837223178426,mm,A,2,1,20,12
G2,2023-07-14,108.44087617345323,-27.20503688603662,mm,B,2,1,20,12
G2,2023-07-15,0.009818857560949813,0.02157691442984651,m,A,2,1,20,12
G2,2023-07-16,108.77941628166911,-27.15575677865886,mm,B,2,1,20,12
G2,2023-07-17,9.439882787231246,23.127673722844932,mm,A,2,1,20,12
G2,2023-07-18,0.10945341038415393,-0.027370608293114013,m,B,2,1,20,12
G2,2023-07-19,9.099848422357093,22.386438712374577,mm,A,2,1,20,12
G2,2023-07-20,109.40103895306044,-27.091436236914458,mm,B,2,1,20,12
G2,2023-07-21,0.008303575465183842,0.022860555686475995,m,A,2,1,20,12
G2,2023-07-22,108.78462012357419,-27.668346181525948,mm,B,2,1,20,12
G2,2023-07-23,9.2407727137592,23.182771229228834,mm,A,2,1,20,12
G2,2023-07-24,0.10946069438044317,-0.02761383433883755,m,B,2,1,20,12
G2,2023-07-25,9.815382841938469,21.450466257927186,mm,A,2,1,20,12
G2,2023-07-26,109.12458669055385,-27.108634519490185,mm,B,2,1,20,12
G2,2023-07-27,0.008249786320194344,0.022340874627335968,m,A,2,1,20,12
G2,2023-07-28,110.596128672699,-26.923286825276286,mm,B,2,1,20,12
G2,2023-07-29,8.118101469130577,22.07474496094903,mm,A,2,1,20,12
G2,2023-07-30,0.1084230783886773,-0.027471006047639076,m,B,2,1,20,12
G2,2023-07-31,9.255460662120013,22.751939691087607,mm,A,2,1,20,12
G2,2023-08-01,110.66033283498751,-26.970006503130296,mm,B,2,1,20,12
G2,2023-08-02,0.009164587680179569,0.023305066596213758,m,A,12,1,20,12
G2,2023-08-03,109.24026584843993,-26.96439594497907,mm,B,2,1,20,12
G2,2023-08-04,9.073898603436232,22.971227669114988,mm,A,2,1,20,12
G2,2023-08-05,0.10921500048010808,-0.025882023665706327,m,B,2,0,20,12
G2,2023-08-06,9.109116942059291,22.486158599290082,mm,A,2,1,20,12
G2,2023-08-07,109.90660264176347,-27.09259439172844,mm,B,2,1,20,12
G2,2023-08-08,0.010103342983420093,0.023030421151076827,m,A,2,1,20,12
G2,2023-08-09,110.19716148832273,-27.207553286615042,mm,B,2,1,20,12
G2,2023-08-10,10.056654077355667,22.46944525633773,mm,A,2,1,20,12
G2,2023-08-11,0.10989162103937099,-0.02584982800253257,m,B,2,1,20,12
G2,2023-08-12,8.395468546459389,22.833516523578304,mm,A,2,1,20,12
G2,2023-08-13,109.22579783572304,-26.334807428795195,mm,B,2,1,20,12
G2,2023-08-14,0.008990986512521008,0.02353702140327791,m,A,2,1,20,12
G2,2023-08-15,110.03889751545572,-27.03866670657807,mm,B,2,1,20,12
G2,2023-08-16,9.226363067372649,23.53734369723256,mm,A,2,1,20,12
G2,2023-08-17,0.10961327453351216,-0.025510042920620472,m,B,2,1,20,12
G2,2023-08-18,9.70533495210179,21.95647561955264,mm,A,2,1,20,12
G2,2023-08-19,108.05194039905506,-25.837436416489766,mm,B,2,1,20,12
G2,2023-08-20,0.008530373352496921,0.02320967413011582,m,A,2,1,20,12
G2,2023-08-21,109.0196503161413,-26.4600799424535,mm,B,2,1,20,12
G2,2023-08-22,8.970046806987856,23.29138051263511,mm,A,2,1,20,12
G2,2023-08-23,0.10923788007000818,-0.027070721138579747,m,B,2,1,20,12
G2,2023-08-24,9.440937640365556,23.28316905762792,mm,A,2,1,20,12
G2,2023-08-25,109.97070407679638,-26.350205907465675,mm,B,2,1,20,12
G2,2023-08-26,0.008618074459875466,0.02322151348683381,m,A,2,1,20,12
G2,2023-08-27,109.33020508008977,-26.72254260213299,mm,B,2,1,20,12
G2,2023-08-28,9.615016964830941,23.213808680637435,mm,A,2,1,20,12
G2,2023-08-29,0.109181752555528,-0.027301136005627526,m,B,2,1,20,12
G2,2023-08-30,8.335475444628967,23.836937777596184,mm,A,2,1,20,12
G2,2023-08-31,108.63730376906202,-26.016990694973007,mm,B,2,1,20,12
G2,2023-09-01,0.008624953815822945,0.023242189597929168,m,A,2,1,20,12
G2,2023-09-02,109.39468009603476,-27.19562773010078,mm,B,12,1,20,12
G2,2023-09-03,9.13514615063827,23.272309148417445,mm,A,2,1,20,12
G2,2023-09-04,0.10864995452520437,-0.026666073308973824,m,B,2,1,20,12
G2,2023-09-05,9.510755878914367,23.79269008695299,mm,A,2,1,20,12
G2,2023-09-06,109.55138449649647,-26.12625376977621,mm,B,2,1,20,12
G2,2023-09-07,0.00994286681377585,0.02397092482327718,m,A,2,1,20,12
G2,2023-09-08,109.95433034197133,-26.157560098513414,mm,B,2,1,20,12
G2,2023-09-09,9.937720197395386,24.23680646028874,mm,A,2,1,20,12
G2,2023-09-10,0.1094326958438854,-0.026305244994297164,m,B,2,1,20,12
G2,2023-09-11,9.660503755411893,23.824177007733006,mm,A,2,1,20,12
G2,2023-09-12,109.01722440490286,-27.174888203462075,mm,B,2,1,20,12
G2,2023-09-13,0.009110553089148423,0.02418772726803184,m,A,2,1,20,12
G2,2023-09-14,109.25061387260487,-26.22477238033296,mm,B,2,1,20,12
G2,2023-09-15,8.468050185628245,24.15331565223236,mm,A,2,1,20,12
G2,2023-09-16,0.10950351026654069,-0.0258210863943693,m,B,2,1,20,12
G2,2023-09-17,8.99777141438365,23.810429658644416,mm,A,2,0,20,12
G2,2023-09-18,108.75938615343979,-27.71700153359236,mm,B,2,1,20,12
G2,2023-09-19,0.009051835331380296,0.023993214696295485,m,A,2,1,20,12
G2,2023-09-20,109.74349751831623,-26.344189007176453,mm,B,2,1,20,12
G2,2023-09-21,9.286941351414198,24.4113483551304,mm,A,2,1,20,12
G2,2023-09-22,0.10920948582320009,-0.02625116460424073,m,B,2,1,20,12
G2,2023-09-23,9.945250614446378,24.202191703431225,mm,A,2,1,20,12
G2,2023-09-24,109.39041037336104,-24.93040309136384,mm,B,2,1,20,12
G2,2023-09-25,0.009487185702426251,0.023598105997039025,m,A,2,1,20,12
G2,2023-09-26,108.874111370119,-25.306959677794822,mm,B,2,1,20,12
G2,2023-09-27,9.668765093420761,23.712812363628917,mm,A,2,1,20,12
G2,2023-09-28,0.10926322133854986,-0.025888864148680826,m,B,2,1,20,12
G2,2023-09-29,9.506017749866071,23.75423465509217,mm,A,2,1,20,12
G2,2023-09-30,109.73353946705161,-26.922284436552363,mm,B,2,1,20,12
G2,2023-10-01,0.00984271854397962,0.023643491481432737,m,A,2,1,20,12
G2,2023-10-02,109.63378321771476,-26.60294194078795,mm,B,2,1,20,12
G2,2023-10-03,8.577050024401416,23.83304898926121,mm,A,12,1,20,12
G2,2023-10-04,0.10814013530047412,-0.025612044940647664,m,B,2,1,20,12
G2,2023-10-05,9.19652557520178,23.153330882093538,mm,A,2,1,20,12
G2,2023-10-06,109.52741369000557,-25.91016396552127,mm,B,2,1,20,12
G2,2023-10-07,0.009270884128790916,0.02328098208253051,m,A,2,1,20,12
G2,2023-10-08,109.39740793533656,-26.86734733844476,mm,B,2,1,20,12
G2,2023-10-09,9.295646886215124,25.21280418041425,mm,A,2,1,20,12
G2,2023-10-10,0.10992412888106631,-0.02580952425319513,m,B,2,1,20,12
G2,2023-10-11,10.589602437607958,24.169862244537125,mm,A,2,1,20,12
G2,2023-10-12,110.04895790917037,-26.437190205590472,mm,B,2,1,20,12
G2,2023-10-13,0.008712978887264,0.02437641413502813,m,A,2,1,20,12
G2,2023-10-14,109.23654478772615,-25.594896753933362,mm,B,2,1,20,12
G2,2023-10-15,10.555800739207168,24.95296164875599,mm,A,2,1,20,12
G2,2023-10-16,0.11048618600045938,-0.026921365740866426,m,B,2,1,20,12
G2,2023-10-17,8.627636995353098,23.137661242449624,mm,A,2,1,20,12
G2,2023-10-18,110.100267151626,-26.654021017338994,mm,B,2,1,20,12
G2,2023-10-19,0.010353691059414591,0.023943236457689712,m,A,2,1,20,12
G2,2023-10-20,109.18140543666044,-26.419016493656027,mm,B,2,1,20,12
G2,2023-10-21,9.323064692571469,23.68605320607391,mm,A,2,1,20,12
G2,2023-10-22,0.10978786344023095,-0.026193456867945324,m,B,2,1,20,12
G2,2023-10-23,9.347612656869678,23.57809084902669,mm,A,2,1,20,12
G2,2023-10-24,109.41408417403676,-25.970299095319017,mm,B,2,1,20,12
G2,2023-10-25,0.009202647632144224,0.023033096553074898,m,A,2,1,20,12
G2,2023-10-26,109.53716887528867,-25.230134364619417,mm,B,2,1,20,12
G2,2023-10-27,9.17211852169681,25.053570861755468,mm,A,2,1,20,12
G2,2023-10-28,0.10860111724992512,-0.026215646200124475,m,B,2,1,20,12
G2,2023-10-29,9.969683092525568,24.574436042185205,mm,A,2,1,20,12
G2,2023-10-30,110.07085208444859,-25.657003501501233,mm,B,2,0,20,12
G2,2023-10-31,0.010193572234715512,0.024356317820685244,m,A,2,1,20,12
G2,2023-11-01,110.17188567039032,-27.130598870968083,mm,B,2,1,20,12
G2,2023-11-02,9.29772378935662,24.082480981926835,mm,A,2,1,20,12
G2,2023-11-03,0.11057248759623844,-0.026210217171363057,m,B,12,1,20,12
G2,2023-11-04,9.661986356331496,23.58823677981026,mm,A,2,1,20,12
G2,2023-11-05,109.73584124248354,-26.286141033167542,mm,B,2,1,20,12
G2,2023-11-06,0.009203287351356351,0.02475195728323134,m,A,2,1,20,12
G2,2023-11-07,109.4611498131398,-25.860479849397393,mm,B,2,1,20,12
G2,2023-11-08,10.35601110746141,24.527253063669274,mm,A,2,1,20,12
G2,2023-11-09,0.1091088530250186,-0.026142106724780467,m,B,2,1,20,12
G2,2023-11-10,10.442640115055218,23.830794984080047,mm,A,2,1,20,12
G2,2023-11-11,109.1786165841936,-25.625310753665076,mm,B,2,1,20,12
G2,2023-11-12,0.009364719839490184,0.024518763403273604,m,A,2,1,20,12
G2,2023-11-13,110.81351513830809,-26.42793871648242,mm,B,2,1,20,12
G2,2023-11-14,9.39869573367082,24.248462075132174,mm,A,2,1,20,12
G2,2023-11-15,0.11016783511309447,-0.025864154217817358,m,B,2,1,20,12
G2,2023-11-16,9.15839889018699,24.648226755438497,mm,A,2,1,20,12
G2,2023-11-17,109.51641116130546,-26.624280368970748,mm,B,2,1,20,12
G2,2023-11-18,0.009527222215696561,0.025084368089207547,m,A,2,1,20,12
G2,2023-11-19,109.69437942283912,-25.042176705318624,mm,B,2,1,20,12
G2,2023-11-20,9.754596212757326,24.132538452719157,mm,A,2,1,20,12
G2,2023-11-21,0.11011485157796727,-0.025758478685066994,m,B,2,1,20,12
G2,2023-11-22,9.474034335167765,24.221412870547738,mm,A,2,1,20,12
G2,2023-11-23,109.6238007157632,-25.72140727097149,mm,B,2,1,20,12
G2,2023-11-24,0.009846559176060067,0.024842448769171306,m,A,2,1,20,12
G2,2023-11-25,110.18923035445512,-25.118865466074304,mm,B,2,1,20,12
G2,2023-11-26,10.968979717643528,24.210349569205018,mm,A,2,1,20,12
G2,2023-11-27,0.10973759549593791,-0.024397737500913397,m,B,2,1,20,12
G2,2023-11-28,10.529183371946088,24.402800625355418,mm,A,2,1,20,12
G2,2023-11-29,109.18541967158454,-25.884429326698047,mm,B,2,1,20,12
G2,2023-11-30,0.009717613896464373,0.023337363972378563,m,A,2,1,20,12
G2,2023-12-01,109.93854447538247,-25.63169778604884,mm,B,2,1,20,12
G2,2023-12-02,10.06216029616303,24.474642986379852,mm,A,2,1,20,12
G2,2023-12-03,0.10998044090019765,-0.02529965685693237,m,B,2,1,20,12
G2,2023-12-04,9.750656672492052,24.90956981413751,mm,A,12,1,20,12
G2,2023-12-05,110.73759921241698,-25.345221849187507,mm,B,2,1,20,12
G2,2023-12-06,0.010011996157442173,0.024271017528662644,m,A,2,1,20,12
G2,2023-12-07,109.48179329002373,-26.066078038535885,mm,B,2,1,20,12
G2,2023-12-08,10.486418536877965,25.146718856496026,mm,A,2,1,20,12
G2,2023-12-09,0.10993217408838334,-0.02529810174112678,m,B,2,1,20,12
G2,2023-12-10,10.587342181910055,24.11778371750206,mm,A,2,1,20,12
G2,2023-12-11,110.26920580518915,-24.145407586961056,mm,B,2,1,20,12
G2,2023-12-12,0.00959465588827231,0.025269007787899003,m,A,2,0,20,12
G2,2023-12-13,109.9073846877663,-25.34270076336285,mm,B,2,1,20,12
G2,2023-12-14,8.994977834557648,25.040878778903757,mm,A,2,1,20,12
G2,2023-12-15,0.10989716759581283,-0.02550449370334496,m,B,2,1,20,12
G2,2023-12-16,10.28303461841031,25.12981572731483,mm,A,2,1,20,12
G2,2023-12-17,109.63405651146788,-25.862618229628797,mm,B,2,1,20,12
G2,2023-12-18,0.009946461481574152,0.024375796615904256,m,A,2,1,20,12
G2,2023-12-19,110.52587693801159,-25.950433242944975,mm,B,2,1,20,12
G2,2023-12-20,8.855837489171396,23.794657292066923,mm,A,2,1,20,12
G2,2023-12-21,0.11013241576846797,-0.025494618558926724,m,B,2,1,20,12
G2,2023-12-22,9.921477657687008,23.392424893259847,mm,A,2,1,20,12
G2,2023-12-23,109.46327098277872,-24.142280684957957,mm,B,2,1,20,12
G2,2023-12-24,0.009315278049949381,0.024491138995139522,m,A,2,1,20,12
G2,2023-12-25,110.50830897001843,-25.989370598390757,mm,B,2,1,20,12
G2,2023-12-26,9.123663359514861,24.779621753543218,mm,A,2,1,20,12
G2,2023-12-27,0.11010784591049384,-0.024469560138638633,m,B,2,1,20,12
G2,2023-12-28,9.838675054782499,24.878503196460365,mm,A,2,1,20,12
G2,2023-12-29,110.21745330275807,-25.392369503472885,mm,B,2,1,20,12
G2,2023-12-30,0.010235008559060704,0.025345193407328243,m,A,2,1,20,12
G2,2023-12-31,109.5869255189142,-24.38684181708318,mm,B,2,1,20,12
G3,2019-01-01,0.0008984591589777016,-0.00046547448154736514,m,A,12,0,30,18
G3,2019-01-02,99.9237141310296,-50.83314764696369,mm,B,2,1,30,18
G3,2019-01-03,0.0713722893429424,0.1942762992356362,mm,A,2,1,30,18
G3,2019-01-04,0.10036935167942,-0.049575618606694814,m,B,2,1,30,18
G3,2019-01-05,-0.21747203609140392,-0.13798238862307347,mm,A,2,1,30,18
G3,2019-01-06,99.59430030783834,-50.38866261245673,mm,B,2,1,30,18
G3,2019-01-07,0.00021281489645998724,-0.000847538270447722,m,A,2,1,30,18
G3,2019-01-08,99.41153785561417,-49.220615701908265,mm,B,2,1,30,18
G3,2019-01-09,1.1644035475975705,-0.21752109718252088,mm,A,2,1,30,18
G3,2019-01-10,0.09996347807929722,-0.04918973176918093,m,B,2,1,30,18
G3,2019-01-11,-0.6859099778315294,-0.43373867791795456,mm,A,2,1,30,18
G3,2019-01-12,99.93383806418605,-48.91099013842119,mm,B,2,1,30,18
G3,2019-01-13,0.0004888022254938553,0.00019695970448469491,m,A,2,1,30,18
G3,2019-01-14,99.05377572069969,-49.46786148480918,mm,B,2,1,30,18
G3,2019-01-15,-0.7058807683921036,0.47518140444145646,mm,A,2,1,30,18
G3,2019-01-16,0.0996603212747054,-0.04926501119484508,m,B,2,1,30,18
G3,2019-01-17,0.43929343692995676,-0.024378242807863194,mm,A,2,1,30,18
G3,2019-01-18,98.28033098192934,-50.57648008786503,mm,B,2,1,30,18
G3,2019-01-19,-0.0008437088001570348,0.0007773504096093861,m,A,2,1,30,18
G3,2019-01-20,99.51833587325832,-49.574263832459486,mm,B,2,1,30,18
G3,2019-01-21,-0.9843182494361172,0.4795725739118586,mm,A,2,1,30,18
G3,2019-01-22,0.0997825837985523,-0.04958371805880687,m,B,2,1,30,18
G3,2019-01-23,-0.109314401495438,0.3342741034758101,mm,A,2,1,30,18
G3,2019-01-24,101.27547835034763,-50.15889720391708,mm,B,2,1,30,18
G3,2019-01-25,-4.951439548103376e-05,0.0002545286609834923,m,A,2,1,30,18
G3,2019-01-26,100.02761421780833,-50.05634589715021,mm,B,2,1,30,18
G3,2019-01-27,-1.0930196656165465,0.3016104643405668,mm,A,2,1,30,18
G3,2019-01-28,0.0993738786006258,-0.04964406987247461,m,B,2,1,30,18
G3,2019-01-29,0.5639546664527576,0.05015750229016866,mm,A,2,1,30,18
G3,2019-01-30,98.87210145612063,-49.53475767444997,mm,B,2,1,30,18
G3,2019-01-31,0.0002766475468942915,-7.151584725351998e-05,m,A,2,1,30,18
G3,2019-02-01,99.59048986344133,-50.086975975616106,mm,B,12,1,30,18
G3,2019-02-02,-1.477694547648729,-0.20666167569982374,mm,A,2,1,30,18
G3,2019-02-03,0.09969019113820195,-0.04957122258194889,m,B,2,1,30,18
G3,2019-02-04,0.31576113941667194,-0.2922584703949761,mm,A,2,1,30,18
G3,2019-02-05,99.48664988489654,-49.13865350755314,mm,B,2,1,30,18
G3,2019-02-06,-0.0008806708290208645,0.00047040124721989756,m,A,2,1,30,18
G3,2019-02-07,99.7206116160194,-49.819912970193805,mm,B,2,1,30,18
G3,2019-02-08,-2.09186324945765,-0.31889271456852203,mm,A,2,1,30,18
G3,2019-02-09,0.09976057111931622,-0.050045481630316274,m,B,2,1,30,18
G3,2019-02-10,-0.011389456562797384,0.013223729985316318,mm,A,2,1,30,18
G3,2019-02-11,99.17137070169143,-49.75664200248669,mm,B,2,1,30,18
G3,2019-02-12,0.0005496832774284676,0.0007726548127903009,m,A,2,1,30,18
G3,2019-02-13,99.67876275075055,-49.98560641381588,mm,B,2,0,30,18
G3,2019-02-14,-0.657883932783085,0.2546153410713984,mm,A,2,1,30,18
G3,2019-02-15,0.09931613342076183,-0.051108394879728264,m,B,2,1,30,18
G3,2019-02-16,0.4484959950309476,-0.010082970685059561,mm,A,2,1,30,18
G3,2019-02-17,99.91651643478829,-50.51098122165002,mm,B,2,1,30,18
G3,2019-02-18,-0.00036975502155930755,-0.0002407613271050419,m,A,2,1,30,18
G3,2019-02-19,99.8597768383535,-50.30880133186868,mm,B,2,1,30,18
G3,2019-02-20,0.374691621062755,0.4854231841811907,mm,A,2,1,30,18
G3,2019-02-21,0.0997022293658327,-0.04917622040658619,m,B,2,1,30,18
G3,2019-02-22,-0.7865420171519799,-0.6055961706925587,mm,A,2,1,30,18
G3,2019-02-23,98.92679716010444,-49.70502253791695,mm,B,2,1,30,18
G3,2019-02-24,-0.0010784890200637362,-0.00022956036074160883,m,A,2,1,30,18
G3,2019-02-25,99.05052226757026,-49.982776062661756,mm,B,2,1,30,18
G3,2019-02-26,-0.5322783311794996,-0.0533509315233473,mm,A,2,1,30,18
G3,2019-02-27,0.10011013825604169,-0.05017642935086624,m,B,2,1,30,18
G3,2019-02-28,-0.9162477726314743,1.0247603007809527,mm,A,2,1,30,18
G3,2019-03-01,98.73762464101753,-49.86995186711516,mm,B,2,1,30,18
G3,2019-03-02,-0.00020670948611660695,0.0008916578779240541,m,A,2,1,30,18
G3,2019-03-03,98.82815998120012,-49.866627978837165,mm,B,2,1,30,18
G3,2019-03-04,-0.888815814216839,0.9154634956656087,mm,A,12,1,30,18
G3,2019-03-05,0.0991149014591629,-0.04963602402462681,m,B,2,1,30,18
G3,2019-03-06,-0.865675402475806,1.1481456514043349,mm,A,2,1,30,18
G3,2019-03-07,99.10524106111401,-49.385412893852795,mm,B,2,1,30,18
G3,2019-03-08,-0.0005729646282333847,0.0001899558980864589,m,A,2,1,30,18
G3,2019-03-09,99.44320463802624,-50.471255164069106,mm,B,2,1,30,18
G3,2019-03-10,-1.664154886907647,0.004274554753555981,mm,A,2,1,30,18
G3,2019-03-11,0.09936742820423061,-0.04926192074159528,m,B,2,1,30,18
G3,2019-03-12,-1.1730914732063829,1.5874084183693147,mm,A,2,1,30,18
G3,2019-03-13,99.55781405424081,-49.41570845235672,mm,B,2,1,30,18
G3,2019-03-14,-0.0009060772645899458,-8.431290606470418e-05,m,A,2,1,30,18
G3,2019-03-15,99.2616134150382,-50.46108038151864,mm,B,2,1,30,18
G3,2019-03-16,-1.5185074599574815,0.07851637936633327,mm,A,2,1,30,18
G3,2019-03-17,0.09960732073215822,-0.049090485056388564,m,B,2,1,30,18
G3,2019-03-18,-0.7651209597064508,0.9037478219695657,mm,A,2,1,30,18
G3,2019-03-19,99.65122225251122,-49.15120591395014,mm,B,2,1,30,18
G3,2019-03-20,-0.0006659039903474876,0.00017344436781076755,m,A,2,1,30,18
G3,2019-03-21,100.24662610082031,-49.394237467091195,mm,B,2,1,30,18
G3,2019-03-22,-2.0383444544770555,-0.13054629836923526,mm,A,2,1,30,18
G3,2019-03-23,0.09989194729959128,-0.04841149097617777,m,B,2,1,30,18
G3,2019-03-24,-0.45409591923482917,0.05310595844218449,mm,A,2,1,30,18
G3,2019-03-25,98.19348555087564,-49.95465872539902,mm,B,2,1,30,18
G3,2019-03-26,5.9421001837470455e-05,-0.00023444025823915324,m,A,2,1,30,18
G3,2019-03-27,99.03439465184728,-49.83928333876242,mm,B,2,1,30,18
G3,2019-03-28,0.017061579126739557,-0.1968365188387547,mm,A,2,0,30,18
G3,2019-03-29,0.09933514969227968,-0.04940223371789386,m,B,2,1,30,18
G3,2019-03-30,-0.43105237208029507,0.5257655515083566,mm,A,2,1,30,18
G3,2019-03-31,99.56781047510032,-50.34996844197934,mm,B,2,1,30,18
G3,2019-04-01,-0.0012032200998131906,0.00039208599230276163,m,A,2,1,30,18
G3,2019-04-02,97.47895607379024,-50.178155297806065,mm,B,2,1,30,18
G3,2019-04-03,-0.5534043811340783,-0.4151629109455001,mm,A,2,1,30,18
G3,2019-04-04,0.10022967876264585,-0.04994236070990547,m,B,12,1,30,18
G3,2019-04-05,-0.9018491242474944,0.2970569065536521,mm,A,2,1,30,18
G3,2019-04-06,98.22922209840901,-50.52294996720417,mm,B,2,1,30,18
G3,2019-04-07,-0.001526244209741742,-0.00010925535293557898,m,A,2,1,30,18
G3,2019-04-08,98.84291046127453,-50.24489352758014,mm,B,2,1,30,18
G3,2019-04-09,-0.6755779995006252,0.09932521097929262,mm,A,2,1,30,18
G3,2019-04-10,0.09881462261868713,-0.05002403459370771,m,B,2,1,30,18
G3,2019-04-11,-1.1282260134266378,-0.24465996272039314,mm,A,2,1,30,18
G3,2019-04-12,99.24240268392961,-49.18001325274774,mm,B,2,1,30,18
G3,2019-04-13,-0.001559278862507647,-0.0005569639540049319,m,A,2,1,30,18
G3,2019-04-14,99.1066934365219,-49.45420209299803,mm,B,2,1,30,18
G3,2019-04-15,-2.040015639827928,0.20728021587513307,mm,A,2,1,30,18
G3,2019-04-16,0.09919321948456392,-0.049915682113376464,m,B,2,1,30,18
G3,2019-04-17,-0.2088988249330077,1.1192005576252473,mm,A,2,1,30,18
G3,2019-04-18,98.59333541974102,-49.12130311135408,mm,B,2,1,30,18
G3,2019-04-19,-0.00013933066770525871,0.0010739545717725453,m,A,2,1,30,18
G3,2019-04-20,99.00366143745626,-48.99093576847842,mm,B,2,1,30,18
G3,2019-04-21,-1.8452684713891703,0.5491532662458851,mm,A,2,1,30,18
G3,2019-04-22,0.099507781671641,-0.05077337298153769,m,B,2,1,30,18
G3,2019-04-23,-0.7753233080989089,-0.18149107705590528,mm,A,2,1,30,18
G3,2019-04-24,99.76970403835259,-49.8360778244199,mm,B,2,1,30,18
G3,2019-04-25,-0.00048255755192769305,0.00016524386547797453,m,A,2,1,30,18
G3,2019-04-26,99.80130257352664,-49.91394346607116,mm,B,2,1,30,18
G3,2019-04-27,-1.6142721500494002,0.282980608862511,mm,A,2,1,30,18
G3,2019-04-28,0.09833960483134994,-0.04993977857857825,m,B,2,1,30,18
G3,2019-04-29,0.10708261016521092,-0.15854695261539625,mm,A,2,1,30,18
G3,2019-04-30,99.39867804859783,-49.612425955332775,mm,B,2,1,30,18
G3,2019-05-01,-0.000396405526056234,-0.00027339064268263393,m,A,2,1,30,18
G3,2019-05-02,99.84848923969103,-50.66192438612418,mm,B,2,1,30,18
G3,2019-05-03,-1.710480251867888,0.09062588116584813,mm,A,2,1,30,18
G3,2019-05-04,0.09982971105017882,-0.04943992298313902,m,B,2,1,30,18
G3,2019-05-05,-0.7992324400334553,0.0881626057480458,mm,A,12,1,30,18
G3,2019-05-06,99.19657731153751,-50.12019271109689,mm,B,2,1,30,18
G3,2019-05-07,-0.0021437726642966506,-0.00033293272891548676,m,A,2,1,30,18
G3,2019-05-08,99.63496286351354,-50.371361247620634,mm,B,2,1,30,18
G3,2019-05-09,-1.265199597985344,0.45957866448412865,mm,A,2,1,30,18
G3,2019-05-10,0.10005213945537779,-0.04884932047967724,m,B,2,0,30,18
G3,2019-05-11,-0.8809524343192384,1.298815959479984,mm,A,2,1,30,18
G3,2019-05-12,98.51935860832819,-50.008499912166386,mm,B,2,1,30,18
G3,2019-05-13,-0.00031347631413281284,0.0008067884299514363,m,A,2,1,30,18
G3,2019-05-14,99.37203254225433,-48.470469714519254,mm,B,2,1,30,18
G3,2019-05-15,-0.030825162733320033,0.4006127109446248,mm,A,2,1,30,18
G3,2019-05-16,0.10021642847488768,-0.05079922744552546,m,B,2,1,30,18
G3,2019-05-17,-1.4691023511906258,-0.07668130856604932,mm,A,2,1,30,18
G3,2019-05-18,98.27416826552927,-49.144328045038975,mm,B,2,1,30,18
G3,2019-05-19,-0.00013455139994068122,0.0008114304947139805,m,A,2,1,30,18
G3,2019-05-20,98.79387544249606,-49.76046694091729,mm,B,2,1,30,18
G3,2019-05-21,-0.8148505537014534,-0.10008942819237127,mm,A,2,1,30,18
G3,2019-05-22,0.09870340550177008,-0.049875436028266225,m,B,2,1,30,18
G3,2019-05-23,-0.13654565603193158,0.364666665346315,mm,A,2,1,30,18
G3,2019-05-24,98.40642341892098,-49.34052696776089,mm,B,2,1,30,18
G3,2019-05-25,-0.0012632771313950417,0.0003554053628574957,m,A,2,1,30,18
G3,2019-05-26,98.69146549266944,-49.78639652759675,mm,B,2,1,30,18
G3,2019-05-27,-0.2707196051454308,0.7571403648872941,mm,A,2,1,30,18
G3,2019-05-28,0.09900780401215628,-0.04987291026129247,m,B,2,1,30,18
G3,2019-05-29,-0.6192711791954608,0.5653202266809187,mm,A,2,1,30,18
G3,2019-05-30,98.41871304253637,-49.00077892600467,mm,B,2,1,30,18
G3,2019-05-31,-0.0009589844754454798,0.0006575332100964073,m,A,2,1,30,18
G3,2019-06-01,98.1755641198412,-49.756910207288236,mm,B,2,1,30,18
G3,2019-06-02,-0.8871172000546087,-0.6917392378884999,mm,A,2,1,30,18
G3,2019-06-03,0.09920873031080811,-0.049886942449724185,m,B,2,1,30,18
G3,2019-06-04,-0.8896338020122283,-0.7042263175901513,mm,A,2,1,30,18
G3,2019-06-05,99.18068983626232,-50.24763425438092,mm,B,12,1,30,18
G3,2019-06-06,-0.0017750313152434254,0.0008837754324768665,m,A,2,1,30,18
G3,2019-06-07,99.31053198224002,-49.49754117891934,mm,B,2,1,30,18
G3,2019-06-08,-1.4217677625291896,-0.5396433381952019,mm,A,2,1,30,18
G3,2019-06-09,0.09907706991040087,-0.04945349769592798,m,B,2,1,30,18
G3,2019-06-10,-1.0447272529048544,0.4093534713916109,mm,A,2,1,30,18
G3,2019-06-11,98.73880058912226,-49.59665576223172,mm,B,2,1,30,18
G3,2019-06-12,-0.0018573371333716223,-0.00037817680744890736,m,A,2,1,30,18
G3,2019-06-13,99.08311775453825,-50.63693418503536,mm,B,2,1,30,18
G3,2019-06-14,-0.8107177650456399,-0.42439836711843776,mm,A,2,1,30,18
G3,2019-06-15,0.09974111274894716,-0.04895027807255486,m,B,2,1,30,18
G3,2019-06-16,-1.3798313997050025,0.5202130494415047,mm,A,2,1,30,18
G3,2019-06-17,99.84136564015041,-49.65485335223102,mm,B,2,1,30,18
G3,2019-06-18,-0.0022870216686133836,-0.00010832767498217982,m,A,2,1,30,18
G3,2019-06-19,98.15618568125925,-49.64605998507585,mm,B,2,1,30,18
G3,2019-06-20,-0.761260962514576,0.03226839402120124,mm,A,2,1,30,18
G3,2019-06-21,0.09869804892819328,-0.04891941320634499,m,B,2,1,30,18
G3,2019-06-22,-1.5084211548664688,0.2831793381190527,mm,A,2,0,30,18
G3,2019-06-23,97.62159489504621,-49.012286146997006,mm,B,2,1,30,18
G3,2019-06-24,-0.001009262078954569,1.0167849505055504e-05,m,A,2,1,30,18
G3,2019-06-25,97.85795972439901,-49.46139586519258,mm,B,2,1,30,18
G3,2019-06-26,-0.8828239779147722,-0.09528916414292599,mm,A,2,1,30,18
G3,2019-06-27,0.0978042803246501,-0.04978430414209229,m,B,2,1,30,18
G3,2019-06-28,-2.2817070544662084,0.0016604053148276399,mm,A,2,1,30,18
G3,2019-06-29,98.7043817424698,-49.718504152027755,mm,B,2,1,30,18
G3,2019-06-30,-0.002079994379252345,0.0015858621249535475,m,A,2,1,30,18
G3,2019-07-01,99.3704796534256,-48.53046275767173,mm,B,2,1,30,18
G3,2019-07-02,-1.62781180330414,1.416476729087869,mm,A,2,1,30,18
G3,2019-07-03,0.09822671461420752,-0.04952285629454465,m,B,2,1,30,18
G3,2019-07-04,-0.9533815510907852,0.2907408510775805,mm,A,2,1,30,18
G3,2019-07-05,98.3033549608498,-48.76371172067063,mm,B,2,1,30,18
G3,2019-07-06,-0.0009642398642816678,0.0010140263718859577,m,A,12,1,30,18
G3,2019-07-07,98.68552240271653,-50.045922144891264,mm,B,2,1,30,18
G3,2019-07-08,-0.23635107911786535,0.6832557393481602,mm,A,2,1,30,18
G3,2019-07-09,0.09794977137799078,-0.048960564844392304,m,B,2,1,30,18
G3,2019-07-10,-1.4307726217848569,0.7767880072008311,mm,A,2,1,30,18
G3,2019-07-11,97.07575856921939,-50.234620035564085,mm,B,2,1,30,18
G3,2019-07-12,-0.0016540967071256537,0.0006691985550004215,m,A,2,1,30,18
G3,2019-07-13,98.9783525853066,-49.595035943100136,mm,B,2,1,30,18
G3,2019-07-14,-1.8786068713504265,0.7727712426126969,mm,A,2,1,30,18
G3,2019-07-15,0.09888262248510248,-0.050594704802029634,m,B,2,1,30,18
G3,2019-07-16,-1.2142726915201585,0.420590548475835,mm,A,2,1,30,18
G3,2019-07-17,98.70865262347668,-49.31525814830241,mm,B,2,1,30,18
G3,2019-07-18,-0.002411145621362731,-0.0005299559287758621,m,A,2,1,30,18
G3,2019-07-19,99.08095398563738,-48.25289379235831,mm,B,2,1,30,18
G3,2019-07-20,-2.165919800067968,-0.4055470523130933,mm,A,2,1,30,18
G3,2019-07-21,0.09803029571566911,-0.04962051952592605,m,B,2,1,30,18
G3,2019-07-22,-1.5709667969479355,0.29452125484129704,mm,A,2,1,30,18
G3,2019-07-23,97.83500708662214,-48.90639127379649,mm,B,2,1,30,18
G3,2019-07-24,-0.0017543061744766499,0.00023753119493082796,m,A,2,1,30,18
G3,2019-07-25,98.83477001287683,-49.8872413936225,mm,B,2,1,30,18
G3,2019-07-26,-0.5344090180828676,0.649120502912384,mm,A,2,1,30,18
G3,2019-07-27,0.09835543337619786,-0.04922104983315048,m,B,2,1,30,18
G3,2019-07-28,-1.5544635719469708,0.44666625852511743,mm,A,2,1,30,18
G3,2019-07-29,97.85639146160551,-50.16425084948424,mm,B,2,1,30,18
G3,2019-07-30,-0.0013010243011251635,0.0002991107706590995,m,A,2,1,30,18
G3,2019-07-31,99.11366897003089,-49.9644913049531,mm,B,2,1,30,18
G3,2019-08-01,-2.310826918808034,1.30541825325504,mm,A,2,1,30,18
G3,2019-08-02,0.09859729912586662,-0.049687962405977296,m,B,2,1,30,18
G3,2019-08-03,-2.1584977534504324,0.6711876337205168,mm,A,2,1,30,18
G3,2019-08-04,97.99721682539828,-49.34512267724729,mm,B,2,0,30,18
G3,2019-08-05,-0.001573277261211277,0.0006418939044240522,m,A,2,1,30,18
G3,2019-08-06,98.0266386961787,-50.19748227448823,mm,B,12,1,30,18
G3,2019-08-07,-2.8544510509712238,0.19960890936796533,mm,A,2,1,30,18
G3,2019-08-08,0.09811448983513484,-0.04949100443550879,m,B,2,1,30,18
G3,2019-08-09,-1.5846569318650283,1.206915585963654,mm,A,2,1,30,18
G3,2019-08-10,97.74496023813779,-49.115168567014294,mm,B,2,1,30,18
G3,2019-08-11,-0.002071659173909648,0.00039073822989114503,m,A,2,1,30,18
G3,2019-08-12,98.43906865668008,-49.24166486751108,mm,B,2,1,30,18
G3,2019-08-13,-0.8610258169538123,0.26156919306166,mm,A,2,1,30,18
G3,2019-08-14,0.09773308431765021,-0.04771508067804153,m,B,2,1,30,18
G3,2019-08-15,-1.1653297443248527,0.14848211427816987,mm,A,2,1,30,18
G3,2019-08-16,97.58691934542723,-49.19304639733072,mm,B,2,1,30,18
G3,2019-08-17,-0.0019132172606664908,0.0011356035275867256,m,A,2,1,30,18
G3,2019-08-18,97.9585945025247,-49.54247695200031,mm,B,2,1,30,18
G3,2019-08-19,-1.477219891024154,-0.15439717032299227,mm,A,2,1,30,18
G3,2019-08-20,0.0978446021774477,-0.05018745201192699,m,B,2,1,30,18
G3,2019-08-21,-3.7230228315098404,-0.46449159650483085,mm,A,2,1,30,18
G3,2019-08-22,98.05538959622832,-48.38157975810032,mm,B,2,1,30,18
G3,2019-08-23,-0.002626858862156066,0.0009572451492326895,m,A,2,1,30,18
G3,2019-08-24,98.17584144593663,-49.60004979413008,mm,B,2,1,30,18
G3,2019-08-25,-2.210738614080798,0.4604709388602727,mm,A,2,1,30,18
G3,2019-08-26,0.09796958791982402,-0.049885686663631114,m,B,2,1,30,18
G3,2019-08-27,-3.474713249749529,0.03426540160515268,mm,A,2,1,30,18
G3,2019-08-28,97.71654327577103,-49.41943766819413,mm,B,2,1,30,18
G3,2019-08-29,-0.002221421120323475,0.0002566676218008568,m,A,2,1,30,18
G3,2019-08-30,98.2855070755085,-49.718306270998575,mm,B,2,1,30,18
G3,2019-08-31,-1.8302870163856984,1.388274408941354,mm,A,2,1,30,18
G3,2019-09-01,0.09815039987676277,-0.04924521804407264,m,B,2,1,30,18
G3,2019-09-02,-2.0088722280159588,0.9661926351488712,mm,A,2,1,30,18
G3,2019-09-03,97.83744899052097,-48.91204576870521,mm,B,2,1,30,18
G3,2019-09-04,-0.0023330636578105545,0.0014157443604764625,m,A,2,1,30,18
G3,2019-09-05,98.6547806927168,-49.13645699093812,mm,B,2,1,30,18
G3,2019-09-06,-2.2320723376915517,-0.015737646902428515,mm,A,12,1,30,18
G3,2019-09-07,0.09682080891885918,-0.0500313723830357,m,B,2,1,30,18
G3,2019-09-08,-2.602191461974408,1.2867338767833205,mm,A,2,1,30,18
G3,2019-09-09,96.98335535260053,-49.055368628226006,mm,B,2,1,30,18
G3,2019-09-10,-0.002906168467321476,0.0016205573093255518,m,A,2,1,30,18
G3,2019-09-11,98.31146514272471,-49.547750908750686,mm,B,2,1,30,18
G3,2019-09-12,-2.2738807996736927,0.32149980319274046,mm,A,2,1,30,18
G3,2019-09-13,0.0994118136773681,-0.049559592106928244,m,B,2,1,30,18
G3,2019-09-14,-1.0209888171303891,1.0319653762605618,mm,A,2,1,30,18
G3,2019-09-15,98.26585987920733,-49.61675128074967,mm,B,2,1,30,18
G3,2019-09-16,-0.0011228200490237367,0.0012109837442800678,m,A,2,0,30,18
G3,2019-09-17,98.5109976939569,-49.73057930061553,mm,B,2,1,30,18
G3,2019-09-18,-1.6066487555263358,0.9213951964455747,mm,A,2,1,30,18
G3,2019-09-19,0.09730780649841662,-0.04884495659013819,m,B,2,1,30,18
G3,2019-09-20,-1.4568665805364729,1.0028286663774884,mm,A,2,1,30,18
G3,2019-09-21,98.17119570716504,-48.90619910955178,mm,B,2,1,30,18
G3,2019-09-22,-0.0024773579433391615,-0.00037087985327638527,m,A,2,1,30,18
G3,2019-09-23,98.66703648581013,-48.09042063817428,mm,B,2,1,30,18
G3,2019-09-24,-2.0449018599160906,1.3911684193093528,mm,A,2,1,30,18
G3,2019-09-25,0.09834338500934531,-0.049497285987645724,m,B,2,1,30,18
G3,2019-09-26,-1.4790035725781332,0.5163882687063999,mm,A,2,1,30,18
G3,2019-09-27,97.45878458827258,-49.690097495510614,mm,B,2,1,30,18
G3,2019-09-28,-0.0017269517514006197,0.0014637707796877413,m,A,2,1,30,18
G3,2019-09-29,98.68934897132128,-48.9236987447348,mm,B,2,1,30,18
G3,2019-09-30,-2.6566515427445077,2.118260906299538,mm,A,2,1,30,18
G3,2019-10-01,0.09753182973349357,-0.05006651866970595,m,B,2,1,30,18
G3,2019-10-02,-1.2367969145141244,1.00280122978312,mm,A,2,1,30,18
G3,2019-10-03,98.1052109026853,-48.894743643403714,mm,B,2,1,30,18
G3,2019-10-04,-0.00256032049033205,0.000775864752799866,m,A,2,1,30,18
G3,2019-10-05,96.7129941820749,-49.406630525890705,mm,B,2,1,30,18
G3,2019-10-06,-2.5976208417264126,0.753564931001181,mm,A,2,1,30,18
G3,2019-10-07,0.09774573993762886,-0.049296446421210956,m,B,12,1,30,18
G3,2019-10-08,-1.2375833436706059,0.22258227029321032,mm,A,2,1,30,18
G3,2019-10-09,96.71487954254232,-49.384077444872986,mm,B,2,1,30,18
G3,2019-10-10,-0.0026301076862266758,0.0008213825012296784,m,A,2,1,30,18
G3,2019-10-11,97.99127494157966,-48.754644301314194,mm,B,2,1,30,18
G3,2019-10-12,-2.176790685667118,-0.052989607715993925,mm,A,2,1,30,18
G3,2019-10-13,0.09683085265976958,-0.049596494017710976,m,B,2,1,30,18
G3,2019-10-14,-1.2425301988363262,1.4507239562633434,mm,A,2,1,30,18
G3,2019-10-15,98.17296171029952,-49.55466038483768,mm,B,2,1,30,18
G3,2019-10-16,-0.0013674794652792754,0.0006763399064918926,m,A,2,1,30,18
G3,2019-10-17,97.52921455790737,-48.99990737808876,mm,B,2,1,30,18
G3,2019-10-18,-2.0895592116009656,1.6656478104913486,mm,A,2,1,30,18
G3,2019-10-19,0.09708709098453693,-0.04940407374455788,m,B,2,1,30,18
G3,2019-10-20,-2.4883609225747065,1.0065200192208128,mm,A,2,1,30,18
G3,2019-10-21,97.56535103350869,-49.50038567364498,mm,B,2,1,30,18
G3,2019-10-22,-0.0030450498170754192,0.0005340449984794871,m,A,2,1,30,18
G3,2019-10-23,97.76301120836276,-49.458859407689204,mm,B,2,1,30,18
G3,2019-10-24,-2.3859049244590276,2.102801924516119,mm,A,2,1,30,18
G3,2019-10-25,0.09634107848153989,-0.049016349793377045,m,B,2,1,30,18
G3,2019-10-26,-2.647424652223179,0.4441431487842793,mm,A,2,1,30,18
G3,2019-10-27,97.99375842204316,-48.86243154146853,mm,B,2,1,30,18
G3,2019-10-28,-0.003145601959622229,-0.00023111046060659613,m,A,2,1,30,18
G3,2019-10-29,98.06512404642991,-49.84690579937024,mm,B,2,0,30,18
G3,2019-10-30,-3.169858343734119,1.6122153618605886,mm,A,2,1,30,18
G3,2019-10-31,0.09850632601212,-0.049248185351335204,m,B,2,1,30,18
G3,2019-11-01,-2.5695536830974284,0.7097908075483221,mm,A,2,1,30,18
G3,2019-11-02,97.43737461760087,-49.153490696577784,mm,B,2,1,30,18
G3,2019-11-03,-0.002256023997396095,0.0007098029213212212,m,A,2,1,30,18
G3,2019-11-04,98.27418035993462,-49.32363016654964,mm,B,2,1,30,18
G3,2019-11-05,-3.808064690969635,-0.05546859560146533,mm,A,2,1,30,18
G3,2019-11-06,0.09612988999587102,-0.04942698516861498,m,B,2,1,30,18
G3,2019-11-07,-2.1371224953922803,-0.08133378224918808,mm,A,12,1,30,18
G3,2019-11-08,98.22145611503433,-49.92823433516793,mm,B,2,1,30,18
G3,2019-11-09,-0.002315693431262523,0.00018744742545033266,m,A,2,1,30,18
G3,2019-11-10,97.09105829317559,-49.608509787983834,mm,B,2,1,30,18
G3,2019-11-11,-1.4905974546980012,0.9781898595988081,mm,A,2,1,30,18
G3,2019-11-12,0.09801838078031333,-0.0487452563587405,m,B,2,1,30,18
G3,2019-11-13,-1.7885894457216254,0.39170359411903766,mm,A,2,1,30,18
G3,2019-11-14,97.09945227726483,-49.63404212641859,mm,B,2,1,30,18
G3,2019-11-15,-0.0023236155446835502,0.0019293101766282893,m,A,2,1,30,18
G3,2019-11-16,97.98050086845322,-49.67121719746392,mm,B,2,1,30,18
G3,2019-11-17,-1.5273833260101826,0.5109606747063606,mm,A,2,1,30,18
G3,2019-11-18,0.09720252210851305,-0.04900754378095732,m,B,2,1,30,18
G3,2019-11-19,-3.185399458710454,-0.01625988618806473,mm,A,2,1,30,18
G3,2019-11-20,97.30256800376412,-48.92510766095174,mm,B,2,1,30,18
G3,2019-11-21,-0.0023410267682199707,0.0012166001213130848,m,A,2,1,30,18
G3,2019-11-22,97.42044100288017,-48.25097925861386,mm,B,2,1,30,18
G3,2019-11-23,-4.109768892921016,0.5271474135834591,mm,A,2,1,30,18
G3,2019-11-24,0.09652599817114078,-0.04864265689634906,m,B,2,1,30,18
G3,2019-11-25,-1.9012462525151603,0.3991214866883233,mm,A,2,1,30,18
G3,2019-11-26,96.99831445472101,-50.59475478175747,mm,B,2,1,30,18
G3,2019-11-27,-0.0023399222069306466,0.0006638273263687574,m,A,2,1,30,18
G3,2019-11-28,98.9784339248234,-49.966577420851394,mm,B,2,1,30,18
G3,2019-11-29,-1.776237111169726,1.19038787801242,mm,A,2,1,30,18
G3,2019-11-30,0.0967789125525038,-0.0484251183259232,m,B,2,1,30,18
G3,2019-12-01,-4.186493119129554,0.5526661960528739,mm,A,2,1,30,18
G3,2019-12-02,96.75710735948346,-47.99850906606739,mm,B,2,1,30,18
G3,2019-12-03,-0.0022479505639505125,0.00043198200063291524,m,A,2,1,30,18
G3,2019-12-04,97.15278569805345,-49.41720116295868,mm,B,2,1,30,18
G3,2019-12-05,-2.1882550865992316,-0.509669188906595,mm,A,2,1,30,18
G3,2019-12-06,0.09706877254633124,-0.0482300324781529,m,B,2,1,30,18
G3,2019-12-07,-3.289818885470463,0.8847507579365856,mm,A,2,1,30,18
G3,2019-12-08,96.884110397822,-49.365948301891464,mm,B,12,1,30,18
G3,2019-12-09,-0.002926381769329202,0.0007533983031579897,m,A,2,1,30,18
G3,2019-12-10,96.64840281568235,-48.9693125837213,mm,B,2,1,30,18
G3,2019-12-11,-2.744869679461539,1.7110512403830185,mm,A,2,0,30,18
G3,2019-12-12,0.09710028586652393,-0.04919721970310159,m,B,2,1,30,18
G3,2019-12-13,-3.00183887345641,0.9326059844867809,mm,A,2,1,30,18
G3,2019-12-14,97.34144058130815,-49.72122404247491,mm,B,2,1,30,18
G3,2019-12-15,-0.003758258759891433,0.00041643017565612503,m,A,2,1,30,18
G3,2019-12-16,97.08422566163645,-49.63671515142125,mm,B,2,1,30,18
G3,2019-12-17,-2.9288370306776006,1.7591807800081523,mm,A,2,1,30,18
G3,2019-12-18,0.09785586006444594,-0.04819831640529584,m,B,2,1,30,18
G3,2019-12-19,-3.6921217966370072,1.7728513629562013,mm,A,2,1,30,18
G3,2019-12-20,96.05240188382515,-48.94565786949408,mm,B,2,1,30,18
G3,2019-12-21,-0.0022438743155381315,-6.658330044081972e-05,m,A,2,1,30,18
G3,2019-12-22,96.79613933290531,-49.62883674599824,mm,B,2,1,30,18
G3,2019-12-23,-2.5454582289739545,0.9666678476447427,mm,A,2,1,30,18
G3,2019-12-24,0.0967478857679234,-0.05027938059268954,m,B,2,1,30,18
G3,2019-12-25,-3.357673513193339,0.3287754387907559,mm,A,2,1,30,18
G3,2019-12-26,97.60195532301935,-49.65251066836781,mm,B,2,1,30,18
G3,2019-12-27,-0.003253162749544805,0.0021830929771103486,m,A,2,1,30,18
G3,2019-12-28,96.74388410395301,-49.93958758455164,mm,B,2,1,30,18
G3,2019-12-29,-3.2245721680077004,1.2049560319477024,mm,A,2,1,30,18
G3,2019-12-30,0.0972199001458497,-0.04810272334045344,m,B,2,1,30,18
G3,2019-12-31,-3.597888661184682,-0.12045718081584411,mm,A,2,1,30,18
G3,2020-01-01,95.49355195184857,-48.923155408592386,mm,B,2,1,30,18
G3,2020-01-02,-0.0031281908723240323,0.0002629754921027004,m,A,2,1,30,18
G3,2020-01-03,96.59537504340251,-48.97266733003478,mm,B,2,1,30,18
G3,2020-01-04,-2.474540848782375,1.0851388946398828,mm,A,2,1,30,18
G3,2020-01-05,0.09722951864602654,-0.04747276043475151,m,B,2,1,30,18
G3,2020-01-06,-2.81180739687173,0.5618699982766864,mm,A,2,1,30,18
G3,2020-01-07,96.6127556930878,-49.218164816368656,mm,B,2,1,30,18
G3,2020-01-08,-0.00290973042303965,0.0014880711866553853,m,A,12,1,30,18
G3,2020-01-09,96.91039638645042,-49.07000253751917,mm,B,2,1,30,18
G3,2020-01-10,-3.3355688075947287,0.4720315256148434,mm,A,2,1,30,18
G3,2020-01-11,0.09747373102510909,-0.04867958104074633,m,B,2,1,30,18
G3,2020-01-12,-4.2167014977778665,0.10486805372886232,mm,A,2,1,30,18
G3,2020-01-13,96.91178905513365,-49.128603890715155,mm,B,2,1,30,18
G3,2020-01-14,-0.004405902919451177,0.00028064026870697336,m,A,2,1,30,18
G3,2020-01-15,97.04893479634603,-49.41218019992456,mm,B,2,1,30,18
G3,2020-01-16,-2.5339035904942704,1.148003028765031,mm,A,2,1,30,18
G3,2020-01-17,0.09658466450836721,-0.049631662633776975,m,B,2,1,30,18
G3,2020-01-18,-3.236896898748793,0.05308582966749631,mm,A,2,1,30,18
G3,2020-01-19,97.573848197364,-49.05760745815468,mm,B,2,1,30,18
G3,2020-01-20,-0.0038124337919060326,0.0007330252906309358,m,A,2,1,30,18
G3,2020-01-21,95.34954719558759,-48.30104263298951,mm,B,2,1,30,18
G3,2020-01-22,-3.558606938676536,0.33905434381323374,mm,A,2,1,30,18
G3,2020-01-23,0.09572406950305147,-0.049287223763080576,m,B,2,0,30,18
G3,2020-01-24,-3.322664818425411,1.2239438909231892,mm,A,2,1,30,18
G3,2020-01-25,96.23150865015924,-49.378051815934064,mm,B,2,1,30,18
G3,2020-01-26,-0.0033541600918508495,0.001423604365256124,m,A,2,1,30,18
G3,2020-01-27,96.72274120227479,-48.91345543736308,mm,B,2,1,30,18
G3,2020-01-28,-2.726021446953855,1.4836366718387475,mm,A,2,1,30,18
G3,2020-01-29,0.09698567723972415,-0.048976265332339425,m,B,2,1,30,18
G3,2020-01-30,-3.5563665796692616,1.3043835943750421,mm,A,2,1,30,18
G3,2020-01-31,95.50603642123133,-47.98290035141338,mm,B,2,1,30,18
G3,2020-02-01,-0.003040649468351341,0.0014573258072827476,m,A,2,1,30,18
G3,2020-02-02,95.66081326711392,-49.95759436204716,mm,B,2,1,30,18
G3,2020-02-03,-4.233298380633636,0.8516390070163695,mm,A,2,1,30,18
G3,2020-02-04,0.09732372914129359,-0.048666881936628485,m,B,2,1,30,18
G3,2020-02-05,-2.704509886617161,1.4617896193493725,mm,A,2,1,30,18
G3,2020-02-06,96.3489193310285,-49.42738976363922,mm,B,2,1,30,18
G3,2020-02-07,-0.0035917388571599655,-0.00046878511450808546,m,A,2,1,30,18
G3,2020-02-08,97.03995527243936,-48.81152960244178,mm,B,12,1,30,18
G3,2020-02-09,-2.448494495016768,1.2386621459390958,mm,A,2,1,30,18
G3,2020-02-10,0.097325731119805,-0.04989921459979539,m,B,2,1,30,18
G3,2020-02-11,-4.264744334169633,0.7758188951084719,mm,A,2,1,30,18
G3,2020-02-12,96.46764539296342,-50.21775855574716,mm,B,2,1,30,18
G3,2020-02-13,-0.0045072443222058415,0.00036516440051383305,m,A,2,1,30,18
G3,2020-02-14,95.84771365458147,-48.0972343746629,mm,B,2,1,30,18
G3,2020-02-15,-2.3887147094190113,1.4050714305091943,mm,A,2,1,30,18
G3,2020-02-16,0.09597153397284881,-0.048502912398414685,m,B,2,1,30,18
G3,2020-02-17,-3.4435251306689683,2.1538848363057754,mm,A,2,1,30,18
G3,2020-02-18,96.33999927730562,-48.396817300915274,mm,B,2,1,30,18
G3,2020-02-19,-0.0026189856903548994,0.001706360068142751,m,A,2,1,30,18
G3,2020-02-20,96.00055682896175,-48.608981350816784,mm,B,2,1,30,18
G3,2020-02-21,-2.9335038962832387,1.6010305846027926,mm,A,2,1,30,18
G3,2020-02-22,0.09562334065878172,-0.048925086700281305,m,B,2,1,30,18
G3,2020-02-23,-3.947948646388995,0.2795900455806125,mm,A,2,1,30,18
G3,2020-02-24,97.29760766999352,-48.232690397585934,mm,B,2,1,30,18
G3,2020-02-25,-0.002829051763137751,0.0009824354250536954,m,A,2,1,30,18
G3,2020-02-26,97.33719468997951,-49.36533524211694,mm,B,2,1,30,18
G3,2020-02-27,-4.836986840657355,1.8899842732915946,mm,A,2,1,30,18
G3,2020-02-28,0.09632634972035427,-0.0479412263375724,m,B,2,1,30,18
G3,2020-02-29,-3.1247835811616085,1.3617861796665598,mm,A,2,1,30,18
G3,2020-03-01,96.53077244847167,-49.16050371731302,mm,B,2,1,30,18
G3,2020-03-02,-0.0031153701829663896,0.0021590015523948775,m,A,2,1,30,18
G3,2020-03-03,95.25523355480982,-48.82054961967524,mm,B,2,1,30,18
G3,2020-03-04,-3.3179124182873645,1.1102926623257279,mm,A,2,1,30,18
G3,2020-03-05,0.09517240859292572,-0.04936852514605667,m,B,2,1,30,18
G3,2020-03-06,-2.3462240237926126,1.2042547304013778,mm,A,2,0,30,18
G3,2020-03-07,96.55383143435637,-49.90313391478346,mm,B,2,1,30,18
G3,2020-03-08,-0.003183792005315506,0.0012971877596957859,m,A,2,1,30,18
G3,2020-03-09,96.60927193879103,-49.06674711117243,mm,B,2,1,30,18
G3,2020-03-10,-3.6911633915952025,1.3438557738929409,mm,A,12,1,30,18
G3,2020-03-11,0.09767526945810921,-0.047988723969047055,m,B,2,1,30,18
G3,2020-03-12,-3.599133785738111,0.613283526479573,mm,A,2,1,30,18
G3,2020-03-13,95.86918537519512,-49.49775699197908,mm,B,2,1,30,18
G3,2020-03-14,-0.003254166612160929,0.002049542432285425,m,A,2,1,30,18
G3,2020-03-15,96.17129751432523,-48.27691022520063,mm,B,2,1,30,18
G3,2020-03-16,-4.213692927172706,1.2975197903839657,mm,A,2,1,30,18
G3,2020-03-17,0.09595117034691895,-0.04854912312461004,m,B,2,1,30,18
G3,2020-03-18,-2.9180936411522813,0.8972359160053771,mm,A,2,1,30,18
G3,2020-03-19,96.62683105955205,-48.50983190621219,mm,B,2,1,30,18
G3,2020-03-20,-0.004396703855652834,0.001282262851967554,m,A,2,1,30,18
G3,2020-03-21,96.03655103027614,-48.597169297346525,mm,B,2,1,30,18
G3,2020-03-22,-4.184765475037119,0.9301266920019756,mm,A,2,1,30,18
G3,2020-03-23,0.09610743714043153,-0.049240672293512894,m,B,2,1,30,18
G3,2020-03-24,-4.124196669236639,0.750334263439933,mm,A,2,1,30,18
G3,2020-03-25,96.35275550701778,-48.907394965770486,mm,B,2,1,30,18
G3,2020-03-26,-0.004173216653050665,0.0012140502794869812,m,A,2,1,30,18
G3,2020-03-27,96.63027290225442,-48.66987675633836,mm,B,2,1,30,18
G3,2020-03-28,-3.2810287208458635,1.7270465907677697,mm,A,2,1,30,18
G3,2020-03-29,0.09651603803065081,-0.049211656970717735,m,B,2,1,30,18
G3,2020-03-30,-4.837131838178605,0.15798704805463415,mm,A,2,1,30,18
G3,2020-03-31,96.01323547958873,-49.008810127595765,mm,B,2,1,30,18
G3,2020-04-01,-0.0049003848310495614,0.0021037290292797092,m,A,2,1,30,18
G3,2020-04-02,96.84229520326927,-49.49084862201531,mm,B,2,1,30,18
G3,2020-04-03,-3.3522518001069974,0.7371760963893514,mm,A,2,1,30,18
G3,2020-04-04,0.09656224520978485,-0.04916630227410501,m,B,2,1,30,18
G3,2020-04-05,-3.8179275999635123,0.9736860047666626,mm,A,2,1,30,18
G3,2020-04-06,95.83832624733924,-48.34802359356516,mm,B,2,1,30,18
G3,2020-04-07,-0.00476966594605311,0.000708174802169037,m,A,2,1,30,18
G3,2020-04-08,96.40949829457026,-48.957767099869606,mm,B,2,1,30,18
G3,2020-04-09,-3.751884311460844,0.9891392510388142,mm,A,2,1,30,18
G3,2020-04-10,0.09661361558238256,-0.04831748360548354,m,B,12,1,30,18
G3,2020-04-11,-3.6719241858071063,0.9379428731434967,mm,A,2,1,30,18
G3,2020-04-12,96.41839590965441,-48.7707684273428,mm,B,2,1,30,18
G3,2020-04-13,-0.0028207981431961774,0.001568051330907429,m,A,2,1,30,18
G3,2020-04-14,96.95451312041271,-47.63599590872745,mm,B,2,1,30,18
G3,2020-04-15,-2.6708055752773725,0.9173560791784414,mm,A,2,1,30,18
G3,2020-04-16,0.09565241121871815,-0.04899367147222738,m,B,2,1,30,18
G3,2020-04-17,-4.348612566609421,1.4965382094059094,mm,A,2,1,30,18
G3,2020-04-18,96.36866088713329,-48.02600628823517,mm,B,2,0,30,18
G3,2020-04-19,-0.0043534731184674685,0.0010620142303008856,m,A,2,1,30,18
G3,2020-04-20,96.86035225063348,-48.66951962295902,mm,B,2,1,30,18
G3,2020-04-21,-4.175758190652919,2.0411775962250496,mm,A,2,1,30,18
G3,2020-04-22,0.09543067792971385,-0.04941567033448898,m,B,2,1,30,18
G3,2020-04-23,-3.7907734545668066,1.6076502840086646,mm,A,2,1,30,18
G3,2020-04-24,95.49071658636124,-48.00067381073076,mm,B,2,1,30,18
G3,2020-04-25,-0.005544735833259152,0.0007913315876977603,m,A,2,1,30,18
G3,2020-04-26,95.93674146506903,-48.89631868661247,mm,B,2,1,30,18
G3,2020-04-27,-3.9344244266444206,1.7941398297990585,mm,A,2,1,30,18
G3,2020-04-28,0.09640909626002994,-0.04810482825024635,m,B,2,1,30,18
G3,2020-04-29,-3.9921631738602206,1.3549733648092879,mm,A,2,1,30,18
G3,2020-04-30,96.29705354236998,-48.621951979412344,mm,B,2,1,30,18
G3,2020-05-01,-0.003981762952686412,0.0007906344586854442,m,A,2,1,30,18
G3,2020-05-02,95.10977597375425,-49.36082478131657,mm,B,2,1,30,18
G3,2020-05-03,-3.600840583881157,2.9396227137107616,mm,A,2,1,30,18
G3,2020-05-04,0.0966006790583262,-0.04784443439559852,m,B,2,1,30,18
G3,2020-05-05,-3.9596442661573312,0.5551516038486324,mm,A,2,1,30,18
G3,2020-05-06,96.11734046708047,-49.40785651390361,mm,B,2,1,30,18
G3,2020-05-07,-0.003753998241612332,0.0014617748924339144,m,A,2,1,30,18
G3,2020-05-08,95.83732849601007,-49.48716841617631,mm,B,2,1,30,18
G3,2020-05-09,-3.4812688895505115,0.967578429715276,mm,A,2,1,30,18
G3,2020-05-10,0.09616818137137968,-0.04835503033802486,m,B,2,1,30,18
G3,2020-05-11,-3.259765881633887,1.6522858537739034,mm,A,12,1,30,18
G3,2020-05-12,95.86640103698072,-49.45856951401726,mm,B,2,1,30,18
G3,2020-05-13,-0.003747855502023564,0.0022374454515254765,m,A,2,1,30,18
G3,2020-05-14,96.34000281194383,-47.695416779922496,mm,B,2,1,30,18
G3,2020-05-15,-2.9586445007071167,1.2921816650372244,mm,A,2,1,30,18
G3,2020-05-16,0.0960440355424832,-0.04962364077720234,m,B,2,1,30,18
G3,2020-05-17,-4.32586208609243,0.6748313392460771,mm,A,2,1,30,18
G3,2020-05-18,95.6898266345737,-49.421311362838814,mm,B,2,1,30,18
G3,2020-05-19,-0.003707830119183173,0.001594093182791928,m,A,2,1,30,18
G3,2020-05-20,96.27412557085626,-48.320488302474466,mm,B,2,1,30,18
G3,2020-05-21,-3.4808882845609435,1.385326859759823,mm,A,2,1,30,18
G3,2020-05-22,0.09567400580735401,-0.04869676353593882,m,B,2,1,30,18
G3,2020-05-23,-4.093121407367093,1.4030536229146837,mm,A,2,1,30,18
G3,2020-05-24,94.89030524394211,-48.40373193947659,mm,B,2,1,30,18
G3,2020-05-25,-0.0032546610525713477,0.0013141724667832186,m,A,2,1,30,18
G3,2020-05-26,96.23165812501978,-48.57726066548624,mm,B,2,1,30,18
G3,2020-05-27,-4.6164340739948555,2.604636233918133,mm,A,2,1,30,18
G3,2020-05-28,0.09606138936306134,-0.04784622979503685,m,B,2,1,30,18
G3,2020-05-29,-4.338449246294859,1.5606208539047712,mm,A,2,1,30,18
G3,2020-05-30,95.78593704148767,-47.90885075793991,mm,B,2,1,30,18
G3,2020-05-31,-0.003765460625661126,0.0019934901380426625,m,A,2,0,30,18
G3,2020-06-01,94.29631133775958,-49.37216464468803,mm,B,2,1,30,18
G3,2020-06-02,-4.638468272804905,1.9666124595169037,mm,A,2,1,30,18
G3,2020-06-03,0.09601444220690823,-0.04820754810354232,m,B,2,1,30,18
G3,2020-06-04,-3.57264271477598,2.0847023311962385,mm,A,2,1,30,18
G3,2020-06-05,95.70210396374488,-48.92154140972375,mm,B,2,1,30,18
G3,2020-06-06,-0.00472886358852155,0.0016767371158991214,m,A,2,1,30,18
G3,2020-06-07,94.99238057400277,-49.07938062897273,mm,B,2,1,30,18
G3,2020-06-08,-3.8174121318983976,1.1565261572123287,mm,A,2,1,30,18
G3,2020-06-09,0.09585855189633183,-0.04815081306939397,m,B,2,1,30,18
G3,2020-06-10,-5.104122577232511,1.0977000095970824,mm,A,2,1,30,18
G3,2020-06-11,95.79965368965658,-48.874082040252276,mm,B,12,1,30,18
G3,2020-06-12,-0.003354557127142924,0.0022270955340344687,m,A,2,1,30,18
G3,2020-06-13,94.52810493809105,-48.9207127908253,mm,B,2,1,30,18
G3,2020-06-14,-4.305241423587621,1.4728028263604287,mm,A,2,1,30,18
G3,2020-06-15,0.09553396287614016,-0.048837274756676256,m,B,2,1,30,18
G3,2020-06-16,-4.7663153709906165,0.8522227772593537,mm,A,2,1,30,18
G3,2020-06-17,94.37728004318107,-48.755054584706656,mm,B,2,1,30,18
G3,2020-06-18,-0.0036874867344688267,0.0015006662583006477,m,A,2,1,30,18
G3,2020-06-19,96.54088190731811,-48.007205079674634,mm,B,2,1,30,18
G3,2020-06-20,-4.979434548823089,0.9131631668073271,mm,A,2,1,30,18
G3,2020-06-21,0.09609116739769577,-0.0482699223698203,m,B,2,1,30,18
G3,2020-06-22,-4.150187775858462,1.4392302494914608,mm,A,2,1,30,18
G3,2020-06-23,95.36656373190274,-47.59211712136872,mm,B,2,1,30,18
G3,2020-06-24,-0.003352587023671456,0.0013273643586188197,m,A,2,1,30,18
G3,2020-06-25,96.09166381490621,-48.83777268620388,mm,B,2,1,30,18
G3,2020-06-26,-4.516293330635281,0.8163731483265009,mm,A,2,1,30,18
G3,2020-06-27,0.09534054700909167,-0.04895703230754793,m,B,2,1,30,18
G3,2020-06-28,-3.673699884598675,1.8392182714751308,mm,A,2,1,30,18
G3,2020-06-29,96.01105838693816,-48.97334258755599,mm,B,2,1,30,18
G3,2020-06-30,-0.004498275977218743,0.0017937844547342196,m,A,2,1,30,18
G3,2020-07-01,94.26208672689049,-47.83566009588857,mm,B,2,1,30,18
G3,2020-07-02,-4.285242882219618,1.1735038753756324,mm,A,2,1,30,18
G3,2020-07-03,0.09590422536740195,-0.049710512671064765,m,B,2,1,30,18
G3,2020-07-04,-4.639651839987711,1.4087353757994336,mm,A,2,1,30,18
G3,2020-07-05,95.71340839992111,-48.70661941813233,mm,B,2,1,30,18
G3,2020-07-06,-0.005131067188142756,0.0014571243185628692,m,A,2,1,30,18
G3,2020-07-07,95.48461636944629,-47.722784609206094,mm,B,2,1,30,18
G3,2020-07-08,-4.017968247483629,0.9796677872784383,mm,A,2,1,30,18
G3,2020-07-09,0.09547708014083124,-0.04877127410978765,m,B,2,1,30,18
G3,2020-07-10,-4.817288032134953,1.373948262615489,mm,A,2,1,30,18
G3,2020-07-11,95.28902991953194,-48.62575662174676,mm,B,2,1,30,18
G3,2020-07-12,-0.004775854016422665,0.0015122742669622696,m,A,12,1,30,18
G3,2020-07-13,95.27292122617132,-48.85881473054944,mm,B,2,0,30,18
G3,2020-07-14,-5.349796852189387,1.974006634097066,mm,A,2,1,30,18
G3,2020-07-15,0.09507680012893781,-0.048375089210060965,m,B,2,1,30,18
G3,2020-07-16,-5.381657417106408,1.0591010695945087,mm,A,2,1,30,18
G3,2020-07-17,94.66168080577536,-48.793360471330914,mm,B,2,1,30,18
G3,2020-07-18,-0.005453870197927117,0.0011938142509646452,m,A,2,1,30,18
G3,2020-07-19,95.4650895436075,-48.39670533932144,mm,B,2,1,30,18
G3,2020-07-20,-4.819951622691791,1.079554962219139,mm,A,2,1,30,18
G3,2020-07-21,0.09517194133766668,-0.04833422136919888,m,B,2,1,30,18
G3,2020-07-22,-4.535001087167611,2.097652145941675,mm,A,2,1,30,18
G3,2020-07-23,95.04979663476347,-47.90402361408733,mm,B,2,1,30,18
G3,2020-07-24,-0.004456684086225173,0.0016113028857314287,m,A,2,1,30,18
G3,2020-07-25,96.2324398466911,-48.61433508978096,mm,B,2,1,30,18
G3,2020-07-26,-5.212286285715705,1.1828006572662406,mm,A,2,1,30,18
G3,2020-07-27,0.0951721925514745,-0.04771504420049905,m,B,2,1,30,18
G3,2020-07-28,-5.622512969113949,0.911601897837916,mm,A,2,1,30,18
G3,2020-07-29,94.82569973228966,-48.56540566332949,mm,B,2,1,30,18
G3,2020-07-30,-0.0036254102593909297,0.002125327243466721,m,A,2,1,30,18
G3,2020-07-31,95.51939712296145,-47.72154386217231,mm,B,2,1,30,18
G3,2020-08-01,-5.329103865453849,1.6453900262715104,mm,A,2,1,30,18
G3,2020-08-02,0.09527425119097879,-0.048130952316207155,m,B,2,1,30,18
G3,2020-08-03,-4.271538939233614,2.2835334527718323,mm,A,2,1,30,18
G3,2020-08-04,94.14680841272825,-47.51903987116837,mm,B,2,1,30,18
G3,2020-08-05,-0.004350857148435566,0.0016904267054074235,m,A,2,1,30,18
G3,2020-08-06,95.16147660174647,-48.27664950459724,mm,B,2,1,30,18
G3,2020-08-07,-5.066195567924241,2.0653600047293836,mm,A,2,1,30,18
G3,2020-08-08,0.09400645518181429,-0.04861003406551603,m,B,2,1,30,18
G3,2020-08-09,-4.379581621927668,1.756731252014276,mm,A,2,1,30,18
G3,2020-08-10,95.32954382636353,-47.890014052571935,mm,B,2,1,30,18
G3,2020-08-11,-0.004434211759779056,0.002137635212718805,m,A,2,1,30,18
G3,2020-08-12,95.25613812802695,-48.29397440823211,mm,B,12,1,30,18
G3,2020-08-13,-3.482839949151846,1.043242123862492,mm,A,2,1,30,18
G3,2020-08-14,0.09484116715784488,-0.04783941766870703,m,B,2,1,30,18
G3,2020-08-15,-4.5647435120182,1.956173144030603,mm,A,2,1,30,18
G3,2020-08-16,95.63007161620394,-47.68793857370206,mm,B,2,1,30,18
G3,2020-08-17,-0.004541529619719789,0.000726844426574337,m,A,2,1,30,18
G3,2020-08-18,94.07933504578176,-48.630110823933386,mm,B,2,1,30,18
G3,2020-08-19,-4.665207834140118,2.3174083279931317,mm,A,2,1,30,18
G3,2020-08-20,0.09459487207455554,-0.048456635297174214,m,B,2,1,30,18
G3,2020-08-21,-5.502574462487502,1.745151690877302,mm,A,2,1,30,18
G3,2020-08-22,95.10872715498456,-47.04801696487022,mm,B,2,1,30,18
G3,2020-08-23,-0.0057081187904410025,0.0015300921566039883,m,A,2,1,30,18
G3,2020-08-24,94.66808365057572,-48.48242136834196,mm,B,2,1,30,18
G3,2020-08-25,-4.927123191678185,2.943504912150668,mm,A,2,0,30,18
G3,2020-08-26,0.09483341214312864,-0.049225099204420565,m,B,2,1,30,18
G3,2020-08-27,-5.618018313988875,2.9293270338811395,mm,A,2,1,30,18
G3,2020-08-28,94.30513462151744,-48.07871062057707,mm,B,2,1,30,18
G3,2020-08-29,-0.005632086675600203,0.002411519444376293,m,A,2,1,30,18
G3,2020-08-30,95.60730975858215,-48.123421029413144,mm,B,2,1,30,18
G3,2020-08-31,-5.18312051663617,2.1060441159786816,mm,A,2,1,30,18
G3,2020-09-01,0.0941894981820495,-0.047992254726756084,m,B,2,1,30,18
G3,2020-09-02,-6.359753975015124,1.2988285906634744,mm,A,2,1,30,18
G3,2020-09-03,96.06790048369356,-48.35716292577029,mm,B,2,1,30,18
G3,2020-09-04,-0.005311735606941803,0.0012545948240688207,m,A,2,1,30,18
G3,2020-09-05,94.47121711211686,-49.11511473888139,mm,B,2,1,30,18
G3,2020-09-06,-5.770273563947839,2.3511827271334367,mm,A,2,1,30,18
G3,2020-09-07,0.09418773907624867,-0.04906780870073281,m,B,2,1,30,18
G3,2020-09-08,-6.075864537643548,1.1428547757504808,mm,A,2,1,30,18
G3,2020-09-09,95.64008023632854,-48.60675412265031,mm,B,2,1,30,18
G3,2020-09-10,-0.005047996193796821,0.00205541520094191,m,A,2,1,30,18
G3,2020-09-11,96.028409764761,-47.90421259799671,mm,B,2,1,30,18
G3,2020-09-12,-4.167930742289119,3.059879031735931,mm,A,12,1,30,18
G3,2020-09-13,0.09622812388370883,-0.04824435340473922,m,B,2,1,30,18
G3,2020-09-14,-5.189169905681542,1.7949255300734956,mm,A,2,1,30,18
G3,2020-09-15,95.68788368170807,-48.49151862730022,mm,B,2,1,30,18
G3,2020-09-16,-0.003553360180676221,0.0031477339136241154,m,A,2,1,30,18
G3,2020-09-17,93.92492960688692,-49.0675859768479,mm,B,2,1,30,18
G3,2020-09-18,-4.861561604742017,2.2588986103982287,mm,A,2,1,30,18
G3,2020-09-19,0.09439097514017909,-0.048781087424570546,m,B,2,1,30,18
G3,2020-09-20,-4.661796631682721,2.5569434175508947,mm,A,2,1,30,18
G3,2020-09-21,94.77757616180072,-48.4062921957783,mm,B,2,1,30,18
G3,2020-09-22,-0.0042537829194302015,0.0011598409631652703,m,A,2,1,30,18
G3,2020-09-23,95.0024758000846,-48.41984614357872,mm,B,2,1,30,18
G3,2020-09-24,-5.536004716472415,1.255796141162238,mm,A,2,1,30,18
G3,2020-09-25,0.09495173425212192,-0.048518044956351106,m,B,2,1,30,18
G3,2020-09-26,-4.296025891511214,1.8257950338935711,mm,A,2,1,30,18
G3,2020-09-27,95.58573416708627,-47.70821351677995,mm,B,2,1,30,18
G3,2020-09-28,-0.005831574476679976,0.0016088830723854524,m,A,2,1,30,18
G3,2020-09-29,94.96736240450986,-47.41552921220809,mm,B,2,1,30,18
G3,2020-09-30,-5.748982843320899,0.3100786387387817,mm,A,2,1,30,18
G3,2020-10-01,0.09487426841054675,-0.048613763377659734,m,B,2,1,30,18
G3,2020-10-02,-4.744365752732692,1.7017628369722162,mm,A,2,1,30,18
G3,2020-10-03,95.16102565500438,-48.17718704082734,mm,B,2,1,30,18
G3,2020-10-04,-0.004735761770483607,0.0016938399128743856,m,A,2,1,30,18
G3,2020-10-05,94.55663675802003,-47.88184749153011,mm,B,2,1,30,18
G3,2020-10-06,-4.606012325084519,1.6314492210154423,mm,A,2,1,30,18
G3,2020-10-07,0.09436125410485074,-0.04997829257012641,m,B,2,0,30,18
G3,2020-10-08,-5.284399773739571,2.5374254624779886,mm,A,2,1,30,18
G3,2020-10-09,94.19558233438599,-48.26718586012388,mm,B,2,1,30,18
G3,2020-10-10,-0.0058304009629286165,0.0013432498212638867,m,A,2,1,30,18
G3,2020-10-11,93.9863261159765,-48.190300462808175,mm,B,2,1,30,18
G3,2020-10-12,-4.259491989131667,1.8438331922806377,mm,A,2,1,30,18
G3,2020-10-13,0.09488987941303888,-0.04905204640078319,m,B,12,1,30,18
G3,2020-10-14,-5.783916602650638,2.7012914712643576,mm,A,2,1,30,18
G3,2020-10-15,95.133959500639,-48.735910260066255,mm,B,2,1,30,18
G3,2020-10-16,-0.006196254862804785,0.002003437607673886,m,A,2,1,30,18
G3,2020-10-17,95.56106640892362,-47.39878769349389,mm,B,2,1,30,18
G3,2020-10-18,-5.574233631185765,1.7339793149841334,mm,A,2,1,30,18
G3,2020-10-19,0.09447021158613399,-0.049585266182916914,m,B,2,1,30,18
G3,2020-10-20,-5.3580735280456215,-0.4655604772856392,mm,A,2,1,30,18
G3,2020-10-21,94.29072667557261,-48.15239077239305,mm,B,2,1,30,18
G3,2020-10-22,-0.006267373098733884,0.002797675805462621,m,A,2,1,30,18
G3,2020-10-23,95.02527729406617,-47.87476960856832,mm,B,2,1,30,18
G3,2020-10-24,-5.975470464929787,0.8336241320204795,mm,A,2,1,30,18
G3,2020-10-25,0.09466442918593025,-0.04810871597275464,m,B,2,1,30,18
G3,2020-10-26,-4.804356206534504,1.7397175469196784,mm,A,2,1,30,18
G3,2020-10-27,93.99680751039952,-47.75560220402756,mm,B,2,1,30,18
G3,2020-10-28,-0.0060980384000738136,0.0016393652586996538,m,A,2,1,30,18
G3,2020-10-29,93.97085656892584,-46.608535003340045,mm,B,2,1,30,18
G3,2020-10-30,-3.948352714073242,1.484314508691423,mm,A,2,1,30,18
G3,2020-10-31,0.09451706581816455,-0.04945517515615068,m,B,2,1,30,18
G3,2020-11-01,-4.561397952810006,1.6356059183504128,mm,A,2,1,30,18
G3,2020-11-02,94.24693688089265,-47.541572754990696,mm,B,2,1,30,18
G3,2020-11-03,-0.005719182538604399,0.002404562546887546,m,A,2,1,30,18
G3,2020-11-04,92.73444864099055,-48.84781021112311,mm,B,2,1,30,18
G3,2020-11-05,-5.777295957878445,1.548972530699027,mm,A,2,1,30,18
G3,2020-11-06,0.09439593889961642,-0.048591551467547574,m,B,2,1,30,18
G3,2020-11-07,-5.971221622933709,2.729227254662453,mm,A,2,1,30,18
G3,2020-11-08,95.50971280148677,-47.95231021728701,mm,B,2,1,30,18
G3,2020-11-09,-0.005538064799833884,0.002516041068520279,m,A,2,1,30,18
G3,2020-11-10,94.83765235887962,-48.207309827812196,mm,B,2,1,30,18
G3,2020-11-11,-5.020581307066949,2.000358031809515,mm,A,2,1,30,18
G3,2020-11-12,0.09378570159550821,-0.04781493401794388,m,B,2,1,30,18
G3,2020-11-13,-5.8432874289678765,2.3898226837328185,mm,A,12,1,30,18
G3,2020-11-14,94.17023299518661,-48.00859976788583,mm,B,2,1,30,18
G3,2020-11-15,-0.005697266559404908,0.0014697819063031095,m,A,2,1,30,18
G3,2020-11-16,94.091590934796,-47.271984145026494,mm,B,2,1,30,18
G3,2020-11-17,-5.303827876865649,1.85850757094372,mm,A,2,1,30,18
G3,2020-11-18,0.09417126136834111,-0.04857071163497392,m,B,2,1,30,18
G3,2020-11-19,-6.532217794474996,1.7055608712569779,mm,A,2,0,30,18
G3,2020-11-20,95.27089345720564,-47.02907766519409,mm,B,2,1,30,18
G3,2020-11-21,-0.004901653676283962,0.002299673030430618,m,A,2,1,30,18
G3,2020-11-22,94.58793933041991,-48.410705982802746,mm,B,2,1,30,18
G3,2020-11-23,-6.474763993925033,2.323854055546811,mm,A,2,1,30,18
G3,2020-11-24,0.09394344092755973,-0.047612671804423023,m,B,2,1,30,18
G3,2020-11-25,-6.3012877186333345,2.3894119240208345,mm,A,2,1,30,18
G3,2020-11-26,94.87572380798713,-48.59005082678349,mm,B,2,1,30,18
G3,2020-11-27,-0.005114778977915371,0.0013826430283023093,m,A,2,1,30,18
G3,2020-11-28,95.0336979681087,-48.64557855787512,mm,B,2,1,30,18
G3,2020-11-29,-6.051834510155564,2.1977607983492105,mm,A,2,1,30,18
G3,2020-11-30,0.09422230234312184,-0.04799668871033479,m,B,2,1,30,18
G3,2020-12-01,-6.285685115793553,1.8987376621294119,mm,A,2,1,30,18
G3,2020-12-02,93.99258525385,-48.07988365585799,mm,B,2,1,30,18
G3,2020-12-03,-0.006001548630946155,0.002173579304974464,m,A,2,1,30,18
G3,2020-12-04,94.85358452230312,-48.10790217076504,mm,B,2,1,30,18
G3,2020-12-05,-5.583035527385999,1.8716256899695933,mm,A,2,1,30,18
G3,2020-12-06,0.09508403235375279,-0.04839012228048523,m,B,2,1,30,18
G3,2020-12-07,-5.985512200647156,1.140440389683627,mm,A,2,1,30,18
G3,2020-12-08,93.76027740583007,-48.13289369005665,mm,B,2,1,30,18
G3,2020-12-09,-0.005619645495455421,0.002173623892679456,m,A,2,1,30,18
G3,2020-12-10,94.93523690797582,-48.14854442784253,mm,B,2,1,30,18
G3,2020-12-11,-5.6874121397523965,2.7344022687213045,mm,A,2,1,30,18
G3,2020-12-12,0.09441605837463322,-0.04733932596757766,m,B,2,1,30,18
G3,2020-12-13,-6.351839395818605,1.7183828403970614,mm,A,2,1,30,18
G3,2020-12-14,94.24642114193365,-48.69863978262042,mm,B,12,1,30,18
G3,2020-12-15,-0.005835512889309789,0.001040632471897403,m,A,2,1,30,18
G3,2020-12-16,93.77877873397031,-47.902025910314464,mm,B,2,1,30,18
G3,2020-12-17,-6.472174655596368,1.9740646626876621,mm,A,2,1,30,18
G3,2020-12-18,0.09454537652402496,-0.04878976297793004,m,B,2,1,30,18
G3,2020-12-19,-5.749612566866166,2.665475628571904,mm,A,2,1,30,18
G3,2020-12-20,92.96391495878797,-47.19472321976877,mm,B,2,1,30,18
G3,2020-12-21,-0.007022768109117697,0.0015915866853782252,m,A,2,1,30,18
G3,2020-12-22,95.00115604479782,-47.759849569807784,mm,B,2,1,30,18
G3,2020-12-23,-5.875006254758327,1.7576495615432144,mm,A,2,1,30,18
G3,2020-12-24,0.09408371353194983,-0.04887005049412384,m,B,2,1,30,18
G3,2020-12-25,-6.35056382016911,1.5298121535172662,mm,A,2,1,30,18
G3,2020-12-26,93.73591688676224,-48.07720265011405,mm,B,2,1,30,18
G3,2020-12-27,-0.00639408146097935,0.0008859718832750214,m,A,2,1,30,18
G3,2020-12-28,94.06678309434045,-48.839109056998325,mm,B,2,1,30,18
G3,2020-12-29,-6.2124515819019654,2.9091676466358534,mm,A,2,1,30,18
G3,2020-12-30,0.0934438843537404,-0.048966586907856394,m,B,2,1,30,18
G3,2020-12-31,-6.2745013605995394,2.122122803899956,mm,A,2,1,30,18
G3,2021-01-01,93.09090437982356,-48.36838228465275,mm,B,2,0,30,18
G3,2021-01-02,-0.0062120822692528724,0.0017002269125215284,m,A,2,1,30,18
G3,2021-01-03,93.21986435350854,-48.619854035973084,mm,B,2,1,30,18
G3,2021-01-04,-7.175658194144692,2.225173886128915,mm,A,2,1,30,18
G3,2021-01-05,0.09403282580897819,-0.04832842618785893,m,B,2,1,30,18
G3,2021-01-06,-5.948726964664149,1.971565116285531,mm,A,2,1,30,18
G3,2021-01-07,95.07141928788506,-48.00009732529284,mm,B,2,1,30,18
G3,2021-01-08,-0.006228867432395394,0.0018631474921087664,m,A,2,1,30,18
G3,2021-01-09,94.78996794221601,-47.3706323186601,mm,B,2,1,30,18
G3,2021-01-10,-6.889498206269891,1.3012514947172638,mm,A,2,1,30,18
G3,2021-01-11,0.09356706580430976,-0.048166855094393085,m,B,2,1,30,18
G3,2021-01-12,-6.550830029351313,1.1367566799819087,mm,A,2,1,30,18
G3,2021-01-13,93.68328047747912,-47.4996770956339,mm,B,2,1,30,18
G3,2021-01-14,-0.0070853834917725365,0.002644494244337744,m,A,12,1,30,18
G3,2021-01-15,95.23295314935326,-47.846885727392376,mm,B,2,1,30,18
G3,2021-01-16,-6.165932554282271,2.993129672235763,mm,A,2,1,30,18
G3,2021-01-17,0.09396991268869509,-0.0484011880192684,m,B,2,1,30,18
G3,2021-01-18,-6.096233750519966,2.1439152649088777,mm,A,2,1,30,18
G3,2021-01-19,93.84819696580857,-47.802519098463144,mm,B,2,1,30,18
G3,2021-01-20,-0.00656767304805121,0.0016960649353873457,m,A,2,1,30,18
G3,2021-01-21,93.95100493355598,-46.995990304356184,mm,B,2,1,30,18
G3,2021-01-22,-6.67222672919755,2.0925594662145857,mm,A,2,1,30,18
G3,2021-01-23,0.09386264163671915,-0.047747763091429786,m,B,2,1,30,18
G3,2021-01-24,-5.820624542474774,2.3846255708969784,mm,A,2,1,30,18
G3,2021-01-25,93.15353648938529,-47.67456693315215,mm,B,2,1,30,18
G3,2021-01-26,-0.006540996611570684,0.0025850801705514298,m,A,2,1,30,18
G3,2021-01-27,93.7200783023826,-46.75563561507985,mm,B,2,1,30,18
G3,2021-01-28,-7.312932565938471,2.1901026204609177,mm,A,2,1,30,18
G3,2021-01-29,0.09358623261073878,-0.04879829209263996,m,B,2,1,30,18
G3,2021-01-30,-6.764505378129344,2.3482167483201,mm,A,2,1,30,18
G3,2021-01-31,93.22295576960968,-47.618759533773535,mm,B,2,1,30,18
G3,2021-02-01,-0.005652978921063416,0.0021534245468690064,m,A,2,1,30,18
G3,2021-02-02,93.42066351267773,-48.920846999625844,mm,B,2,1,30,18
G3,2021-02-03,-5.704821085879182,2.423484097573631,mm,A,2,1,30,18
G3,2021-02-04,0.0946473030859386,-0.04731822078159752,m,B,2,1,30,18
G3,2021-02-05,-5.771631989714928,2.251906252059464,mm,A,2,1,30,18
G3,2021-02-06,94.34056187143692,-47.687447739189984,mm,B,2,1,30,18
G3,2021-02-07,-0.0062041690967950085,0.002356503036837264,m,A,2,1,30,18
G3,2021-02-08,93.9922175900997,-48.183888893154695,mm,B,2,1,30,18
G3,2021-02-09,-6.999449594669296,2.4007674241087527,mm,A,2,1,30,18
G3,2021-02-10,0.09311389831853478,-0.04746974836468339,m,B,2,1,30,18
G3,2021-02-11,-6.549199252742232,2.2386375397216085,mm,A,2,1,30,18
G3,2021-02-12,93.87202733439051,-48.50513111457981,mm,B,2,1,30,18
G3,2021-02-13,-0.005211560613864394,0.0016999296122812107,m,A,2,0,30,18
G3,2021-02-14,93.39447778301724,-47.77772602616475,mm,B,12,1,30,18
G3,2021-02-15,-6.117662971557086,0.9874517543871963,mm,A,2,1,30,18
G3,2021-02-16,0.09427749196569886,-0.04671227289778501,m,B,2,1,30,18
G3,2021-02-17,-5.836747390026999,2.2734740632950903,mm,A,2,1,30,18
G3,2021-02-18,93.97391463344655,-48.69126983978987,mm,B,2,1,30,18
G3,2021-02-19,-0.008444301303729015,0.0015948052835944421,m,A,2,1,30,18
G3,2021-02-20,92.48691525740588,-48.05098250395603,mm,B,2,1,30,18
G3,2021-02-21,-6.135454815661295,1.2112008450597997,mm,A,2,1,30,18
G3,2021-02-22,0.0928813202281932,-0.04799786546520131,m,B,2,1,30,18
G3,2021-02-23,-7.313797585917392,1.6975757876042714,mm,A,2,1,30,18
G3,2021-02-24,92.84170002661763,-48.203255032690144,mm,B,2,1,30,18
G3,2021-02-25,-0.00650623739013245,0.0011555578813926437,m,A,2,1,30,18
G3,2021-02-26,93.53574455885473,-47.6250038275877,mm,B,2,1,30,18
G3,2021-02-27,-6.453739966953959,2.10318880825948,mm,A,2,1,30,18
G3,2021-02-28,0.09378899695355103,-0.04818954700868541,m,B,2,1,30,18
G3,2021-03-01,-6.599263575442787,1.9415549923014226,mm,A,2,1,30,18
G3,2021-03-02,94.11283574979588,-47.92724928299274,mm,B,2,1,30,18
G3,2021-03-03,-0.007619372787652526,0.0030376751909450598,m,A,2,1,30,18
G3,2021-03-04,93.46730638190456,-47.93601721780778,mm,B,2,1,30,18
G3,2021-03-05,-7.365852435982209,2.6790819538864525,mm,A,2,1,30,18
G3,2021-03-06,0.09323854009386913,-0.04820653783407395,m,B,2,1,30,18
G3,2021-03-07,-7.42869479935565,3.138776971170096,mm,A,2,1,30,18
G3,2021-03-08,93.85619752082115,-47.759022974549936,mm,B,2,1,30,18
G3,2021-03-09,-0.006296952876351633,0.002709537756915654,m,A,2,1,30,18
G3,2021-03-10,93.4627583046586,-47.77200198627504,mm,B,2,1,30,18
G3,2021-03-11,-6.410920154014411,1.9766492399733848,mm,A,2,1,30,18
G3,2021-03-12,0.09250415795733784,-0.04703092221702547,m,B,2,1,30,18
G3,2021-03-13,-6.688085443980875,2.8690210815278676,mm,A,2,1,30,18
G3,2021-03-14,93.33980976038674,-47.774888533101276,mm,B,2,1,30,18
G3,2021-03-15,-0.006196651559403012,0.0018951139969975955,m,A,2,1,30,18
G3,2021-03-16,93.55102515521222,-48.25457509894034,mm,B,2,1,30,18
G3,2021-03-17,-6.755070015237544,2.095536087085494,mm,A,12,1,30,18
G3,2021-03-18,0.09296286601986736,-0.0476814215090217,m,B,2,1,30,18
G3,2021-03-19,-7.1826110659216065,2.4208507298593553,mm,A,2,1,30,18
G3,2021-03-20,93.85183529839827,-47.69960797783317,mm,B,2,1,30,18
G3,2021-03-21,-0.007919065019739205,0.0013034303117769696,m,A,2,1,30,18
G3,2021-03-22,92.37548103535049,-47.88257167616336,mm,B,2,1,30,18
G3,2021-03-23,-5.852980555362679,2.0336357222558563,mm,A,2,1,30,18
G3,2021-03-24,0.09342378685002825,-0.047066288901342575,m,B,2,1,30,18
G3,2021-03-25,-6.857358393946702,1.9991338543680504,mm,A,2,1,30,18
G3,2021-03-26,93.06143413502224,-49.570818694088,mm,B,2,1,30,18
G3,2021-03-27,-0.007745481870837192,0.0022509362264075575,m,A,2,1,30,18
G3,2021-03-28,93.39016231309527,-47.673175458260374,mm,B,2,0,30,18
G3,2021-03-29,-6.0041679177016505,2.435453969768655,mm,A,2,1,30,18
G3,2021-03-30,0.09282121817496107,-0.04698792087991042,m,B,2,1,30,18
G3,2021-03-31,-5.653492581711664,3.326266773445692,mm,A,2,1,30,18
G3,2021-04-01,93.15008208312685,-47.69618338264887,mm,B,2,1,30,18
G3,2021-04-02,-0.0063205381904697785,0.0016438478047253484,m,A,2,1,30,18
G3,2021-04-03,92.93932765057151,-46.744090944852395,mm,B,2,1,30,18
G3,2021-04-04,-7.235757172282567,1.6232711692354531,mm,A,2,1,30,18
G3,2021-04-05,0.0930128576768683,-0.04713243741039014,m,B,2,1,30,18
G3,2021-04-06,-6.214003281138452,1.3419969904816136,mm,A,2,1,30,18
G3,2021-04-07,93.13018699728795,-49.25301994542808,mm,B,2,1,30,18
G3,2021-04-08,-0.006432885866084817,0.00230082074352053,m,A,2,1,30,18
G3,2021-04-09,92.26983093435763,-47.14778320670813,mm,B,2,1,30,18
G3,2021-04-10,-6.721689772997576,2.129447838753704,mm,A,2,1,30,18
G3,2021-04-11,0.09317191839405294,-0.04828600496972381,m,B,2,1,30,18
G3,2021-04-12,-6.261114338107762,2.519348537690184,mm,A,2,1,30,18
G3,2021-04-13,93.19218161903555,-48.14789595614136,mm,B,2,1,30,18
G3,2021-04-14,-0.007102081771205172,0.003411167718461489,m,A,2,1,30,18
G3,2021-04-15,91.88958469819741,-46.687023641859014,mm,B,2,1,30,18
G3,2021-04-16,-7.056046388572458,1.6701097918158814,mm,A,2,1,30,18
G3,2021-04-17,0.09155732186874298,-0.047465804800543764,m,B,12,1,30,18
G3,2021-04-18,-7.65974144475812,3.676155725339218,mm,A,2,1,30,18
G3,2021-04-19,92.1080935621657,-48.12397704616891,mm,B,2,1,30,18
G3,2021-04-20,-0.007212466273050898,0.0031904233076449676,m,A,2,1,30,18
G3,2021-04-21,92.88586603528287,-48.35646518834476,mm,B,2,1,30,18
G3,2021-04-22,-7.059514993562637,1.1709282422944745,mm,A,2,1,30,18
G3,2021-04-23,0.09180766531663571,-0.04772304708075976,m,B,2,1,30,18
G3,2021-04-24,-7.700219437869378,1.4218830147351966,mm,A,2,1,30,18
G3,2021-04-25,93.77396049180476,-47.47694509004405,mm,B,2,1,30,18
G3,2021-04-26,-0.007611213724280615,0.0030903857865860244,m,A,2,1,30,18
G3,2021-04-27,91.98956664152978,-46.72621797588527,mm,B,2,1,30,18
G3,2021-04-28,-6.936424200390191,2.687295772149504,mm,A,2,1,30,18
G3,2021-04-29,0.09301071704142301,-0.04823909839859525,m,B,2,1,30,18
G3,2021-04-30,-7.370199191926029,2.817650831954138,mm,A,2,1,30,18
G3,2021-05-01,91.88134966817,-47.31063412902189,mm,B,2,1,30,18
G3,2021-05-02,-0.007967630930841817,0.0035795262919441784,m,A,2,1,30,18
G3,2021-05-03,93.589395179202,-46.6228460297484,mm,B,2,1,30,18
G3,2021-05-04,-7.036475242661611,2.5438816854095108,mm,A,2,1,30,18
G3,2021-05-05,0.0924748415402103,-0.046829758765241876,m,B,2,1,30,18
G3,2021-05-06,-6.851537841554849,2.5187506879401425,mm,A,2,1,30,18
G3,2021-05-07,92.69258864641938,-48.12335500887688,mm,B,2,1,30,18
G3,2021-05-08,-0.007770373305389809,0.0017454126954766936,m,A,2,1,30,18
G3,2021-05-09,93.3697739942155,-48.24824248264544,mm,B,2,1,30,18
G3,2021-05-10,-6.978442701817796,1.0233348549774537,mm,A,2,0,30,18
G3,2021-05-11,0.09330610817096385,-0.048089090121181885,m,B,2,1,30,18
G3,2021-05-12,-7.092826152550529,1.4671683312677155,mm,A,2,1,30,18
G3,2021-05-13,93.81765236040899,-48.238184220904216,mm,B,2,1,30,18
G3,2021-05-14,-0.00687972089296081,0.002516108361185395,m,A,2,1,30,18
G3,2021-05-15,92.32509272301937,-48.28141453836253,mm,B,2,1,30,18
G3,2021-05-16,-6.835276984217119,1.6681395009333189,mm,A,2,1,30,18
G3,2021-05-17,0.09281333728753983,-0.048666957825514216,m,B,2,1,30,18
G3,2021-05-18,-5.798603364434454,2.6019499132070076,mm,A,12,1,30,18
G3,2021-05-19,93.34304815244509,-46.918687629509876,mm,B,2,1,30,18
G3,2021-05-20,-0.006344357478626812,0.0029367470948515103,m,A,2,1,30,18
G3,2021-05-21,92.747543792552,-47.79711780522205,mm,B,2,1,30,18
G3,2021-05-22,-6.5572571299997335,2.900401377905118,mm,A,2,1,30,18
G3,2021-05-23,0.09234303132311944,-0.04722711355266039,m,B,2,1,30,18
G3,2021-05-24,-5.647475272037452,2.8172634587487915,mm,A,2,1,30,18
G3,2021-05-25,92.99585719512696,-48.096319079406165,mm,B,2,1,30,18
G3,2021-05-26,-0.008158704829564623,0.0025655628559674284,m,A,2,1,30,18
G3,2021-05-27,92.68136906179342,-47.89498186732318,mm,B,2,1,30,18
G3,2021-05-28,-6.808778166199123,0.9169538986281889,mm,A,2,1,30,18
G3,2021-05-29,0.09287435021594595,-0.0471928749803615,m,B,2,1,30,18
G3,2021-05-30,-6.957402035754045,2.550368568904703,mm,A,2,1,30,18
G3,2021-05-31,93.86113151617845,-48.00923356253008,mm,B,2,1,30,18
G3,2021-06-01,-0.006531513949442029,0.0028331434294892096,m,A,2,1,30,18
G3,2021-06-02,92.66541911874597,-47.75464929079005,mm,B,2,1,30,18
G3,2021-06-03,-6.70871148598366,1.309490585871808,mm,A,2,1,30,18
G3,2021-06-04,0.09277405523498292,-0.04776376311945328,m,B,2,1,30,18
G3,2021-06-05,-7.114038479068988,1.880837101528603,mm,A,2,1,30,18
G3,2021-06-06,93.52070982026287,-47.1229909046485,mm,B,2,1,30,18
G3,2021-06-07,-0.006443125069867876,0.0031987816178339072,m,A,2,1,30,18
G3,2021-06-08,92.88399597844491,-47.38083185932078,mm,B,2,1,30,18
G3,2021-06-09,-7.610742762527208,1.5019977094134118,mm,A,2,1,30,18
G3,2021-06-10,0.0933972601122465,-0.04769458000475108,m,B,2,1,30,18
G3,2021-06-11,-7.766567855585561,2.6723151773389566,mm,A,2,1,30,18
G3,2021-06-12,92.44676233200583,-47.244515571635915,mm,B,2,1,30,18
G3,2021-06-13,-0.007228688993700261,0.002709493265384844,m,A,2,1,30,18
G3,2021-06-14,93.0476453532481,-48.32577316124688,mm,B,2,1,30,18
G3,2021-06-15,-7.589622706013536,2.782294789816724,mm,A,2,1,30,18
G3,2021-06-16,0.09254327725031553,-0.04725709449559872,m,B,2,1,30,18
G3,2021-06-17,-7.487542826811408,2.1538746664118404,mm,A,2,1,30,18
G3,2021-06-18,93.23092228446791,-48.3058354058753,mm,B,12,1,30,18
G3,2021-06-19,-0.006801811158715155,0.0032348191802674844,m,A,2,1,30,18
G3,2021-06-20,92.30172504830378,-48.74962608643549,mm,B,2,1,30,18
G3,2021-06-21,-7.582697213861078,2.485704341176255,mm,A,2,1,30,18
G3,2021-06-22,0.09223349336202193,-0.04808659076425776,m,B,2,0,30,18
G3,2021-06-23,-7.96937876635563,1.957492254092709,mm,A,2,1,30,18
G3,2021-06-24,92.22029733796197,-47.97189961808222,mm,B,2,1,30,18
G3,2021-06-25,-0.00781554063701748,0.003385375808826988,m,A,2,1,30,18
G3,2021-06-26,92.34240095927274,-47.55299363632004,mm,B,2,1,30,18
G3,2021-06-27,-7.0733637160844,1.5854481961912246,mm,A,2,1,30,18
G3,2021-06-28,0.09165323989380925,-0.04742622285381877,m,B,2,1,30,18
G3,2021-06-29,-8.74569101792768,4.008247595254863,mm,A,2,1,30,18
G3,2021-06-30,92.68217797201376,-47.768927885308436,mm,B,2,1,30,18
G3,2021-07-01,-0.007540859730163364,0.0032491026522232414,m,A,2,1,30,18
G3,2021-07-02,93.68797268971193,-47.513888114224976,mm,B,2,1,30,18
G3,2021-07-03,-7.507864532066258,2.963229808274277,mm,A,2,1,30,18
G3,2021-07-04,0.09221380474357743,-0.04775244657548808,m,B,2,1,30,18
G3,2021-07-05,-6.5663124758677975,2.1260198645837827,mm,A,2,1,30,18
G3,2021-07-06,91.43575666866838,-47.77082216799552,mm,B,2,1,30,18
G3,2021-07-07,-0.007154700654236135,0.0032421634960003863,m,A,2,1,30,18
G3,2021-07-08,92.23619673147746,-47.17359336249442,mm,B,2,1,30,18
G3,2021-07-09,-7.7623852194257825,1.8454543132645904,mm,A,2,1,30,18
G3,2021-07-10,0.09162756922759673,-0.04780135461347985,m,B,2,1,30,18
G3,2021-07-11,-7.005364148637472,3.276941946492477,mm,A,2,1,30,18
G3,2021-07-12,92.4059769070006,-47.453611797829474,mm,B,2,1,30,18
G3,2021-07-13,-0.007686032828405965,0.003057086108190515,m,A,2,1,30,18
G3,2021-07-14,91.82511773087467,-47.99386184480356,mm,B,2,1,30,18
G3,2021-07-15,-8.299668890393093,1.7003865388989372,mm,A,2,1,30,18
G3,2021-07-16,0.09222762021049727,-0.04694851057005599,m,B,2,1,30,18
G3,2021-07-17,-7.686866890477724,2.955829591450888,mm,A,2,1,30,18
G3,2021-07-18,92.06507062988652,-47.18760776544443,mm,B,2,1,30,18
G3,2021-07-19,-0.007479847919096602,0.002766518851128063,m,A,12,1,30,18
G3,2021-07-20,92.59666298531249,-47.06470579571904,mm,B,2,1,30,18
G3,2021-07-21,-8.174567861853879,2.5690816076092946,mm,A,2,1,30,18
G3,2021-07-22,0.09224175377296023,-0.04789902734839846,m,B,2,1,30,18
G3,2021-07-23,-8.35191987227616,3.135697264265359,mm,A,2,1,30,18
G3,2021-07-24,92.34350504327972,-46.51825195432028,mm,B,2,1,30,18
G3,2021-07-25,-0.007989662921480931,0.0030609930394423323,m,A,2,1,30,18
G3,2021-07-26,92.1559931753199,-47.38073203617979,mm,B,2,1,30,18
G3,2021-07-27,-8.096974864621622,2.640594285753337,mm,A,2,1,30,18
G3,2021-07-28,0.09282258269261288,-0.048575497078678954,m,B,2,1,30,18
G3,2021-07-29,-8.294222533839587,1.809642282683153,mm,A,2,1,30,18
G3,2021-07-30,91.83775126196356,-46.468809224098685,mm,B,2,1,30,18
G3,2021-07-31,-0.007735352335190967,0.0033264517861633356,m,A,2,1,30,18
G3,2021-08-01,92.24699296970823,-47.10130543847866,mm,B,2,1,30,18
G3,2021-08-02,-8.306216677938004,3.01821479932275,mm,A,2,1,30,18
G3,2021-08-03,0.09180371080394757,-0.04642622502553491,m,B,2,1,30,18
G3,2021-08-04,-7.656795046972238,1.9991735038299363,mm,A,2,0,30,18
G3,2021-08-05,92.77032311804771,-46.99995516247793,mm,B,2,1,30,18
G3,2021-08-06,-0.007620003570494528,0.0032047277176537677,m,A,2,1,30,18
G3,2021-08-07,92.06358846545696,-47.21925544822245,mm,B,2,1,30,18
G3,2021-08-08,-7.787253502214086,2.5903327784031647,mm,A,2,1,30,18
G3,2021-08-09,0.09229190182104482,-0.047612460442591285,m,B,2,1,30,18
G3,2021-08-10,-8.322484311472554,2.822099090913955,mm,A,2,1,30,18
G3,2021-08-11,91.2650091583766,-47.42759648738668,mm,B,2,1,30,18
G3,2021-08-12,-0.007672564415111313,0.0019583539955793797,m,A,2,1,30,18
G3,2021-08-13,92.0752063193008,-47.53510413844471,mm,B,2,1,30,18
G3,2021-08-14,-7.062482613539592,3.576219277340215,mm,A,2,1,30,18
G3,2021-08-15,0.0915306623995186,-0.046983550367427546,m,B,2,1,30,18
G3,2021-08-16,-7.178698884061907,2.3126660799456893,mm,A,2,1,30,18
G3,2021-08-17,92.71985864615077,-47.24554108428578,mm,B,2,1,30,18
G3,2021-08-18,-0.007859147611287242,0.0022556469857638356,m,A,2,1,30,18
G3,2021-08-19,92.6770116061081,-48.16514127077285,mm,B,12,1,30,18
G3,2021-08-20,-7.69372928816964,1.2405093479405551,mm,A,2,1,30,18
G3,2021-08-21,0.09171130628362797,-0.0477151547588446,m,B,2,1,30,18
G3,2021-08-22,-8.399435442407588,2.0142307536258666,mm,A,2,1,30,18
G3,2021-08-23,91.91450561321719,-49.06705691906546,mm,B,2,1,30,18
G3,2021-08-24,-0.007743889340998594,0.0030122015899783886,m,A,2,1,30,18
G3,2021-08-25,91.65601654023841,-48.18692131274408,mm,B,2,1,30,18
G3,2021-08-26,-7.756356889883716,2.6878729579380662,mm,A,2,1,30,18
G3,2021-08-27,0.09251512539661733,-0.047313416815481193,m,B,2,1,30,18
G3,2021-08-28,-7.588678380783558,1.7966721515087296,mm,A,2,1,30,18
G3,2021-08-29,91.53467703663618,-47.475990692463625,mm,B,2,1,30,18
G3,2021-08-30,-0.0076041724654910955,0.0018385388289180549,m,A,2,1,30,18
G3,2021-08-31,93.19968692687293,-47.48284207963901,mm,B,2,1,30,18
G3,2021-09-01,-6.409991511006179,3.035859052425451,mm,A,2,1,30,18
G3,2021-09-02,0.09252938258229114,-0.04740821034904247,m,B,2,1,30,18
G3,2021-09-03,-7.074184421509757,2.145924129029957,mm,A,2,1,30,18
G3,2021-09-04,92.19627156137707,-47.31717483835135,mm,B,2,1,30,18
G3,2021-09-05,-0.008553553717730472,0.003942769275577952,m,A,2,1,30,18
G3,2021-09-06,91.92357665143045,-48.10875554997478,mm,B,2,1,30,18
G3,2021-09-07,-8.152764711735978,2.781203672177214,mm,A,2,1,30,18
G3,2021-09-08,0.09224649881724652,-0.04767052115402028,m,B,2,1,30,18
G3,2021-09-09,-8.499334348810619,2.9723377577585954,mm,A,2,1,30,18
G3,2021-09-10,90.70244215776793,-46.72038866114083,mm,B,2,1,30,18
G3,2021-09-11,-0.00939822554881092,0.0026550626552479493,m,A,2,1,30,18
G3,2021-09-12,90.97842199155166,-47.446100013182125,mm,B,2,1,30,18
G3,2021-09-13,-8.937952510988351,2.7839276123240766,mm,A,2,1,30,18
G3,2021-09-14,0.0919911513941542,-0.04669490411040366,m,B,2,1,30,18
G3,2021-09-15,-8.03723979018534,2.477003463677149,mm,A,2,1,30,18
G3,2021-09-16,91.10923380465742,-48.30829265147263,mm,B,2,0,30,18
G3,2021-09-17,-0.008585169432888498,0.0021678381481649396,m,A,2,1,30,18
G3,2021-09-18,92.12405088196924,-46.72642281420922,mm,B,2,1,30,18
G3,2021-09-19,-7.14298469116554,3.032566748138408,mm,A,12,1,30,18
G3,2021-09-20,0.09160235048020281,-0.04793313824502057,m,B,2,1,30,18
G3,2021-09-21,-7.7381081710870845,3.898665334304672,mm,A,2,1,30,18
G3,2021-09-22,91.46905534461098,-47.26683339445712,mm,B,2,1,30,18
G3,2021-09-23,-0.008166407348225413,0.0022487847931382554,m,A,2,1,30,18
G3,2021-09-24,91.52007907548159,-46.82163784357261,mm,B,2,1,30,18
G3,2021-09-25,-7.618701139739636,1.4903456083360547,mm,A,2,1,30,18
G3,2021-09-26,0.09210203026076383,-0.046123728647892916,m,B,2,1,30,18
G3,2021-09-27,-8.099815980545353,1.2352726723784953,mm,A,2,1,30,18
G3,2021-09-28,91.5510021295342,-47.34100072390298,mm,B,2,1,30,18
G3,2021-09-29,-0.007625070346938229,0.0024433936932204306,m,A,2,1,30,18
G3,2021-09-30,91.72237759251206,-47.187802156078575,mm,B,2,1,30,18
G3,2021-10-01,-8.497001805310962,3.9450510608404814,mm,A,2,1,30,18
G3,2021-10-02,0.091007991953889,-0.04727264329933845,m,B,2,1,30,18
G3,2021-10-03,-8.333102393942697,1.9758031019037121,mm,A,2,1,30,18
G3,2021-10-04,91.61977468180496,-47.74214019935379,mm,B,2,1,30,18
G3,2021-10-05,-0.00858157272760492,0.0033451786552539044,m,A,2,1,30,18
G3,2021-10-06,91.1350706516924,-47.28223653093036,mm,B,2,1,30,18
G3,2021-10-07,-8.599677737016664,2.8051616344163177,mm,A,2,1,30,18
G3,2021-10-08,0.09170906647866002,-0.04805775432761597,m,B,2,1,30,18
G3,2021-10-09,-9.433502337591307,2.2456917881706184,mm,A,2,1,30,18
G3,2021-10-10,91.49575869871744,-46.90316425826989,mm,B,2,1,30,18
G3,2021-10-11,-0.009037571610028059,0.003473837139027812,m,A,2,1,30,18
G3,2021-10-12,92.02011421692964,-46.918990720105874,mm,B,2,1,30,18
G3,2021-10-13,-8.043171099492966,2.3893046239948244,mm,A,2,1,30,18
G3,2021-10-14,0.09164432806695184,-0.04649547043711903,m,B,2,1,30,18
G3,2021-10-15,-7.972329085378406,2.7102680736412172,mm,A,2,1,30,18
G3,2021-10-16,91.7352993522627,-47.77527692963017,mm,B,2,1,30,18
G3,2021-10-17,-0.007587572141922169,0.002513716626914902,m,A,2,1,30,18
G3,2021-10-18,91.19883824220456,-47.71133248326321,mm,B,2,1,30,18
G3,2021-10-19,-8.791454321615253,2.6001675127258332,mm,A,2,1,30,18
G3,2021-10-20,0.09027359231103199,-0.04668041373656789,m,B,12,1,30,18
G3,2021-10-21,-8.488555274708517,3.0430847703607777,mm,A,2,1,30,18
G3,2021-10-22,91.33375244580886,-47.53452385158108,mm,B,2,1,30,18
G3,2021-10-23,-0.009398745754519391,0.0030670606604779127,m,A,2,1,30,18
G3,2021-10-24,92.01839694238865,-46.514241714967355,mm,B,2,1,30,18
G3,2021-10-25,-8.029683708295083,2.243280379065836,mm,A,2,1,30,18
G3,2021-10-26,0.09160522552894698,-0.04708604018161789,m,B,2,1,30,18
G3,2021-10-27,-8.059550194456738,3.8120863165767167,mm,A,2,1,30,18
G3,2021-10-28,91.3552450770179,-46.894128165955266,mm,B,2,1,30,18
G3,2021-10-29,-0.008881864065352272,0.003589123426408766,m,A,2,0,30,18
G3,2021-10-30,90.8647771900038,-46.25638615503536,mm,B,2,1,30,18
G3,2021-10-31,-9.058338030302618,2.5670451866318587,mm,A,2,1,30,18
G3,2021-11-01,0.09177472792118636,-0.04687454001360219,m,B,2,1,30,18
G3,2021-11-02,-8.441497595004991,3.2114420053205395,mm,A,2,1,30,18
G3,2021-11-03,91.16267466445797,-47.24390005590283,mm,B,2,1,30,18
G3,2021-11-04,-0.008219948670358976,0.0021657786613425494,m,A,2,1,30,18
G3,2021-11-05,91.59487119042211,-46.90847659026736,mm,B,2,1,30,18
G3,2021-11-06,-7.940483110662778,2.8579307835946026,mm,A,2,1,30,18
G3,2021-11-07,0.09159436423736864,-0.0473898904482109,m,B,2,1,30,18
G3,2021-11-08,-8.738048091701389,3.228266747379619,mm,A,2,1,30,18
G3,2021-11-09,91.39664114110992,-48.11068145268094,mm,B,2,1,30,18
G3,2021-11-10,-0.008153628166756542,0.004241348648325915,m,A,2,1,30,18
G3,2021-11-11,91.47737882652437,-46.13365100878552,mm,B,2,1,30,18
G3,2021-11-12,-8.737738551061499,3.3018179214179884,mm,A,2,1,30,18
G3,2021-11-13,0.08996222141399862,-0.047723268573767054,m,B,2,1,30,18
G3,2021-11-14,-8.968342821216362,2.6705641534361,mm,A,2,1,30,18
G3,2021-11-15,91.48644053089693,-47.74911851693657,mm,B,2,1,30,18
G3,2021-11-16,-0.009200190139756698,0.0034012817611623622,m,A,2,1,30,18
G3,2021-11-17,90.15623725124763,-46.99232441866167,mm,B,2,1,30,18
G3,2021-11-18,-8.65272392664262,2.743298637414777,mm,A,2,1,30,18
G3,2021-11-19,0.08972183205806919,-0.04657467702662961,m,B,2,1,30,18
G3,2021-11-20,-8.580468527874718,2.955202623955898,mm,A,12,1,30,18
G3,2021-11-21,91.03016422121448,-45.96864675428317,mm,B,2,1,30,18
G3,2021-11-22,-0.008553436382687124,0.003326337306813308,m,A,2,1,30,18
G3,2021-11-23,90.57909342919078,-47.02634856967054,mm,B,2,1,30,18
G3,2021-11-24,-9.705850208087206,2.1387619060825664,mm,A,2,1,30,18
G3,2021-11-25,0.09167422817852108,-0.04836887417395234,m,B,2,1,30,18
G3,2021-11-26,-8.558642958965667,3.288793137810335,mm,A,2,1,30,18
G3,2021-11-27,90.65738271238592,-47.24335130764061,mm,B,2,1,30,18
G3,2021-11-28,-0.008969317701412908,0.003232076454216774,m,A,2,1,30,18
G3,2021-11-29,92.48623559089172,-46.23539522556654,mm,B,2,1,30,18
G3,2021-11-30,-7.704947513927613,1.3493908329282738,mm,A,2,1,30,18
G3,2021-12-01,0.09068023560144785,-0.0470582718323868,m,B,2,1,30,18
G3,2021-12-02,-8.56722275368071,1.3986758301708246,mm,A,2,1,30,18
G3,2021-12-03,90.71888472375541,-47.5443001990338,mm,B,2,1,30,18
G3,2021-12-04,-0.00911680167519134,0.002912609904255076,m,A,2,1,30,18
G3,2021-12-05,91.60176739169363,-46.44068814772213,mm,B,2,1,30,18
G3,2021-12-06,-9.97637252428235,2.504856298829669,mm,A,2,1,30,18
G3,2021-12-07,0.09099231251645526,-0.04661537893100655,m,B,2,1,30,18
G3,2021-12-08,-8.197606213158146,2.1412331734993515,mm,A,2,1,30,18
G3,2021-12-09,90.64697930663107,-46.47238927021386,mm,B,2,1,30,18
G3,2021-12-10,-0.009394830655754827,0.0037245979356858552,m,A,2,1,30,18
G3,2021-12-11,90.72865927948439,-45.99090248665527,mm,B,2,0,30,18
G3,2021-12-12,-8.807951488692897,2.668512946763179,mm,A,2,1,30,18
G3,2021-12-13,0.09074779213077946,-0.04719031169376879,m,B,2,1,30,18
G3,2021-12-14,-9.077654143644835,2.242398125349366,mm,A,2,1,30,18
G3,2021-12-15,91.8909446589554,-46.88946111811903,mm,B,2,1,30,18
G3,2021-12-16,-0.007982479511267813,0.0020157980505770895,m,A,2,1,30,18
G3,2021-12-17,90.65715515852227,-47.25562154927297,mm,B,2,1,30,18
G3,2021-12-18,-8.637035880945838,3.692340633138699,mm,A,2,1,30,18
G3,2021-12-19,0.09120892598223486,-0.047569372195293065,m,B,2,1,30,18
G3,2021-12-20,-9.706190148914908,3.130816485547091,mm,A,2,1,30,18
G3,2021-12-21,92.12851759105217,-47.36959929097939,mm,B,12,1,30,18
G3,2021-12-22,-0.008684866211376556,0.0038770948661499415,m,A,2,1,30,18
G3,2021-12-23,90.71273303989678,-46.777328740600815,mm,B,2,1,30,18
G3,2021-12-24,-8.49699034729091,3.8665998215327733,mm,A,2,1,30,18
G3,2021-12-25,0.09190191852089355,-0.047100491338885955,m,B,2,1,30,18
G3,2021-12-26,-8.584836622878091,2.7388137955178835,mm,A,2,1,30,18
G3,2021-12-27,90.70765211277465,-47.536101634227336,mm,B,2,1,30,18
G3,2021-12-28,-0.008339814724295937,0.0032577107796862687,m,A,2,1,30,18
G3,2021-12-29,91.82844502376287,-46.36749919190182,mm,B,2,1,30,18
G3,2021-12-30,-9.480914540043466,2.6028027581694095,mm,A,2,1,30,18
G3,2021-12-31,0.09129013777896877,-0.0458653866561563,m,B,2,1,30,18
G3,2022-01-01,-9.1462912947256,2.7633970330121924,mm,A,2,1,30,18
G3,2022-01-02,91.26710550582969,-46.48068453927196,mm,B,2,1,30,18
G3,2022-01-03,-0.008538711975706978,0.0035437799206460723,m,A,2,1,30,18
G3,2022-01-04,90.82133765245993,-47.04976648633362,mm,B,2,1,30,18
G3,2022-01-05,-8.918456563819083,2.9789475645422026,mm,A,2,1,30,18
G3,2022-01-06,0.08938100456540053,-0.047708699318974916,m,B,2,1,30,18
G3,2022-01-07,-9.02960146607129,3.4418029450228538,mm,A,2,1,30,18
G3,2022-01-08,90.61800555903255,-46.209593825709916,mm,B,2,1,30,18
G3,2022-01-09,-0.009294549482901409,0.0024660306340047846,m,A,2,1,30,18
G3,2022-01-10,90.18856670110715,-46.739052342730425,mm,B,2,1,30,18
G3,2022-01-11,-9.432660519774547,3.057468356283832,mm,A,2,1,30,18
G3,2022-01-12,0.091426492492324,-0.04718100064357874,m,B,2,1,30,18
G3,2022-01-13,-9.234720309466027,1.9928323543354056,mm,A,2,1,30,18
G3,2022-01-14,91.14346856739303,-45.84680620412278,mm,B,2,1,30,18
G3,2022-01-15,-0.008533067166867145,0.003178766078398137,m,A,2,1,30,18
G3,2022-01-16,91.03191087704835,-46.208945482840505,mm,B,2,1,30,18
G3,2022-01-17,-8.792594757073608,2.6959296284274803,mm,A,2,1,30,18
G3,2022-01-18,0.08979942955375046,-0.04708416785129982,m,B,2,1,30,18
G3,2022-01-19,-9.784556273776532,2.5859624140019086,mm,A,2,1,30,18
G3,2022-01-20,90.83317649880465,-47.091340229356774,mm,B,2,1,30,18
G3,2022-01-21,-0.009465904628643577,0.0016928862421973622,m,A,12,1,30,18
G3,2022-01-22,90.90145754557264,-47.04777598327507,mm,B,2,1,30,18
G3,2022-01-23,-9.819079036465675,3.4319969916759754,mm,A,2,0,30,18
G3,2022-01-24,0.08978963350933848,-0.04719333780667298,m,B,2,1,30,18
G3,2022-01-25,-9.119074075883297,3.599749073373214,mm,A,2,1,30,18
G3,2022-01-26,91.25742996078303,-45.09873373385513,mm,B,2,1,30,18
G3,2022-01-27,-0.009066192136149287,0.0037694538626907494,m,A,2,1,30,18
G3,2022-01-28,90.55289021949643,-46.85157018187047,mm,B,2,1,30,18
G3,2022-01-29,-9.081868177732217,2.3427421406940043,mm,A,2,1,30,18
G3,2022-01-30,0.0907865747040558,-0.047183750530498676,m,B,2,1,30,18
G3,2022-01-31,-9.898226457969145,3.2999144226371144,mm,A,2,1,30,18
G3,2022-02-01,91.26867916950677,-47.77053775245085,mm,B,2,1,30,18
G3,2022-02-02,-0.00925850487872786,0.003589444421007729,m,A,2,1,30,18
G3,2022-02-03,90.06033055170336,-47.326666432493724,mm,B,2,1,30,18
G3,2022-02-04,-9.106642330612999,2.376444828269133,mm,A,2,1,30,18
G3,2022-02-05,0.09130488999447924,-0.0463520743842206,m,B,2,1,30,18
G3,2022-02-06,-9.771677357184268,3.7583795326053506,mm,A,2,1,30,18
G3,2022-02-07,90.09761284836898,-46.87271137561783,mm,B,2,1,30,18
G3,2022-02-08,-0.008911659289202015,0.0030401570057827123,m,A,2,1,30,18
G3,2022-02-09,91.19844622176899,-47.75941928023282,mm,B,2,1,30,18
G3,2022-02-10,-9.113810946809,3.150750302697209,mm,A,2,1,30,18
G3,2022-02-11,0.0898833348928431,-0.04602152470357946,m,B,2,1,30,18
G3,2022-02-12,-10.663618496189292,1.884874431479328,mm,A,2,1,30,18
G3,2022-02-13,89.93431670199313,-47.83876371045987,mm,B,2,1,30,18
G3,2022-02-14,-0.008683684701444176,0.0026698285941500486,m,A,2,1,30,18
G3,2022-02-15,90.10154280298126,-47.16272506150623,mm,B,2,1,30,18
G3,2022-02-16,-9.169482709355314,4.115822820429659,mm,A,2,1,30,18
G3,2022-02-17,0.08976635493273528,-0.04679868935804247,m,B,2,1,30,18
G3,2022-02-18,-10.109213175699598,2.741829580599702,mm,A,2,1,30,18
G3,2022-02-19,90.01892170119334,-46.14367661636531,mm,B,2,1,30,18
G3,2022-02-20,-0.008838211580116415,0.002833179392466546,m,A,2,1,30,18
G3,2022-02-21,90.37074746532048,-47.1125042934418,mm,B,12,1,30,18
G3,2022-02-22,-9.1469447253203,3.4734770921857616,mm,A,2,1,30,18
G3,2022-02-23,0.09012821386642483,-0.04804272283849616,m,B,2,1,30,18
G3,2022-02-24,-10.160623358738926,2.6888931946001913,mm,A,2,1,30,18
G3,2022-02-25,90.19162989096095,-47.41168341118725,mm,B,2,1,30,18
G3,2022-02-26,-0.010080917122582526,0.00270565143290295,m,A,2,1,30,18
G3,2022-02-27,90.04468423088215,-46.91375012429315,mm,B,2,1,30,18
G3,2022-02-28,-9.51504491775605,2.4521795507779927,mm,A,2,1,30,18
G3,2022-03-01,0.08948623909762347,-0.04668179177789436,m,B,2,1,30,18
G3,2022-03-02,-9.029966520688555,4.032642814826296,mm,A,2,1,30,18
G3,2022-03-03,90.2974820664067,-46.534146118500594,mm,B,2,1,30,18
G3,2022-03-04,-0.00888972860392593,0.0026254773871989805,m,A,2,1,30,18
G3,2022-03-05,91.84475822092402,-48.66453289351288,mm,B,2,1,30,18
G3,2022-03-06,-10.512681958972395,2.38695871987822,mm,A,2,1,30,18
G3,2022-03-07,0.0915738813641465,-0.04591221407720496,m,B,2,0,30,18
G3,2022-03-08,-8.68308108984825,2.908802298052733,mm,A,2,1,30,18
G3,2022-03-09,90.65546920756353,-46.5892043489814,mm,B,2,1,30,18
G3,2022-03-10,-0.008576876432413063,0.003088749102003555,m,A,2,1,30,18
G3,2022-03-11,91.4112854114461,-47.151111115888845,mm,B,2,1,30,18
G3,2022-03-12,-9.641688164690667,3.589485794445827,mm,A,2,1,30,18
G3,2022-03-13,0.08918019018821692,-0.046605675086564366,m,B,2,1,30,18
G3,2022-03-14,-9.261146378775441,3.354501329144622,mm,A,2,1,30,18
G3,2022-03-15,90.59203720911928,-47.39460502938921,mm,B,2,1,30,18
G3,2022-03-16,-0.009602394304534686,0.003193767682247576,m,A,2,1,30,18
G3,2022-03-17,91.20488156789307,-47.24052041329798,mm,B,2,1,30,18
G3,2022-03-18,-8.606876273745584,3.0946504872343197,mm,A,2,1,30,18
G3,2022-03-19,0.09090736483118715,-0.04790518535060793,m,B,2,1,30,18
G3,2022-03-20,-9.91223140455851,2.6309018151768413,mm,A,2,1,30,18
G3,2022-03-21,89.85932618219135,-45.77055947417619,mm,B,2,1,30,18
G3,2022-03-22,-0.009837997968044007,0.0040293905044268006,m,A,2,1,30,18
G3,2022-03-23,89.73847228426372,-46.732314058651234,mm,B,2,1,30,18
G3,2022-03-24,-9.523074343259696,3.845016493270152,mm,A,12,1,30,18
G3,2022-03-25,0.08978999614454464,-0.04726275882060947,m,B,2,1,30,18
G3,2022-03-26,-9.097273638263143,2.9951159398411216,mm,A,2,1,30,18
G3,2022-03-27,90.56026159070541,-46.70244274464563,mm,B,2,1,30,18
G3,2022-03-28,-0.010270855063224893,0.003421898488062606,m,A,2,1,30,18
G3,2022-03-29,90.77267453787326,-47.26431661868409,mm,B,2,1,30,18
G3,2022-03-30,-10.026929860258592,2.8244195498227156,mm,A,2,1,30,18
G3,2022-03-31,0.08998623038031768,-0.04623211502647636,m,B,2,1,30,18
G3,2022-04-01,-9.81072335771726,3.73130341752731,mm,A,2,1,30,18
G3,2022-04-02,90.27946810516852,-46.49824500510033,mm,B,2,1,30,18
G3,2022-04-03,-0.009978686155947889,0.004177641122966341,m,A,2,1,30,18
G3,2022-04-04,90.57516040347156,-46.20446573703197,mm,B,2,1,30,18
G3,2022-04-05,-8.577267035093096,3.385224676680224,mm,A,2,1,30,18
G3,2022-04-06,0.0893866843115309,-0.04682193452698378,m,B,2,1,30,18
G3,2022-04-07,-10.09335584289883,2.642323818404641,mm,A,2,1,30,18
G3,2022-04-08,89.07101269246903,-46.004139793727305,mm,B,2,1,30,18
G3,2022-04-09,-0.009507447381453512,0.0017535369468691842,m,A,2,1,30,18
G3,2022-04-10,90.52894577814533,-46.8148173509214,mm,B,2,1,30,18
G3,2022-04-11,-8.781115151934953,3.5197890894631865,mm,A,2,1,30,18
G3,2022-04-12,0.09086423532808913,-0.046358135787455346,m,B,2,1,30,18
G3,2022-04-13,-9.506234484224883,3.3738971428844526,mm,A,2,1,30,18
G3,2022-04-14,90.22200282207723,-46.9224592871253,mm,B,2,1,30,18
G3,2022-04-15,-0.010669634236477,0.0045798494715122585,m,A,2,1,30,18
G3,2022-04-16,89.80699077546505,-46.7127498571125,mm,B,2,1,30,18
G3,2022-04-17,-9.871013632818517,2.774982004645268,mm,A,2,1,30,18
G3,2022-04-18,0.0905220125089513,-0.046526736617298434,m,B,2,1,30,18
G3,2022-04-19,-9.917362038855133,3.0958094081962573,mm,A,2,0,30,18
G3,2022-04-20,89.81020623232858,-46.508849845733835,mm,B,2,1,30,18
G3,2022-04-21,-0.011301290648777359,0.0028741750598259303,m,A,2,1,30,18
G3,2022-04-22,90.08862596952031,-46.58372708331847,mm,B,2,1,30,18
G3,2022-04-23,-8.94396793733399,3.8950692718099265,mm,A,2,1,30,18
G3,2022-04-24,0.09025370926536226,-0.04761974327616215,m,B,12,1,30,18
G3,2022-04-25,-9.089390061957868,3.1741016162571616,mm,A,2,1,30,18
G3,2022-04-26,89.45338974063719,-46.15188607216861,mm,B,2,1,30,18
G3,2022-04-27,-0.00970139367007415,0.003751549495224459,m,A,2,1,30,18
G3,2022-04-28,89.4064487122983,-47.2928762337923,mm,B,2,1,30,18
G3,2022-04-29,-9.698725588522855,3.9821844396101076,mm,A,2,1,30,18
G3,2022-04-30,0.09069357758018176,-0.0477345392247601,m,B,2,1,30,18
G3,2022-05-01,-9.721650977006483,3.885558822020158,mm,A,2,1,30,18
G3,2022-05-02,90.30844399028949,-46.83355899893122,mm,B,2,1,30,18
G3,2022-05-03,-0.009910306379306457,0.0025434075457885365,m,A,2,1,30,18
G3,2022-05-04,89.70166909277408,-46.8910756767933,mm,B,2,1,30,18
G3,2022-05-05,-10.192223605911654,3.09392058280253,mm,A,2,1,30,18
G3,2022-05-06,0.09005255113919615,-0.04565916465725295,m,B,2,1,30,18
G3,2022-05-07,-10.245095590103237,4.283243340092104,mm,A,2,1,30,18
G3,2022-05-08,90.36912100149124,-45.623113397225545,mm,B,2,1,30,18
G3,2022-05-09,-0.010265178803808245,0.002603902464819373,m,A,2,1,30,18
G3,2022-05-10,90.71867695496107,-45.95097078566595,mm,B,2,1,30,18
G3,2022-05-11,-9.652413882470219,2.9642033914449377,mm,A,2,1,30,18
G3,2022-05-12,0.09029494583790065,-0.04591289109488046,m,B,2,1,30,18
G3,2022-05-13,-10.587827122114103,3.8816538136744896,mm,A,2,1,30,18
G3,2022-05-14,90.9806621168509,-47.29485201071077,mm,B,2,1,30,18
G3,2022-05-15,-0.010123279460797868,0.004278884941046044,m,A,2,1,30,18
G3,2022-05-16,89.85583296227276,-46.56288409301099,mm,B,2,1,30,18
G3,2022-05-17,-9.72010476893079,2.91590688299452,mm,A,2,1,30,18
G3,2022-05-18,0.09002962345259431,-0.04620798444813877,m,B,2,1,30,18
G3,2022-05-19,-9.608199895983542,2.702582894498816,mm,A,2,1,30,18
G3,2022-05-20,90.00396580471845,-47.513744224443506,mm,B,2,1,30,18
G3,2022-05-21,-0.008873896937969491,0.0031488145957063044,m,A,2,1,30,18
G3,2022-05-22,89.6634181401529,-46.04649629910529,mm,B,2,1,30,18
G3,2022-05-23,-11.776668553344885,4.835183348120205,mm,A,2,1,30,18
G3,2022-05-24,0.08767265962052623,-0.04727662438827632,m,B,2,1,30,18
G3,2022-05-25,-10.596174652142977,3.8874787318427804,mm,A,12,1,30,18
G3,2022-05-26,90.11450092536202,-47.15667533195231,mm,B,2,1,30,18
G3,2022-05-27,-0.01024266685819987,0.002419417653012751,m,A,2,1,30,18
G3,2022-05-28,89.8395456851718,-47.16953810036311,mm,B,2,1,30,18
G3,2022-05-29,-10.412832342794681,4.054355356090502,mm,A,2,1,30,18
G3,2022-05-30,0.08991250052971331,-0.04680258588345252,m,B,2,1,30,18
G3,2022-05-31,-10.115390005657504,3.053472626836313,mm,A,2,1,30,18
G3,2022-06-01,89.66596533636464,-47.72907026867954,mm,B,2,0,30,18
G3,2022-06-02,-0.010718101409213528,0.0039639574836615446,m,A,2,1,30,18
G3,2022-06-03,89.7392853859941,-46.66256019514584,mm,B,2,1,30,18
G3,2022-06-04,-10.67929460422206,2.872577796074608,mm,A,2,1,30,18
G3,2022-06-05,0.0889790930391364,-0.04612957931083666,m,B,2,1,30,18
G3,2022-06-06,-10.594268565265521,3.7201412704336057,mm,A,2,1,30,18
G3,2022-06-07,89.72311254059073,-46.549118584581635,mm,B,2,1,30,18
G3,2022-06-08,-0.010909359092077013,0.0021655528852812605,m,A,2,1,30,18
G3,2022-06-09,88.5434483683698,-46.92111302020679,mm,B,2,1,30,18
G3,2022-06-10,-10.087927885133148,2.9161046503395545,mm,A,2,1,30,18
G3,2022-06-11,0.08920719815044861,-0.04618342549676579,m,B,2,1,30,18
G3,2022-06-12,-8.851201846849113,2.954062864251365,mm,A,2,1,30,18
G3,2022-06-13,90.44782102287365,-45.517911426428185,mm,B,2,1,30,18
G3,2022-06-14,-0.011087721482601877,0.0036806736103952437,m,A,2,1,30,18
G3,2022-06-15,88.9259740773635,-45.735314206139805,mm,B,2,1,30,18
G3,2022-06-16,-10.35955634316513,4.01740998983743,mm,A,2,1,30,18
G3,2022-06-17,0.08949390246629664,-0.04688518827166816,m,B,2,1,30,18
G3,2022-06-18,-10.142354176054805,2.7941077311926708,mm,A,2,1,30,18
G3,2022-06-19,89.57388088786925,-45.449015987538445,mm,B,2,1,30,18
G3,2022-06-20,-0.009204491084489053,0.0033192656674613714,m,A,2,1,30,18
G3,2022-06-21,89.26753064766359,-46.44548750590191,mm,B,2,1,30,18
G3,2022-06-22,-9.70019735452755,3.995589201476973,mm,A,2,1,30,18
G3,2022-06-23,0.08953602510509555,-0.04686038821591311,m,B,2,1,30,18
G3,2022-06-24,-9.83838615519609,3.4555025236367154,mm,A,2,1,30,18
G3,2022-06-25,88.55735456972171,-46.095011406117784,mm,B,12,1,30,18
G3,2022-06-26,-0.009941353823334297,0.002673537692303568,m,A,2,1,30,18
G3,2022-06-27,89.27350075782753,-46.357690318743074,mm,B,2,1,30,18
G3,2022-06-28,-11.502714500133276,3.5194453026709036,mm,A,2,1,30,18
G3,2022-06-29,0.08997339818344258,-0.04582674848494746,m,B,2,1,30,18
G3,2022-06-30,-10.246265461285732,3.492706941700143,mm,A,2,1,30,18
G3,2022-07-01,89.90224799594858,-47.794760461268595,mm,B,2,1,30,18
G3,2022-07-02,-0.010849282749584525,0.003759054730943777,m,A,2,1,30,18
G3,2022-07-03,88.6003398545904,-46.22495475976096,mm,B,2,1,30,18
G3,2022-07-04,-10.341762052783668,3.4225000023137615,mm,A,2,1,30,18
G3,2022-07-05,0.0886718653572536,-0.046283966512257545,m,B,2,1,30,18
G3,2022-07-06,-10.201683074313536,4.288807173410578,mm,A,2,1,30,18
G3,2022-07-07,89.48677551462004,-46.460692199635524,mm,B,2,1,30,18
G3,2022-07-08,-0.010288956927264288,0.00431362132070554,m,A,2,1,30,18
G3,2022-07-09,89.78865175301996,-46.20490350579658,mm,B,2,1,30,18
G3,2022-07-10,-11.260013244725023,3.2623517565128335,mm,A,2,1,30,18
G3,2022-07-11,0.08886900103135474,-0.045784569437450066,m,B,2,1,30,18
G3,2022-07-12,-10.538367082095135,3.7649585117433593,mm,A,2,1,30,18
G3,2022-07-13,89.78129107111161,-45.75023455333971,mm,B,2,1,30,18
G3,2022-07-14,-0.010108495141006184,0.002915490628975288,m,A,2,0,30,18
G3,2022-07-15,89.40072696644772,-46.32095904142607,mm,B,2,1,30,18
G3,2022-07-16,-11.59476062366036,3.1704143286219764,mm,A,2,1,30,18
G3,2022-07-17,0.08824379519439328,-0.046869508645791716,m,B,2,1,30,18
G3,2022-07-18,-10.186186002180628,2.872465704723521,mm,A,2,1,30,18
G3,2022-07-19,89.5547026631641,-46.78869815174623,mm,B,2,1,30,18
G3,2022-07-20,-0.01047055359233945,0.0035337889944403174,m,A,2,1,30,18
G3,2022-07-21,89.18533508713666,-45.60018386552662,mm,B,2,1,30,18
G3,2022-07-22,-10.66623529960111,3.3780237029964972,mm,A,2,1,30,18
G3,2022-07-23,0.08862251876961692,-0.04627372540549636,m,B,2,1,30,18
G3,2022-07-24,-11.300610366230345,3.022552385988128,mm,A,2,1,30,18
G3,2022-07-25,89.801685629711,-46.42970539128734,mm,B,2,1,30,18
G3,2022-07-26,-0.010759140329117293,0.004127017299762163,m,A,12,1,30,18
G3,2022-07-27,89.45763852048016,-46.25903173687795,mm,B,2,1,30,18
G3,2022-07-28,-10.291005639850601,3.1139843719256013,mm,A,2,1,30,18
G3,2022-07-29,0.08950455817345639,-0.04602292872697164,m,B,2,1,30,18
G3,2022-07-30,-12.092512351519684,3.8237308216939843,mm,A,2,1,30,18
G3,2022-07-31,88.92438773371956,-46.976934990905356,mm,B,2,1,30,18
G3,2022-08-01,-0.010832092358899505,0.004679655342720236,m,A,2,1,30,18
G3,2022-08-02,89.5900499923631,-46.12391694807238,mm,B,2,1,30,18
G3,2022-08-03,-11.007304961865666,3.9137369329130784,mm,A,2,1,30,18
G3,2022-08-04,0.08885780827570994,-0.04703933762750407,m,B,2,1,30,18
G3,2022-08-05,-10.369388934598256,4.346954010232453,mm,A,2,1,30,18
G3,2022-08-06,89.9038623102748,-45.89060378850269,mm,B,2,1,30,18
G3,2022-08-07,-0.011051163194163879,0.003312236216955065,m,A,2,1,30,18
G3,2022-08-08,89.57621248436172,-46.966818519991634,mm,B,2,1,30,18
G3,2022-08-09,-12.023236712816702,3.309938128432903,mm,A,2,1,30,18
G3,2022-08-10,0.09126239398744944,-0.04580486623810284,m,B,2,1,30,18
G3,2022-08-11,-11.08409411108534,3.963322598329148,mm,A,2,1,30,18
G3,2022-08-12,88.86321012896383,-46.87843441987704,mm,B,2,1,30,18
G3,2022-08-13,-0.011128922948711739,0.002968311257537075,m,A,2,1,30,18
G3,2022-08-14,89.26114244506725,-45.58331148452645,mm,B,2,1,30,18
G3,2022-08-15,-10.854348364968958,3.9958143009493314,mm,A,2,1,30,18
G3,2022-08-16,0.08948134897424208,-0.046609494863566366,m,B,2,1,30,18
G3,2022-08-17,-10.630996994783706,3.2327923381328105,mm,A,2,1,30,18
G3,2022-08-18,89.43450339160503,-45.517845697192534,mm,B,2,1,30,18
G3,2022-08-19,-0.010050993447075825,0.002890068459670411,m,A,2,1,30,18
G3,2022-08-20,89.50640062947403,-46.54606982245561,mm,B,2,1,30,18
G3,2022-08-21,-10.339458887027414,2.685559391544991,mm,A,2,1,30,18
G3,2022-08-22,0.08788669190950922,-0.045466000770287465,m,B,2,1,30,18
G3,2022-08-23,-11.062721476617085,2.765967684650259,mm,A,2,1,30,18
G3,2022-08-24,88.1074235008179,-46.136810141237305,mm,B,2,1,30,18
G3,2022-08-25,-0.010107393422657754,0.004039751530440629,m,A,2,1,30,18
G3,2022-08-26,88.08362333715192,-46.25052781901733,mm,B,12,0,30,18
G3,2022-08-27,-11.620097362884849,3.1063451555073316,mm,A,2,1,30,18
G3,2022-08-28,0.08856708220374028,-0.04629351564302831,m,B,2,1,30,18
G3,2022-08-29,-11.10283350752265,3.2930301917203013,mm,A,2,1,30,18
G3,2022-08-30,88.4032544900041,-45.35963164095861,mm,B,2,1,30,18
G3,2022-08-31,-0.01142878787168645,0.003729612041201252,m,A,2,1,30,18
G3,2022-09-01,87.81250821410792,-46.96974299422724,mm,B,2,1,30,18
G3,2022-09-02,-10.574932296151832,4.178186751559046,mm,A,2,1,30,18
G3,2022-09-03,0.08983785240063182,-0.04610508942010887,m,B,2,1,30,18
G3,2022-09-04,-11.246735657166383,3.9677065929080975,mm,A,2,1,30,18
G3,2022-09-05,88.79147029873641,-45.81177936571359,mm,B,2,1,30,18
G3,2022-09-06,-0.01154073622991606,0.00426833890694849,m,A,2,1,30,18
G3,2022-09-07,89.72648817164952,-47.14579734891489,mm,B,2,1,30,18
G3,2022-09-08,-11.203152567992804,5.087729398914949,mm,A,2,1,30,18
G3,2022-09-09,0.08841334336361888,-0.04596420692383791,m,B,2,1,30,18
G3,2022-09-10,-10.694976517134618,4.67858414924852,mm,A,2,1,30,18
G3,2022-09-11,88.08450173588157,-46.809432844973244,mm,B,2,1,30,18
G3,2022-09-12,-0.010441827541319856,0.004451198278314726,m,A,2,1,30,18
G3,2022-09-13,88.87723659722624,-47.091046154073815,mm,B,2,1,30,18
G3,2022-09-14,-11.887878743221965,4.528853254786044,mm,A,2,1,30,18
G3,2022-09-15,0.08859848824977973,-0.04702919883411797,m,B,2,1,30,18
G3,2022-09-16,-11.520198036147354,3.6634703735140293,mm,A,2,1,30,18
G3,2022-09-17,89.45135577016474,-45.83709948445184,mm,B,2,1,30,18
G3,2022-09-18,-0.01149184185382409,0.0025438991102927806,m,A,2,1,30,18
G3,2022-09-19,88.37215348424127,-47.27475668504867,mm,B,2,1,30,18
G3,2022-09-20,-11.05055016846808,3.836230485828612,mm,A,2,1,30,18
G3,2022-09-21,0.08915036049519945,-0.04612134259954264,m,B,2,1,30,18
G3,2022-09-22,-11.421612441462907,3.929663433550216,mm,A,2,1,30,18
G3,2022-09-23,88.85991953654394,-46.844685899641746,mm,B,2,1,30,18
G3,2022-09-24,-0.011961356760921976,0.003866912190248032,m,A,2,1,30,18
G3,2022-09-25,89.16895571080734,-45.581824234000194,mm,B,2,1,30,18
G3,2022-09-26,-11.83537978867431,3.161760352010024,mm,A,12,1,30,18
G3,2022-09-27,0.08869008456557677,-0.04638405816244723,m,B,2,1,30,18
G3,2022-09-28,-10.795920275162564,3.8002609336211424,mm,A,2,1,30,18
G3,2022-09-29,89.18143661831587,-45.967290412485305,mm,B,2,1,30,18
G3,2022-09-30,-0.009579352139429318,0.003945176460859428,m,A,2,1,30,18
G3,2022-10-01,89.04396099145443,-45.90009846607487,mm,B,2,1,30,18
G3,2022-10-02,-11.860675473591161,3.712338265752514,mm,A,2,1,30,18
G3,2022-10-03,0.0876553820199251,-0.04630791743509894,m,B,2,1,30,18
G3,2022-10-04,-10.954381620176258,3.5384579906290545,mm,A,2,1,30,18
G3,2022-10-05,87.90565588223085,-47.109244759313384,mm,B,2,1,30,18
G3,2022-10-06,-0.01084034678080327,0.0034355352325400033,m,A,2,1,30,18
G3,2022-10-07,89.96390862073012,-45.271640780952694,mm,B,2,1,30,18
G3,2022-10-08,-10.745657130916548,3.3137958761790953,mm,A,2,0,30,18
G3,2022-10-09,0.08757746504741631,-0.04524954602442893,m,B,2,1,30,18
G3,2022-10-10,-11.065162396816062,4.7897421017458015,mm,A,2,1,30,18
G3,2022-10-11,89.41882289831695,-45.69641451177796,mm,B,2,1,30,18
G3,2022-10-12,-0.011344301153491845,0.003826246185800423,m,A,2,1,30,18
G3,2022-10-13,88.61861242542501,-45.849528692706585,mm,B,2,1,30,18
G3,2022-10-14,-10.378108267599742,3.480095995010984,mm,A,2,1,30,18
G3,2022-10-15,0.08859620840558216,-0.04604175644023797,m,B,2,1,30,18
G3,2022-10-16,-11.724342144751471,2.9138347519633614,mm,A,2,1,30,18
G3,2022-10-17,88.61765992749667,-47.10423308594999,mm,B,2,1,30,18
G3,2022-10-18,-0.012228173955560835,0.0032393983522180712,m,A,2,1,30,18
G3,2022-10-19,88.69841201427215,-46.04985332417165,mm,B,2,1,30,18
G3,2022-10-20,-10.629834322140907,3.865861038676764,mm,A,2,1,30,18
G3,2022-10-21,0.08832040508029486,-0.04573626221065313,m,B,2,1,30,18
G3,2022-10-22,-12.287016088344345,4.538696722816176,mm,A,2,1,30,18
G3,2022-10-23,88.64258559742842,-44.90531051994139,mm,B,2,1,30,18
G3,2022-10-24,-0.011887051718889576,0.0030235587262950627,m,A,2,1,30,18
G3,2022-10-25,89.4554828003411,-45.92459043755333,mm,B,2,1,30,18
G3,2022-10-26,-11.25971757873076,4.180819743226607,mm,A,2,1,30,18
G3,2022-10-27,0.08750394453398065,-0.04512811326746481,m,B,12,1,30,18
G3,2022-10-28,-11.499033834566438,3.2294434005466393,mm,A,2,1,30,18
G3,2022-10-29,89.82616049100781,-45.70019684677177,mm,B,2,1,30,18
G3,2022-10-30,-0.011895792577691805,0.004468688837967798,m,A,2,1,30,18
G3,2022-10-31,89.82828894783009,-46.14671325254478,mm,B,2,1,30,18
G3,2022-11-01,-10.03600315440343,3.725402502172657,mm,A,2,1,30,18
G3,2022-11-02,0.08940540004218783,-0.04749655459694436,m,B,2,1,30,18
G3,2022-11-03,-13.488333877007078,3.9939289634900477,mm,A,2,1,30,18
G3,2022-11-04,89.69238670879426,-46.1043393504235,mm,B,2,1,30,18
G3,2022-11-05,-0.012352580854926184,0.004171814087878988,m,A,2,1,30,18
G3,2022-11-06,88.57822784516468,-46.22868949603305,mm,B,2,1,30,18
G3,2022-11-07,-10.912707778103306,3.78578097048023,mm,A,2,1,30,18
G3,2022-11-08,0.08921935633470017,-0.04629322475315566,m,B,2,1,30,18
G3,2022-11-09,-10.982672848172975,4.416569816656509,mm,A,2,1,30,18
G3,2022-11-10,87.75279668836083,-46.54565622376059,mm,B,2,1,30,18
G3,2022-11-11,-0.011428421037525548,0.004652860125170423,m,A,2,1,30,18
G3,2022-11-12,88.15938586181092,-45.77169308906582,mm,B,2,1,30,18
G3,2022-11-13,-12.311202842420432,3.650977886740161,mm,A,2,1,30,18
G3,2022-11-14,0.08899143523448243,-0.04658172919446253,m,B,2,1,30,18
G3,2022-11-15,-11.682227191059626,3.7986437534018305,mm,A,2,1,30,18
G3,2022-11-16,88.20568380474958,-45.624745179146615,mm,B,2,1,30,18
G3,2022-11-17,-0.012122590560291151,0.003428278455251248,m,A,2,1,30,18
G3,2022-11-18,88.53194302475187,-45.56064055018133,mm,B,2,1,30,18
G3,2022-11-19,-12.356180620430735,3.891634402307458,mm,A,2,1,30,18
G3,2022-11-20,0.08766332794724935,-0.046029366793888686,m,B,2,0,30,18
G3,2022-11-21,-11.994799395374642,3.1826861095258456,mm,A,2,1,30,18
G3,2022-11-22,88.9036147748755,-46.45609013553233,mm,B,2,1,30,18
G3,2022-11-23,-0.012087283651993292,0.003513589370635062,m,A,2,1,30,18
G3,2022-11-24,88.42161944100256,-44.8869615716053,mm,B,2,1,30,18
G3,2022-11-25,-12.61640106878126,5.262493413309004,mm,A,2,1,30,18
G3,2022-11-26,0.08759412228018008,-0.046611396581274465,m,B,2,1,30,18
G3,2022-11-27,-11.891406222002226,3.695354447912266,mm,A,12,1,30,18
G3,2022-11-28,87.85681344797096,-45.90459590799789,mm,B,2,1,30,18
G3,2022-11-29,-0.011843520840714234,0.0037108506518838177,m,A,2,1,30,18
G3,2022-11-30,87.69710904263728,-46.25525191194343,mm,B,2,1,30,18
G3,2022-12-01,-11.603659666365614,4.213756119820199,mm,A,2,1,30,18
G3,2022-12-02,0.08841183657604187,-0.047602677394062695,m,B,2,1,30,18
G3,2022-12-03,-11.116930311847915,4.702460301490882,mm,A,2,1,30,18
G3,2022-12-04,88.59605072420386,-46.13459016802447,mm,B,2,1,30,18
G3,2022-12-05,-0.012099449752712437,0.0038438883593823517,m,A,2,1,30,18
G3,2022-12-06,88.69908403138436,-46.342436771884266,mm,B,2,1,30,18
G3,2022-12-07,-10.058119077167566,3.2181937170397896,mm,A,2,1,30,18
G3,2022-12-08,0.08905136680633523,-0.04667665683350483,m,B,2,1,30,18
G3,2022-12-09,-11.42819534472019,3.3742943953542595,mm,A,2,1,30,18
G3,2022-12-10,88.12139527476614,-46.905245998507006,mm,B,2,1,30,18
G3,2022-12-11,-0.011972925801286605,0.003964650217561287,m,A,2,1,30,18
G3,2022-12-12,88.43376549818832,-46.4906019386157,mm,B,2,1,30,18
G3,2022-12-13,-11.855097736049332,4.259667188971929,mm,A,2,1,30,18
G3,2022-12-14,0.08844964846801011,-0.04524044840220236,m,B,2,1,30,18
G3,2022-12-15,-12.329973505852514,5.188755134974677,mm,A,2,1,30,18
G3,2022-12-16,88.36170656414721,-45.832224829783364,mm,B,2,1,30,18
G3,2022-12-17,-0.01245613320797995,0.00429237714734287,m,A,2,1,30,18
G3,2022-12-18,87.61710561030193,-46.035465756320676,mm,B,2,1,30,18
G3,2022-12-19,-11.98046050732342,3.917975579896398,mm,A,2,1,30,18
G3,2022-12-20,0.08760795643493731,-0.04664439634806646,m,B,2,1,30,18
G3,2022-12-21,-12.310246800242641,4.25165541122578,mm,A,2,1,30,18
G3,2022-12-22,88.0276028451055,-46.052696564170894,mm,B,2,1,30,18
G3,2022-12-23,-0.01144219326094443,0.0042230825058805505,m,A,2,1,30,18
G3,2022-12-24,88.38368381338694,-45.853274220297,mm,B,2,1,30,18
G3,2022-12-25,-12.298612390326538,4.964901752738434,mm,A,2,1,30,18
G3,2022-12-26,0.0880105131833338,-0.04700604293245085,m,B,2,1,30,18
G3,2022-12-27,-12.375952444029823,4.204699530133059,mm,A,2,1,30,18
G3,2022-12-28,88.08806636946737,-45.585400759514584,mm,B,12,1,30,18
G3,2022-12-29,-0.011148451708225085,0.0040237217324164435,m,A,2,1,30,18
G3,2022-12-30,88.52143438244124,-46.739724906522056,mm,B,2,1,30,18
G3,2022-12-31,-12.928488931970723,4.311226026453453,mm,A,2,1,30,18
G3,2023-01-01,0.08788286912212691,-0.04655392099941993,m,B,2,1,30,18
G3,2023-01-02,-12.432975249313499,3.56692721519402,mm,A,2,0,30,18
G3,2023-01-03,87.12749945474165,-46.30102903624482,mm,B,2,1,30,18
G3,2023-01-04,-0.012526766180613987,0.0035715852675988953,m,A,2,1,30,18
G3,2023-01-05,88.4384352908134,-45.050752300450185,mm,B,2,1,30,18
G3,2023-01-06,-10.92600905519713,3.641499479980414,mm,A,2,1,30,18
G3,2023-01-07,0.08846854125471348,-0.0450095858318903,m,B,2,1,30,18
G3,2023-01-08,-12.222229707215197,2.8622759233928354,mm,A,2,1,30,18
G3,2023-01-09,87.75225296095262,-45.70311796232457,mm,B,2,1,30,18
G3,2023-01-10,-0.011813179845367953,0.0047533181013033,m,A,2,1,30,18
G3,2023-01-11,87.41558562409492,-46.424289816678616,mm,B,2,1,30,18
G3,2023-01-12,-12.20176574247144,3.6926231567425725,mm,A,2,1,30,18
G3,2023-01-13,0.08750798763416665,-0.046001338377601474,m,B,2,1,30,18
G3,2023-01-14,-10.905880893839615,3.335570353646002,mm,A,2,1,30,18
G3,2023-01-15,87.42250308839917,-46.22692182372765,mm,B,2,1,30,18
G3,2023-01-16,-0.011440933672859812,0.0036766931114569326,m,A,2,1,30,18
G3,2023-01-17,86.67582474598989,-45.255006870019514,mm,B,2,1,30,18
G3,2023-01-18,-13.17551194505077,4.136821810706874,mm,A,2,1,30,18
G3,2023-01-19,0.08821972373254325,-0.04624720934492289,m,B,2,1,30,18
G3,2023-01-20,-13.40312428987145,4.762725121444347,mm,A,2,1,30,18
G3,2023-01-21,87.92163796120632,-45.095022547900456,mm,B,2,1,30,18
G3,2023-01-22,-0.011268389138718138,0.004965446422653093,m,A,2,1,30,18
G3,2023-01-23,87.37743244945317,-46.306758008519445,mm,B,2,1,30,18
G3,2023-01-24,-13.022627934197263,5.410071928325571,mm,A,2,1,30,18
G3,2023-01-25,0.08841434642948369,-0.04607455541385633,m,B,2,1,30,18
G3,2023-01-26,-12.687092243950682,3.9655665812791785,mm,A,2,1,30,18
G3,2023-01-27,87.51335755191656,-46.08040367474099,mm,B,2,1,30,18
G3,2023-01-28,-0.012122228355410172,0.004298311281292709,m,A,12,1,30,18
G3,2023-01-29,86.92508573302757,-45.51799583736461,mm,B,2,1,30,18
G3,2023-01-30,-11.088004383617067,4.935930668096807,mm,A,2,1,30,18
G3,2023-01-31,0.08749602293305157,-0.045695432607386795,m,B,2,1,30,18
G3,2023-02-01,-12.906205526305165,4.7723629808626455,mm,A,2,1,30,18
G3,2023-02-02,87.1822308504062,-45.361165223407134,mm,B,2,1,30,18
G3,2023-02-03,-0.01247596498738903,0.004348101072820693,m,A,2,1,30,18
G3,2023-02-04,87.68374954512285,-46.382185579878765,mm,B,2,1,30,18
G3,2023-02-05,-12.152927729109015,4.946168679309919,mm,A,2,1,30,18
G3,2023-02-06,0.08724875862477363,-0.04599220922514736,m,B,2,1,30,18
G3,2023-02-07,-12.894109616899835,4.311364933368373,mm,A,2,1,30,18
G3,2023-02-08,87.8839659558312,-45.953139713090394,mm,B,2,1,30,18
G3,2023-02-09,-0.01149813865509346,0.0045245605490024324,m,A,2,1,30,18
G3,2023-02-10,87.14756335912888,-45.829229841500116,mm,B,2,1,30,18
G3,2023-02-11,-11.85371476797535,4.360850602616404,mm,A,2,1,30,18
G3,2023-02-12,0.08729004636255212,-0.04557046220431813,m,B,2,1,30,18
G3,2023-02-13,-12.11722082465166,3.6245040477605754,mm,A,2,1,30,18
G3,2023-02-14,88.04963470778313,-46.689161371009575,mm,B,2,0,30,18
G3,2023-02-15,-0.012680652718801711,0.005077854170154649,m,A,2,1,30,18
G3,2023-02-16,88.11295818245414,-45.5090497272244,mm,B,2,1,30,18
G3,2023-02-17,-12.498565549650765,3.9262618449066484,mm,A,2,1,30,18
G3,2023-02-18,0.08775022309175778,-0.046382260395371334,m,B,2,1,30,18
G3,2023-02-19,-12.355483631228767,3.4257698417712388,mm,A,2,1,30,18
G3,2023-02-20,86.83269233872993,-45.23333441928656,mm,B,2,1,30,18
G3,2023-02-21,-0.01253893913076379,0.003870937847953981,m,A,2,1,30,18
G3,2023-02-22,87.19850680801873,-45.69030416153428,mm,B,2,1,30,18
G3,2023-02-23,-11.607595911758278,5.1903999819842,mm,A,2,1,30,18
G3,2023-02-24,0.0880519121820526,-0.04548869773183208,m,B,2,1,30,18
G3,2023-02-25,-12.911004816348292,4.392111601073203,mm,A,2,1,30,18
G3,2023-02-26,87.07588115441561,-46.49994282911504,mm,B,2,1,30,18
G3,2023-02-27,-0.01109165594744146,0.004062109565290734,m,A,2,1,30,18
G3,2023-02-28,88.0288973753703,-46.071527033123985,mm,B,12,1,30,18
G3,2023-03-01,-11.720030604371608,3.772299604976191,mm,A,2,1,30,18
G3,2023-03-02,0.0882699222458367,-0.04572921514987785,m,B,2,1,30,18
G3,2023-03-03,-12.587779144370693,4.640314570864966,mm,A,2,1,30,18
G3,2023-03-04,88.01415120460402,-45.33852367526477,mm,B,2,1,30,18
G3,2023-03-05,-0.012742127996510996,0.005774471639436895,m,A,2,1,30,18
G3,2023-03-06,87.61260934648794,-46.348049819559506,mm,B,2,1,30,18
G3,2023-03-07,-12.740172919098793,5.064206456652499,mm,A,2,1,30,18
G3,2023-03-08,0.0872305265493678,-0.04571251011283658,m,B,2,1,30,18
G3,2023-03-09,-13.447131565739975,3.870565001362381,mm,A,2,1,30,18
G3,2023-03-10,87.8504545445833,-45.589141956800944,mm,B,2,1,30,18
G3,2023-03-11,-0.011894926839696385,0.0037874615169455807,m,A,2,1,30,18
G3,2023-03-12,88.16742974655514,-44.86107807575379,mm,B,2,1,30,18
G3,2023-03-13,-12.2776419766526,4.066609515896836,mm,A,2,1,30,18
G3,2023-03-14,0.08741513308377709,-0.04633707017903685,m,B,2,1,30,18
G3,2023-03-15,-13.143795216480052,4.482461980867574,mm,A,2,1,30,18
G3,2023-03-16,86.38265970638919,-46.18330013633884,mm,B,2,1,30,18
G3,2023-03-17,-0.013364554683581626,0.0051771161058686245,m,A,2,1,30,18
G3,2023-03-18,87.36997209092887,-45.238920696068284,mm,B,2,1,30,18
G3,2023-03-19,-12.845909708465603,4.382115515348098,mm,A,2,1,30,18
G3,2023-03-20,0.087100538530821,-0.0471715071211623,m,B,2,1,30,18
G3,2023-03-21,-13.432256956454534,3.596685343767965,mm,A,2,1,30,18
G3,2023-03-22,87.19689515756887,-46.4155611641832,mm,B,2,1,30,18
G3,2023-03-23,-0.012557382284457548,0.0032450258225907927,m,A,2,1,30,18
G3,2023-03-24,87.70784316303468,-45.29547987266867,mm,B,2,1,30,18
G3,2023-03-25,-12.121747703801411,5.325655472861019,mm,A,2,1,30,18
G3,2023-03-26,0.08715003609451781,-0.0447384710347123,m,B,2,1,30,18
G3,2023-03-27,-12.774472391182059,4.559806917408693,mm,A,2,1,30,18
G3,2023-03-28,87.00526892574074,-45.48674348254768,mm,B,2,1,30,18
G3,2023-03-29,-0.012292493504955367,0.0045556221258075446,m,A,2,0,30,18
G3,2023-03-30,87.48825764772589,-46.308875505719215,mm,B,2,1,30,18
G3,2023-03-31,-13.903222252501338,3.853102376267412,mm,A,12,1,30,18
G3,2023-04-01,0.08640028922458609,-0.045697765254673006,m,B,2,1,30,18
G3,2023-04-02,-13.15678750194613,3.8237700467700786,mm,A,2,1,30,18
G3,2023-04-03,87.83700740150482,-45.81941191274925,mm,B,2,1,30,18
G3,2023-04-04,-0.012648884168757682,0.0035521747459523853,m,A,2,1,30,18
G3,2023-04-05,87.00502035225742,-46.06297621840725,mm,B,2,1,30,18
G3,2023-04-06,-14.377388792258838,3.6759375629142785,mm,A,2,1,30,18
G3,2023-04-07,0.08667412849323564,-0.04564702469165021,m,B,2,1,30,18
G3,2023-04-08,-12.438685357312957,3.9444829309306013,mm,A,2,1,30,18
G3,2023-04-09,86.69825537169031,-45.57193923589816,mm,B,2,1,30,18
G3,2023-04-10,-0.01361926071162982,0.00538733405485675,m,A,2,1,30,18
G3,2023-04-11,88.10426432721503,-46.2801233332024,mm,B,2,1,30,18
G3,2023-04-12,-12.91360235939554,3.976705947621685,mm,A,2,1,30,18
G3,2023-04-13,0.08673103806283639,-0.046136209227458334,m,B,2,1,30,18
G3,2023-04-14,-13.069728478124983,5.008859239740616,mm,A,2,1,30,18
G3,2023-04-15,87.28467240901705,-44.998057050577266,mm,B,2,1,30,18
G3,2023-04-16,-0.014192506946938186,0.004833623125861292,m,A,2,1,30,18
G3,2023-04-17,86.94564800622369,-46.18577278191474,mm,B,2,1,30,18
G3,2023-04-18,-11.925850208467281,4.760733267706056,mm,A,2,1,30,18
G3,2023-04-19,0.08692004238713673,-0.04527200539912389,m,B,2,1,30,18
G3,2023-04-20,-12.193196503557195,3.77352436376719,mm,A,2,1,30,18
G3,2023-04-21,87.49590270635036,-45.13545788542353,mm,B,2,1,30,18
G3,2023-04-22,-0.013751358275333444,0.004639970484929789,m,A,2,1,30,18
G3,2023-04-23,87.25673562553536,-45.79279356798041,mm,B,2,1,30,18
G3,2023-04-24,-12.644480059410833,4.510152329125533,mm,A,2,1,30,18
G3,2023-04-25,0.08737615220477772,-0.04486355786965172,m,B,2,1,30,18
G3,2023-04-26,-12.92611968898074,5.259367241863121,mm,A,2,1,30,18
G3,2023-04-27,86.65439546606622,-45.455275406465496,mm,B,2,1,30,18
G3,2023-04-28,-0.013159609454433886,0.004510267005304901,m,A,2,1,30,18
G3,2023-04-29,88.06179430635078,-45.6564911542589,mm,B,2,1,30,18
G3,2023-04-30,-13.745135505092707,4.4894166952882575,mm,A,2,1,30,18
G3,2023-05-01,0.0867681840877007,-0.04581642710764218,m,B,12,1,30,18
G3,2023-05-02,-13.199367964455355,4.300082034411872,mm,A,2,1,30,18
G3,2023-05-03,87.35862723323253,-46.21368681662442,mm,B,2,1,30,18
G3,2023-05-04,-0.012727412331606847,0.004342059543351418,m,A,2,1,30,18
G3,2023-05-05,86.31516292571575,-46.38262100426517,mm,B,2,1,30,18
G3,2023-05-06,-12.452228454135438,4.8330109557161665,mm,A,2,1,30,18
G3,2023-05-07,0.08695769186300754,-0.046155056617385455,m,B,2,1,30,18
G3,2023-05-08,-13.399181384496604,4.000658654807848,mm,A,2,1,30,18
G3,2023-05-09,87.55136130485299,-45.94615731621751,mm,B,2,1,30,18
G3,2023-05-10,-0.01260703603012496,0.004140364782376658,m,A,2,1,30,18
G3,2023-05-11,87.2586078741781,-45.975014826850106,mm,B,2,0,30,18
G3,2023-05-12,-13.049604913757449,4.1881824016930915,mm,A,2,1,30,18
G3,2023-05-13,0.08575663987858459,-0.04607862278160461,m,B,2,1,30,18
G3,2023-05-14,-13.25953489320309,3.9745592596855674,mm,A,2,1,30,18
G3,2023-05-15,86.64832012581293,-45.53942470221607,mm,B,2,1,30,18
G3,2023-05-16,-0.013192021908884986,0.00391403632482268,m,A,2,1,30,18
G3,2023-05-17,86.26731487154511,-46.49204941526812,mm,B,2,1,30,18
G3,2023-05-18,-12.748637295619565,3.8798025324066416,mm,A,2,1,30,18
G3,2023-05-19,0.08729329279684142,-0.046343155152273496,m,B,2,1,30,18
G3,2023-05-20,-12.684753917117064,4.183542951594119,mm,A,2,1,30,18
G3,2023-05-21,87.70856509771721,-45.61281388390321,mm,B,2,1,30,18
G3,2023-05-22,-0.01239304025266082,0.002597212271530795,m,A,2,1,30,18
G3,2023-05-23,85.91622358576444,-45.38044841011111,mm,B,2,1,30,18
G3,2023-05-24,-12.184088992449487,4.2504371052361,mm,A,2,1,30,18
G3,2023-05-25,0.08750732016979598,-0.04494132134936937,m,B,2,1,30,18
G3,2023-05-26,-13.293544761054951,5.4058366433483,mm,A,2,1,30,18
G3,2023-05-27,85.74634184449155,-46.70623014294344,mm,B,2,1,30,18
G3,2023-05-28,-0.013087279438466739,0.0046639220513240015,m,A,2,1,30,18
G3,2023-05-29,86.66864357556831,-45.05501337551963,mm,B,2,1,30,18
G3,2023-05-30,-13.178516226086979,4.330664475089145,mm,A,2,1,30,18
G3,2023-05-31,0.08672327346951507,-0.045729310668900486,m,B,2,1,30,18
G3,2023-06-01,-13.708348910638879,5.2198958121179535,mm,A,12,1,30,18
G3,2023-06-02,86.2242873297914,-45.34887601218489,mm,B,2,1,30,18
G3,2023-06-03,-0.013539290601462,0.004561534799822586,m,A,2,1,30,18
G3,2023-06-04,86.89557908472088,-45.163673875607834,mm,B,2,1,30,18
G3,2023-06-05,-12.846539417083632,5.409606655550195,mm,A,2,1,30,18
G3,2023-06-06,0.08674474563334958,-0.04551111574558706,m,B,2,1,30,18
G3,2023-06-07,-13.160592305546677,4.666372722386575,mm,A,2,1,30,18
G3,2023-06-08,87.89865408462012,-45.325819944718745,mm,B,2,1,30,18
G3,2023-06-09,-0.012971545236353717,0.004083678722595471,m,A,2,1,30,18
G3,2023-06-10,87.11549200443352,-45.76476013978727,mm,B,2,1,30,18
G3,2023-06-11,-13.484387573199369,5.264673799031959,mm,A,2,1,30,18
G3,2023-06-12,0.08798886999757893,-0.04553957242937199,m,B,2,1,30,18
G3,2023-06-13,-12.810451313499838,3.6813146285487366,mm,A,2,1,30,18
G3,2023-06-14,87.00135676441224,-46.10664907056279,mm,B,2,1,30,18
G3,2023-06-15,-0.013020683068066093,0.00463055820647916,m,A,2,1,30,18
G3,2023-06-16,86.71208328046635,-46.18025615025474,mm,B,2,1,30,18
G3,2023-06-17,-12.49343362591021,3.7189986941553834,mm,A,2,1,30,18
G3,2023-06-18,0.08654946485356604,-0.045392579623651515,m,B,2,1,30,18
G3,2023-06-19,-13.174724369509104,4.37825063666987,mm,A,2,1,30,18
G3,2023-06-20,87.17534530752468,-44.44781756387025,mm,B,2,1,30,18
G3,2023-06-21,-0.013668660255333913,0.006506716166009506,m,A,2,1,30,18
G3,2023-06-22,86.02023301850228,-46.644666966100964,mm,B,2,1,30,18
G3,2023-06-23,-14.166878916192495,5.266588992915034,mm,A,2,0,30,18
G3,2023-06-24,0.08652280579694728,-0.04618604841388709,m,B,2,1,30,18
G3,2023-06-25,-13.417431671384712,4.73874437687053,mm,A,2,1,30,18
G3,2023-06-26,86.44591549452997,-45.01199045836901,mm,B,2,1,30,18
G3,2023-06-27,-0.013692469983623947,0.004507082619021343,m,A,2,1,30,18
G3,2023-06-28,86.34698084689697,-45.37987441779861,mm,B,2,1,30,18
G3,2023-06-29,-12.615489433390081,4.263196351937217,mm,A,2,1,30,18
G3,2023-06-30,0.08705990611986347,-0.04629940130728004,m,B,2,1,30,18
G3,2023-07-01,-14.030064779174213,4.528129100343434,mm,A,2,1,30,18
G3,2023-07-02,87.16137376140905,-45.96746449788063,mm,B,12,1,30,18
G3,2023-07-03,-0.013498999856084092,0.004895695511602675,m,A,2,1,30,18
G3,2023-07-04,86.91211606575072,-45.0907978871542,mm,B,2,1,30,18
G3,2023-07-05,-13.479037270211,4.049046504012094,mm,A,2,1,30,18
G3,2023-07-06,0.08668328375728693,-0.04479563516549854,m,B,2,1,30,18
G3,2023-07-07,-12.75820258819274,3.935272270288334,mm,A,2,1,30,18
G3,2023-07-08,86.07325456416888,-45.46663576813698,mm,B,2,1,30,18
G3,2023-07-09,-0.013721338805516535,0.005061237137276047,m,A,2,1,30,18
G3,2023-07-10,86.29606575990152,-46.61920244325737,mm,B,2,1,30,18
G3,2023-07-11,-13.866343892200602,4.621719467266323,mm,A,2,1,30,18
G3,2023-07-12,0.08591699183628326,-0.0453010513405054,m,B,2,1,30,18
G3,2023-07-13,-13.442322348788638,4.202298594871143,mm,A,2,1,30,18
G3,2023-07-14,86.59730058176602,-46.237424193143816,mm,B,2,1,30,18
G3,2023-07-15,-0.013698990088250249,0.005125756456674427,m,A,2,1,30,18
G3,2023-07-16,86.84454632594024,-45.73897482061642,mm,B,2,1,30,18
G3,2023-07-17,-14.450177665538956,3.680691519895058,mm,A,2,1,30,18
G3,2023-07-18,0.08698833256084097,-0.04568667281801689,m,B,2,1,30,18
G3,2023-07-19,-14.793266440974987,4.100961976521594,mm,A,2,1,30,18
G3,2023-07-20,87.24439812268609,-45.5278155551673,mm,B,2,1,30,18
G3,2023-07-21,-0.01335615929427003,0.004384830463855979,m,A,2,1,30,18
G3,2023-07-22,87.51756780862661,-45.79909535059659,mm,B,2,1,30,18
G3,2023-07-23,-13.830450546129672,4.151574267986933,mm,A,2,1,30,18
G3,2023-07-24,0.08583290153827614,-0.04542184955359017,m,B,2,1,30,18
G3,2023-07-25,-13.635831825894188,5.829415424347847,mm,A,2,1,30,18
G3,2023-07-26,86.96607395143187,-45.75660995504751,mm,B,2,1,30,18
G3,2023-07-27,-0.014496192025787365,0.00494969890540162,m,A,2,1,30,18
G3,2023-07-28,86.52540038172728,-46.02223731999782,mm,B,2,1,30,18
G3,2023-07-29,-14.123494796907973,4.498773859236507,mm,A,2,1,30,18
G3,2023-07-30,0.08627950267879425,-0.045483776034110905,m,B,2,1,30,18
G3,2023-07-31,-14.28821843111403,6.326966226662776,mm,A,2,1,30,18
G3,2023-08-01,86.98206168215151,-44.87008342305042,mm,B,2,1,30,18
G3,2023-08-02,-0.012892548222479629,0.005715832357195043,m,A,12,1,30,18
G3,2023-08-03,86.42412348040851,-46.35760290812859,mm,B,2,1,30,18
G3,2023-08-04,-13.61905412077517,3.7539169895223097,mm,A,2,1,30,18
G3,2023-08-05,0.08612271647066369,-0.044778953858070965,m,B,2,0,30,18
G3,2023-08-06,-13.87734125789732,4.7503746461598455,mm,A,2,1,30,18
G3,2023-08-07,86.89313091047889,-44.4341006105741,mm,B,2,1,30,18
G3,2023-08-08,-0.013152005755855123,0.004207333407470094,m,A,2,1,30,18
G3,2023-08-09,86.14682699209648,-45.31620508674379,mm,B,2,1,30,18
G3,2023-08-10,-13.495934407867598,4.064171862740014,mm,A,2,1,30,18
G3,2023-08-11,0.08617861258140226,-0.04511568677863834,m,B,2,1,30,18
G3,2023-08-12,-11.825655034544754,4.509451162827299,mm,A,2,1,30,18
G3,2023-08-13,85.60977707159307,-44.74541330521734,mm,B,2,1,30,18
G3,2023-08-14,-0.012380930537533289,0.004594283636759254,m,A,2,1,30,18
G3,2023-08-15,85.93894356966236,-44.73191111983244,mm,B,2,1,30,18
G3,2023-08-16,-14.598274978157459,4.929036685417531,mm,A,2,1,30,18
G3,2023-08-17,0.08544955376934528,-0.045543162122607145,m,B,2,1,30,18
G3,2023-08-18,-14.256401153634505,4.538882962794323,mm,A,2,1,30,18
G3,2023-08-19,85.61205363841088,-45.01353325030144,mm,B,2,1,30,18
G3,2023-08-20,-0.013102735343067546,0.003906823582327929,m,A,2,1,30,18
G3,2023-08-21,86.50411596186792,-46.34314749234487,mm,B,2,1,30,18
G3,2023-08-22,-15.545625675871019,3.591734403654803,mm,A,2,1,30,18
G3,2023-08-23,0.0868808964443129,-0.04539055889208157,m,B,2,1,30,18
G3,2023-08-24,-13.354589244874528,4.629630882312561,mm,A,2,1,30,18
G3,2023-08-25,85.4290506228731,-45.39654037095459,mm,B,2,1,30,18
G3,2023-08-26,-0.014370576540023512,0.005325217889687353,m,A,2,1,30,18
G3,2023-08-27,85.89563784228987,-45.0702109130093,mm,B,2,1,30,18
G3,2023-08-28,-14.14152256964165,4.078182750086127,mm,A,2,1,30,18
G3,2023-08-29,0.0866466902027558,-0.04530341782399604,m,B,2,1,30,18
G3,2023-08-30,-14.067442252535248,4.94436707519619,mm,A,2,1,30,18
G3,2023-08-31,85.9394086415395,-44.43848775176451,mm,B,2,1,30,18
G3,2023-09-01,-0.014495852871414304,0.004894741243460074,m,A,2,1,30,18
G3,2023-09-02,86.09138329891962,-44.90508738586062,mm,B,12,1,30,18
G3,2023-09-03,-14.46997766916333,4.9410817985729345,mm,A,2,1,30,18
G3,2023-09-04,0.0868817694307713,-0.04639973305476327,m,B,2,1,30,18
G3,2023-09-05,-14.768951072196147,5.496611456582266,mm,A,2,1,30,18
G3,2023-09-06,86.11396811342213,-45.3943314927179,mm,B,2,1,30,18
G3,2023-09-07,-0.013734305424366948,0.004726090043207642,m,A,2,1,30,18
G3,2023-09-08,84.6601868060555,-44.68391596031006,mm,B,2,1,30,18
G3,2023-09-09,-14.097722689716402,4.18593313111562,mm,A,2,1,30,18
G3,2023-09-10,0.0853989831748646,-0.044411969513994676,m,B,2,1,30,18
G3,2023-09-11,-13.818335618640237,5.261655206641277,mm,A,2,1,30,18
G3,2023-09-12,86.41172688592638,-44.68494118045396,mm,B,2,1,30,18
G3,2023-09-13,-0.013670971743854954,0.005289509705447669,m,A,2,1,30,18
G3,2023-09-14,85.91886628837277,-44.63570918738612,mm,B,2,1,30,18
G3,2023-09-15,-13.867653609008245,4.898792038290922,mm,A,2,1,30,18
G3,2023-09-16,0.08553023160427663,-0.04535580927133302,m,B,2,1,30,18
G3,2023-09-17,-13.593436582554803,5.229853929311115,mm,A,2,0,30,18
G3,2023-09-18,85.13418673750992,-45.473553245098465,mm,B,2,1,30,18
G3,2023-09-19,-0.014616088927641737,0.004533889111648705,m,A,2,1,30,18
G3,2023-09-20,86.11433542418158,-44.85926092947688,mm,B,2,1,30,18
G3,2023-09-21,-13.50761393617505,4.768206215137934,mm,A,2,1,30,18
G3,2023-09-22,0.08636516686108894,-0.04535407326474249,m,B,2,1,30,18
G3,2023-09-23,-14.634990085240169,5.464006396831022,mm,A,2,1,30,18
G3,2023-09-24,85.55463649791444,-45.6976206886627,mm,B,2,1,30,18
G3,2023-09-25,-0.014233020054229256,0.005130501903965483,m,A,2,1,30,18
G3,2023-09-26,86.33324703529945,-44.65388950540073,mm,B,2,1,30,18
G3,2023-09-27,-14.478530114096417,4.317099149218366,mm,A,2,1,30,18
G3,2023-09-28,0.08478804713682958,-0.04495710377389422,m,B,2,1,30,18
G3,2023-09-29,-15.34554027365836,4.948810384186937,mm,A,2,1,30,18
G3,2023-09-30,86.20178837333152,-44.335450117684786,mm,B,2,1,30,18
G3,2023-10-01,-0.014988494551255926,0.0037520638800291957,m,A,2,1,30,18
G3,2023-10-02,86.99632562186304,-45.69652810572208,mm,B,2,1,30,18
G3,2023-10-03,-13.961041444087675,4.365108323681233,mm,A,12,1,30,18
G3,2023-10-04,0.08611472272576402,-0.044338748392713005,m,B,2,1,30,18
G3,2023-10-05,-14.567249028619273,3.962004315975596,mm,A,2,1,30,18
G3,2023-10-06,85.67604410499732,-45.120735308026205,mm,B,2,1,30,18
G3,2023-10-07,-0.014409713326067275,0.005393822173776949,m,A,2,1,30,18
G3,2023-10-08,85.10940484140932,-45.85110005462761,mm,B,2,1,30,18
G3,2023-10-09,-14.077920041664349,4.269525095637192,mm,A,2,1,30,18
G3,2023-10-10,0.08583468140056298,-0.04535188456232235,m,B,2,1,30,18
G3,2023-10-11,-14.690683542009632,3.5247538628856345,mm,A,2,1,30,18
G3,2023-10-12,85.53593039658936,-44.72565799090056,mm,B,2,1,30,18
G3,2023-10-13,-0.013815581814483504,0.004077781167802641,m,A,2,1,30,18
G3,2023-10-14,86.12564083118417,-45.6378647746871,mm,B,2,1,30,18
G3,2023-10-15,-14.792202096050477,5.728390814392354,mm,A,2,1,30,18
G3,2023-10-16,0.0838657263809093,-0.0450470609180388,m,B,2,1,30,18
G3,2023-10-17,-14.76033909543451,4.5108314455948335,mm,A,2,1,30,18
G3,2023-10-18,85.8366640415006,-45.17838070209159,mm,B,2,1,30,18
G3,2023-10-19,-0.01284855613343667,0.004650624186722437,m,A,2,1,30,18
G3,2023-10-20,84.76983623056043,-44.718753364104685,mm,B,2,1,30,18
G3,2023-10-21,-14.235910027562465,5.801437077395459,mm,A,2,1,30,18
G3,2023-10-22,0.08690682685415353,-0.044507577167892214,m,B,2,1,30,18
G3,2023-10-23,-14.44166520791726,4.456047861822764,mm,A,2,1,30,18
G3,2023-10-24,85.50695878702857,-44.703138827821846,mm,B,2,1,30,18
G3,2023-10-25,-0.014921122624296066,0.00474157950947394,m,A,2,1,30,18
G3,2023-10-26,84.28821350730541,-44.348821112649375,mm,B,2,1,30,18
G3,2023-10-27,-13.88080312090606,5.586744791839541,mm,A,2,1,30,18
G3,2023-10-28,0.08565055212365108,-0.0446240177788318,m,B,2,1,30,18
G3,2023-10-29,-14.062919290961085,4.66851555592556,mm,A,2,1,30,18
G3,2023-10-30,84.78728230397911,-45.72173197731477,mm,B,2,0,30,18
G3,2023-10-31,-0.015465264601054322,0.003947499059806045,m,A,2,1,30,18
G3,2023-11-01,84.62377757672215,-45.29441181718827,mm,B,2,1,30,18
G3,2023-11-02,-14.457208049969882,4.767522728430747,mm,A,2,1,30,18
G3,2023-11-03,0.08513481656730017,-0.044320877741097754,m,B,12,1,30,18
G3,2023-11-04,-14.711133723751965,3.9223470196123116,mm,A,2,1,30,18
G3,2023-11-05,84.85082288451852,-45.45547317215415,mm,B,2,1,30,18
G3,2023-11-06,-0.014806720762917041,0.005040518644776086,m,A,2,1,30,18
G3,2023-11-07,85.30353825772828,-44.96794309387684,mm,B,2,1,30,18
G3,2023-11-08,-14.927039666255917,4.499609544539769,mm,A,2,1,30,18
G3,2023-11-09,0.08553125567095447,-0.04593299321382955,m,B,2,1,30,18
G3,2023-11-10,-14.21558493029887,5.036633131848543,mm,A,2,1,30,18
G3,2023-11-11,85.473335003898,-45.413837760835264,mm,B,2,1,30,18
G3,2023-11-12,-0.014272863701002707,0.004454434055883898,m,A,2,1,30,18
G3,2023-11-13,85.06909469266415,-44.36948778607528,mm,B,2,1,30,18
G3,2023-11-14,-14.845888849657873,3.8653994368578566,mm,A,2,1,30,18
G3,2023-11-15,0.08544399272942989,-0.04542745582562782,m,B,2,1,30,18
G3,2023-11-16,-14.09599247840615,5.047944066801612,mm,A,2,1,30,18
G3,2023-11-17,84.41079587965655,-45.08852943515618,mm,B,2,1,30,18
G3,2023-11-18,-0.014086729100403253,0.0052052457488878726,m,A,2,1,30,18
G3,2023-11-19,84.96938365246497,-44.19470731912595,mm,B,2,1,30,18
G3,2023-11-20,-15.42755711616289,4.982518751598334,mm,A,2,1,30,18
G3,2023-11-21,0.08527682141830188,-0.04651324793535186,m,B,2,1,30,18
G3,2023-11-22,-14.704286255185115,4.810740740575816,mm,A,2,1,30,18
G3,2023-11-23,85.14053388785027,-45.100515712369706,mm,B,2,1,30,18
G3,2023-11-24,-0.014025932638783217,0.0051612992424049245,m,A,2,1,30,18
G3,2023-11-25,85.09691936248007,-46.791291459422894,mm,B,2,1,30,18
G3,2023-11-26,-15.862226833277138,5.236516755007304,mm,A,2,1,30,18
G3,2023-11-27,0.08513137781816786,-0.044923651487442755,m,B,2,1,30,18
G3,2023-11-28,-14.779069794230024,3.6928601149701334,mm,A,2,1,30,18
G3,2023-11-29,85.81778486663482,-44.206194499908214,mm,B,2,1,30,18
G3,2023-11-30,-0.015216583427272628,0.003357068103252975,m,A,2,1,30,18
G3,2023-12-01,85.88917526085659,-44.13195843329083,mm,B,2,1,30,18
G3,2023-12-02,-15.150240557238316,5.739312749170729,mm,A,2,1,30,18
G3,2023-12-03,0.08587704708219238,-0.04472294951936296,m,B,2,1,30,18
G3,2023-12-04,-14.553991806529284,5.439582320948398,mm,A,12,1,30,18
G3,2023-12-05,85.10258528688847,-45.914296505987856,mm,B,2,1,30,18
G3,2023-12-06,-0.015531935241759061,0.004465463775645042,m,A,2,1,30,18
G3,2023-12-07,85.43874552382911,-44.67261054024321,mm,B,2,1,30,18
G3,2023-12-08,-14.651369933238831,5.287219326221267,mm,A,2,1,30,18
G3,2023-12-09,0.08512716718303308,-0.045082382424077236,m,B,2,1,30,18
G3,2023-12-10,-14.2560683685146,4.819411455327716,mm,A,2,1,30,18
G3,2023-12-11,84.73008162633613,-45.3390875647849,mm,B,2,1,30,18
G3,2023-12-12,-0.015689653151475684,0.005190186048533316,m,A,2,0,30,18
G3,2023-12-13,85.11265992332811,-45.8329066885549,mm,B,2,1,30,18
G3,2023-12-14,-15.356820985057293,4.8890131042964144,mm,A,2,1,30,18
G3,2023-12-15,0.0851901371440399,-0.045148754488306825,m,B,2,1,30,18
G3,2023-12-16,-13.366410077712038,5.9011233603603035,mm,A,2,1,30,18
G3,2023-12-17,85.1903038125423,-45.50013421206503,mm,B,2,1,30,18
G3,2023-12-18,-0.014189510845815736,0.005727017755516576,m,A,2,1,30,18
G3,2023-12-19,85.07531883561691,-44.83446089735178,mm,B,2,1,30,18
G3,2023-12-20,-14.61331305322693,5.501041006029247,mm,A,2,1,30,18
G3,2023-12-21,0.08540904945824285,-0.04460550379913613,m,B,2,1,30,18
G3,2023-12-22,-15.004668144332811,4.926100718051064,mm,A,2,1,30,18
G3,2023-12-23,84.35272521478865,-44.20720976482609,mm,B,2,1,30,18
G3,2023-12-24,-0.014079270143107675,0.005060995087761424,m,A,2,1,30,18
G3,2023-12-25,84.80089020202746,-45.055023706265196,mm,B,2,1,30,18
G3,2023-12-26,-16.38238719989305,4.271177623875451,mm,A,2,1,30,18
G3,2023-12-27,0.08437570096156831,-0.045854327149214856,m,B,2,1,30,18
G3,2023-12-28,-13.840978658521488,4.9448531155743805,mm,A,2,1,30,18
G3,2023-12-29,85.51674661675735,-45.45664762020693,mm,B,2,1,30,18
G3,2023-12-30,-0.014706272902593272,0.005634358189804112,m,A,2,1,30,18
G3,2023-12-31,84.25891523261006,-44.57025194872363,mm,B,2,1,30,18
G4,2019-01-01,2.8234400482748088e-06,-0.0005719760203921528,m,A,12,0,40,24
G4,2019-01-02,100.38262313603147,-50.96782976391199,mm,B,2,1,40,24
G4,2019-01-03,0.21623985690126732,-0.9013900718006036,mm,A,2,1,40,24
G4,2019-01-04,0.09997459118875834,-0.05086955276660338,m,B,2,1,40,24
G4,2019-01-05,0.04819065969456558,-0.08903176311487193,mm,A,2,1,40,24
G4,2019-01-06,100.11968931118653,-50.95837431715512,mm,B,2,1,40,24
G4,2019-01-07,-0.0002726358357262202,-0.0002123634754178259,m,A,2,1,40,24
G4,2019-01-08,99.60741455538681,-50.316767111322285,mm,B,2,1,40,24
G4,2019-01-09,0.9769893364010855,-0.7782201551548142,mm,A,2,1,40,24
G4,2019-01-10,0.09974573278670315,-0.05034400251727053,m,B,2,1,40,24
G4,2019-01-11,1.43240653577509,0.3862362612942332,mm,A,2,1,40,24
G4,2019-01-12,99.34680102673636,-48.294725475453895,mm,B,2,1,40,24
G4,2019-01-13,0.001112985893119678,-0.0007459241881358743,m,A,2,1,40,24
G4,2019-01-14,98.46950261420031,-50.65727528941487,mm,B,2,1,40,24
G4,2019-01-15,-0.35726539138701513,1.2518676574335261,mm,A,2,1,40,24
G4,2019-01-16,0.09996075292992603,-0.05050727039733794,m,B,2,1,40,24
G4,2019-01-17,-0.09958922593500205,0.012399994865096506,mm,A,2,1,40,24
G4,2019-01-18,99.67941000841667,-50.68286476848169,mm,B,2,1,40,24
G4,2019-01-19,-0.00047341947724780913,-0.0001072582956459096,m,A,2,1,40,24
G4,2019-01-20,99.73707923787353,-49.35666184532543,mm,B,2,1,40,24
G4,2019-01-21,-0.14023977687891587,0.39837078095141165,mm,A,2,1,40,24
G4,2019-01-22,0.09990183332920029,-0.05055738469553663,m,B,2,1,40,24
G4,2019-01-23,-0.3538700464603818,-0.012573332832845285,mm,A,2,1,40,24
G4,2019-01-24,100.40921551019179,-49.62537292801164,mm,B,2,1,40,24
G4,2019-01-25,0.000671088955445728,0.00035957265663257097,m,A,2,1,40,24
G4,2019-01-26,99.89853737045009,-49.89061524767851,mm,B,2,1,40,24
G4,2019-01-27,-1.0951226952457787,-0.6807061326169012,mm,A,2,1,40,24
G4,2019-01-28,0.09963563804763181,-0.049829528746317284,m,B,2,1,40,24
G4,2019-01-29,0.6091599836200259,0.7184912965286826,mm,A,2,1,40,24
G4,2019-01-30,100.08559736346409,-50.50755848213873,mm,B,2,1,40,24
G4,2019-01-31,0.00024405863458823104,0.0005528207071988346,m,A,2,1,40,24
G4,2019-02-01,100.0759703121695,-50.859747848921,mm,B,12,1,40,24
G4,2019-02-02,0.08358660408342641,-1.019119524801397,mm,A,2,1,40,24
G4,2019-02-03,0.0995162099429877,-0.05120654041215302,m,B,2,1,40,24
G4,2019-02-04,1.3581410536562701,-0.11130765177563909,mm,A,2,1,40,24
G4,2019-02-05,100.28178609202027,-49.923387225684415,mm,B,2,1,40,24
G4,2019-02-06,-0.0005725390751795385,0.0007720911230223586,m,A,2,1,40,24
G4,2019-02-07,100.16897666745948,-49.37573289878327,mm,B,2,1,40,24
G4,2019-02-08,-0.9963971413371928,0.15212193219814935,mm,A,2,1,40,24
G4,2019-02-09,0.1007606542700712,-0.050671724623784456,m,B,2,1,40,24
G4,2019-02-10,-0.19201663343691905,-0.5263175852180321,mm,A,2,1,40,24
G4,2019-02-11,100.67335915099515,-49.845730275681106,mm,B,2,1,40,24
G4,2019-02-12,-0.0003951478583480523,0.00011066972286735103,m,A,2,1,40,24
G4,2019-02-13,100.21533006739455,-50.37310391281614,mm,B,2,0,40,24
G4,2019-02-14,0.32273288520137833,-0.4079752473998098,mm,A,2,1,40,24
G4,2019-02-15,0.10045630533540703,-0.051477024780578036,m,B,2,1,40,24
G4,2019-02-16,-0.482416186264054,-0.21497257820338056,mm,A,2,1,40,24
G4,2019-02-17,99.87428845988575,-50.93421031251431,mm,B,2,1,40,24
G4,2019-02-18,0.0001542653899060103,0.0004929023115650044,m,A,2,1,40,24
G4,2019-02-19,100.57731626103283,-50.80384766490924,mm,B,2,1,40,24
G4,2019-02-20,0.045087317100168875,-0.8147982977923268,mm,A,2,1,40,24
G4,2019-02-21,0.10058951282847226,-0.049546752583213435,m,B,2,1,40,24
G4,2019-02-22,-0.03606085720868482,-0.08412405993338065,mm,A,2,1,40,24
G4,2019-02-23,100.22742557053358,-49.43467466024309,mm,B,2,1,40,24
G4,2019-02-24,0.0005279747413896262,6.286363348400897e-05,m,A,2,1,40,24
G4,2019-02-25,100.21155068973508,-50.25395070556873,mm,B,2,1,40,24
G4,2019-02-26,1.081522980028346,-0.30967378348818975,mm,A,2,1,40,24
G4,2019-02-27,0.09975442293370161,-0.05038574989193632,m,B,2,1,40,24
G4,2019-02-28,-0.02520701667131106,-0.1830399546594433,mm,A,2,1,40,24
G4,2019-03-01,98.97909320591023,-49.74077351662439,mm,B,2,1,40,24
G4,2019-03-02,0.0006531240323979468,-6.760401953043505e-06,m,A,2,1,40,24
G4,2019-03-03,100.23525107112953,-49.704017218240196,mm,B,2,1,40,24
G4,2019-03-04,-0.08515536981752717,-0.824126707917203,mm,A,12,1,40,24
G4,2019-03-05,0.100619273652615,-0.05040415762130008,m,B,2,1,40,24
G4,2019-03-06,-1.4674378836372495,-0.20798686215200157,mm,A,2,1,40,24
G4,2019-03-07,101.44801030568307,-49.71362061004484,mm,B,2,1,40,24
G4,2019-03-08,0.0007274965724980173,-0.00018278650902578536,m,A,2,1,40,24
G4,2019-03-09,101.02109271333343,-50.472056539382315,mm,B,2,1,40,24
G4,2019-03-10,0.7791955278947085,-0.3054908229735399,mm,A,2,1,40,24
G4,2019-03-11,0.10042488595271169,-0.050013874366837824,m,B,2,1,40,24
G4,2019-03-12,-0.10480000874659806,-0.9288256007989678,mm,A,2,1,40,24
G4,2019-03-13,100.06215941571332,-49.91545504013618,mm,B,2,1,40,24
G4,2019-03-14,0.0010264177320009216,-0.001293179371906411,m,A,2,1,40,24
G4,2019-03-15,99.93880807842757,-51.20460045237233,mm,B,2,1,40,24
G4,2019-03-16,-0.0038274255212723818,0.038199877067786714,mm,A,2,1,40,24
G4,2019-03-17,0.10081494448526387,-0.050286496760690885,m,B,2,1,40,24
G4,2019-03-18,0.5460691274718092,-1.7805544701983742,mm,A,2,1,40,24
G4,2019-03-19,100.997832496659,-51.15769179992696,mm,B,2,1,40,24
G4,2019-03-20,0.0009347596873992561,-0.0009152026742116037,m,A,2,1,40,24
G4,2019-03-21,101.16775780760514,-49.868711851640136,mm,B,2,1,40,24
G4,2019-03-22,-0.21388414236985326,-0.27513231305603597,mm,A,2,1,40,24
G4,2019-03-23,0.10114112743186301,-0.05095443782591139,m,B,2,1,40,24
G4,2019-03-24,1.5050305396765147,-0.8911157190719317,mm,A,2,1,40,24
G4,2019-03-25,100.71023469775486,-51.105012884507246,mm,B,2,1,40,24
G4,2019-03-26,0.00034783873360296933,0.0006379210797307616,m,A,2,1,40,24
G4,2019-03-27,99.94471875247193,-50.05445635977785,mm,B,2,1,40,24
G4,2019-03-28,-0.5697117336712362,-0.5482234609794524,mm,A,2,0,40,24
G4,2019-03-29,0.10120920341398663,-0.049496543713032894,m,B,2,1,40,24
G4,2019-03-30,-0.2660412390788008,-0.4662184129488222,mm,A,2,1,40,24
G4,2019-03-31,100.68332722457798,-50.1724993674593,mm,B,2,1,40,24
G4,2019-04-01,0.00012944604210639055,-6.114861571178603e-05,m,A,2,1,40,24
G4,2019-04-02,100.26673908554321,-50.608155215103636,mm,B,2,1,40,24
G4,2019-04-03,1.5089917677429416,-1.4626198951654819,mm,A,2,1,40,24
G4,2019-04-04,0.10018339106453254,-0.05079492980332884,m,B,12,1,40,24
G4,2019-04-05,0.09951581935404477,-1.465039026383088,mm,A,2,1,40,24
G4,2019-04-06,99.75174388905454,-50.8538944536224,mm,B,2,1,40,24
G4,2019-04-07,-7.04268043145917e-05,-6.797885799144771e-05,m,A,2,1,40,24
G4,2019-04-08,100.14891895983655,-49.70045384050285,mm,B,2,1,40,24
G4,2019-04-09,0.9578633661933413,-0.4266634574759201,mm,A,2,1,40,24
G4,2019-04-10,0.1012499305874965,-0.05063129367738891,m,B,2,1,40,24
G4,2019-04-11,0.28166867921467,0.139349468796092,mm,A,2,1,40,24
G4,2019-04-12,100.07338908076073,-50.80036254606678,mm,B,2,1,40,24
G4,2019-04-13,0.00017701135312482742,-0.0004456772475105033,m,A,2,1,40,24
G4,2019-04-14,100.35803855485636,-51.22749947336167,mm,B,2,1,40,24
G4,2019-04-15,-0.4394751672092417,-0.2305391719005812,mm,A,2,1,40,24
G4,2019-04-16,0.1001146820611219,-0.05009453720986681,m,B,2,1,40,24
G4,2019-04-17,0.42780887299533854,-1.2556099118904913,mm,A,2,1,40,24
G4,2019-04-18,98.58587378304652,-51.02532675438555,mm,B,2,1,40,24
G4,2019-04-19,0.0005004586134619167,-0.00036243624732371635,m,A,2,1,40,24
G4,2019-04-20,100.5382985592824,-50.506851060931176,mm,B,2,1,40,24
G4,2019-04-21,-0.009736565875994418,-0.26782224464341253,mm,A,2,1,40,24
G4,2019-04-22,0.1010563651147074,-0.051677773451221404,m,B,2,1,40,24
G4,2019-04-23,0.1813765728466934,-0.28596345275340646,mm,A,2,1,40,24
G4,2019-04-24,100.43241927546877,-51.28226026812898,mm,B,2,1,40,24
G4,2019-04-25,-3.084431182352099e-05,-0.0009602575221122067,m,A,2,1,40,24
G4,2019-04-26,100.6856131780887,-51.81115849613489,mm,B,2,1,40,24
G4,2019-04-27,1.0941623687815463,-0.5231333324686283,mm,A,2,1,40,24
G4,2019-04-28,0.1002639069788474,-0.05095724867209357,m,B,2,1,40,24
G4,2019-04-29,-0.03716236233238862,-1.2420477150075153,mm,A,2,1,40,24
G4,2019-04-30,100.22170105248442,-50.758277385640234,mm,B,2,1,40,24
G4,2019-05-01,0.0012224920488026756,-0.00123805153109224,m,A,2,1,40,24
G4,2019-05-02,101.29501632335668,-51.14022309386283,mm,B,2,1,40,24
G4,2019-05-03,-0.2407038045206668,-0.39710320921892645,mm,A,2,1,40,24
G4,2019-05-04,0.1002226861478054,-0.04982699470646522,m,B,2,1,40,24
G4,2019-05-05,0.21404500249542704,-0.5847457860513147,mm,A,12,1,40,24
G4,2019-05-06,100.41058536772515,-50.09796495273826,mm,B,2,1,40,24
G4,2019-05-07,0.001098684788858971,-0.0007299940700508967,m,A,2,1,40,24
G4,2019-05-08,99.08691654255134,-51.076393947996834,mm,B,2,1,40,24
G4,2019-05-09,0.5697426995053565,-0.17187364811942918,mm,A,2,1,40,24
G4,2019-05-10,0.099756299280989,-0.05112221931645497,m,B,2,0,40,24
G4,2019-05-11,0.4202293227349989,-1.3443736807594031,mm,A,2,1,40,24
G4,2019-05-12,100.36874767532548,-50.44310758100032,mm,B,2,1,40,24
G4,2019-05-13,0.00016775737845354404,-0.0017665316576075797,m,A,2,1,40,24
G4,2019-05-14,100.59383246305252,-50.46800882533706,mm,B,2,1,40,24
G4,2019-05-15,0.3731230635227123,0.9302381399215361,mm,A,2,1,40,24
G4,2019-05-16,0.09909359602513429,-0.050767317903107935,m,B,2,1,40,24
G4,2019-05-17,0.5819050685030294,-1.1167723570202543,mm,A,2,1,40,24
G4,2019-05-18,99.05493824183392,-51.137039067866866,mm,B,2,1,40,24
G4,2019-05-19,-0.0003466608038178766,-0.0006113696643024843,m,A,2,1,40,24
G4,2019-05-20,100.99359784345002,-51.11655835787863,mm,B,2,1,40,24
G4,2019-05-21,1.0162803088077603,-1.176790602017297,mm,A,2,1,40,24
G4,2019-05-22,0.09953227485129798,-0.05156260864835936,m,B,2,1,40,24
G4,2019-05-23,-0.4788914883392832,-0.08964326120557209,mm,A,2,1,40,24
G4,2019-05-24,100.05756334497137,-51.20534957374845,mm,B,2,1,40,24
G4,2019-05-25,0.0011265424181853057,-0.0013856194769822023,m,A,2,1,40,24
G4,2019-05-26,100.03247885705949,-50.84252049210494,mm,B,2,1,40,24
G4,2019-05-27,0.9402225707695626,-0.8011656958700959,mm,A,2,1,40,24
G4,2019-05-28,0.10007859032932419,-0.050695623974731915,m,B,2,1,40,24
G4,2019-05-29,1.6678982756559535,-1.1218986055386329,mm,A,2,1,40,24
G4,2019-05-30,100.56134769651143,-51.649127431761755,mm,B,2,1,40,24
G4,2019-05-31,0.0004941310527977116,-0.0007282202335155395,m,A,2,1,40,24
G4,2019-06-01,100.84301744070898,-50.03549694808395,mm,B,2,1,40,24
G4,2019-06-02,0.34656221016507255,0.04864357418724663,mm,A,2,1,40,24
G4,2019-06-03,0.10050407329858413,-0.05061978975182181,m,B,2,1,40,24
G4,2019-06-04,0.4969560759791242,-1.0517469188536757,mm,A,2,1,40,24
G4,2019-06-05,100.294971425196,-51.23486049233226,mm,B,12,1,40,24
G4,2019-06-06,0.0002864496573803048,-0.0013947274087512027,m,A,2,1,40,24
G4,2019-06-07,99.23510048227277,-50.02019557616278,mm,B,2,1,40,24
G4,2019-06-08,-0.17928227640600464,-1.3188987885723877,mm,A,2,1,40,24
G4,2019-06-09,0.10088367447048757,-0.0511294683865902,m,B,2,1,40,24
G4,2019-06-10,0.6709704761126212,-0.548366744325645,mm,A,2,1,40,24
G4,2019-06-11,101.24018051310777,-50.338815617368084,mm,B,2,1,40,24
G4,2019-06-12,0.0002865879390969531,-0.0014599874164053573,m,A,2,1,40,24
G4,2019-06-13,100.13498314384488,-50.12178298400132,mm,B,2,1,40,24
G4,2019-06-14,1.2529228645118882,-1.4380959709739018,mm,A,2,1,40,24
G4,2019-06-15,0.10009491331539715,-0.050083229963219726,m,B,2,1,40,24
G4,2019-06-16,0.7779044716329135,-0.6012088317513675,mm,A,2,1,40,24
G4,2019-06-17,100.72384799146504,-51.66992256731693,mm,B,2,1,40,24
G4,2019-06-18,0.00016463199562568638,-0.0006389750410718198,m,A,2,1,40,24
G4,2019-06-19,99.74677879638637,-51.77527907265786,mm,B,2,1,40,24
G4,2019-06-20,0.7817648644038415,-1.04178079848232,mm,A,2,1,40,24
G4,2019-06-21,0.10024421586381695,-0.049547541651950806,m,B,2,1,40,24
G4,2019-06-22,0.6144285129312774,-1.1024150470956633,mm,A,2,0,40,24
G4,2019-06-23,100.356871248481,-50.647047090773306,mm,B,2,1,40,24
G4,2019-06-24,0.0010769780919624914,-0.0012385394055862307,m,A,2,1,40,24
G4,2019-06-25,99.52858054937246,-50.528811794493386,mm,B,2,1,40,24
G4,2019-06-26,0.18165463763255524,0.07766768823073233,mm,A,2,1,40,24
G4,2019-06-27,0.1008383470035305,-0.05175282100164244,m,B,2,1,40,24
G4,2019-06-28,1.023193183874126,-1.246590419637263,mm,A,2,1,40,24
G4,2019-06-29,100.1345166700873,-50.406053169587125,mm,B,2,1,40,24
G4,2019-06-30,-0.00019680577089387641,-4.214970993587164e-05,m,A,2,1,40,24
G4,2019-07-01,100.94330417239654,-50.95748112132473,mm,B,2,1,40,24
G4,2019-07-02,1.383789778635728,-1.4577771665802408,mm,A,2,1,40,24
G4,2019-07-03,0.09967180124996376,-0.050884755865564076,m,B,2,1,40,24
G4,2019-07-04,0.04059933867916782,-0.29245862723081695,mm,A,2,1,40,24
G4,2019-07-05,100.56249395397084,-51.21435374623897,mm,B,2,1,40,24
G4,2019-07-06,0.0004608810979933838,-0.0011038023745585637,m,A,12,1,40,24
G4,2019-07-07,100.51471787375715,-51.472826597055764,mm,B,2,1,40,24
G4,2019-07-08,0.9142158738964328,-1.223255232049606,mm,A,2,1,40,24
G4,2019-07-09,0.10078024890140475,-0.05053632979530571,m,B,2,1,40,24
G4,2019-07-10,-0.5759789133879517,-1.035774367359732,mm,A,2,1,40,24
G4,2019-07-11,101.19858911781047,-50.93853795072348,mm,B,2,1,40,24
G4,2019-07-12,0.00033199724406613097,-0.0012561559723979505,m,A,2,1,40,24
G4,2019-07-13,100.13289180508443,-51.54868120968066,mm,B,2,1,40,24
G4,2019-07-14,0.6484399481516047,-1.7789879379726834,mm,A,2,1,40,24
G4,2019-07-15,0.10081162769999776,-0.05007949313975282,m,B,2,1,40,24
G4,2019-07-16,0.6286763443088614,-1.4594311354705822,mm,A,2,1,40,24
G4,2019-07-17,101.02472200360613,-50.92643641914083,mm,B,2,1,40,24
G4,2019-07-18,-0.0006993235416292716,-0.0019164146479631339,m,A,2,1,40,24
G4,2019-07-19,100.88322654724041,-50.15688854320551,mm,B,2,1,40,24
G4,2019-07-20,1.494946406124103,-2.196277036231641,mm,A,2,1,40,24
G4,2019-07-21,0.09954592155694555,-0.0500505641285007,m,B,2,1,40,24
G4,2019-07-22,0.33204203091870405,-1.7324602829207914,mm,A,2,1,40,24
G4,2019-07-23,101.48010175655637,-50.77866325013727,mm,B,2,1,40,24
G4,2019-07-24,-0.0002316146327272418,-0.0013584733719770449,m,A,2,1,40,24
G4,2019-07-25,100.43722135511041,-51.423120258895665,mm,B,2,1,40,24
G4,2019-07-26,-0.5400411274110808,-0.5085216385344324,mm,A,2,1,40,24
G4,2019-07-27,0.10151708152108956,-0.0504321639056109,m,B,2,1,40,24
G4,2019-07-28,-0.6833008084026287,0.13227245433890555,mm,A,2,1,40,24
G4,2019-07-29,101.07103994461013,-50.33882157241504,mm,B,2,1,40,24
G4,2019-07-30,0.0009873065661592656,-0.0010423024165295818,m,A,2,1,40,24
G4,2019-07-31,100.260427255777,-51.99473090879913,mm,B,2,1,40,24
G4,2019-08-01,0.7847345160050943,-0.8080554498838628,mm,A,2,1,40,24
G4,2019-08-02,0.10092365430360435,-0.050098540431057485,m,B,2,1,40,24
G4,2019-08-03,0.8254602462485726,-2.17394826716328,mm,A,2,1,40,24
G4,2019-08-04,100.23713457860902,-50.53518734971206,mm,B,2,0,40,24
G4,2019-08-05,0.0009156628223781617,-0.0015352974053971426,m,A,2,1,40,24
G4,2019-08-06,99.85535313553525,-50.356965573954206,mm,B,12,1,40,24
G4,2019-08-07,0.46215305513020033,-0.9848664620277212,mm,A,2,1,40,24
G4,2019-08-08,0.10072472579433396,-0.051039712645823646,m,B,2,1,40,24
G4,2019-08-09,0.47072071627394674,-0.8272947749652817,mm,A,2,1,40,24
G4,2019-08-10,100.70387180712427,-50.385525564955536,mm,B,2,1,40,24
G4,2019-08-11,0.0009668938277177515,-0.0012023353008744644,m,A,2,1,40,24
G4,2019-08-12,100.66140990436358,-51.583189376489486,mm,B,2,1,40,24
G4,2019-08-13,1.1574775695652129,-1.7888952211442901,mm,A,2,1,40,24
G4,2019-08-14,0.09928984557816872,-0.05045056221847401,m,B,2,1,40,24
G4,2019-08-15,-0.24168840624548882,-2.5960903268418942,mm,A,2,1,40,24
G4,2019-08-16,99.97616838794211,-51.7232564443775,mm,B,2,1,40,24
G4,2019-08-17,-0.0010519706187493041,-0.0018707522907042233,m,A,2,1,40,24
G4,2019-08-18,101.989041209679,-51.90380645848053,mm,B,2,1,40,24
G4,2019-08-19,0.753365855072801,-1.0093087493981103,mm,A,2,1,40,24
G4,2019-08-20,0.102278052483197,-0.051487578932722336,m,B,2,1,40,24
G4,2019-08-21,0.7299925933314129,-0.8467794270125322,mm,A,2,1,40,24
G4,2019-08-22,100.51810079475607,-51.90975786649811,mm,B,2,1,40,24
G4,2019-08-23,0.0010675692181761802,-0.001373932854098891,m,A,2,1,40,24
G4,2019-08-24,100.72292095433046,-51.778794628396284,mm,B,2,1,40,24
G4,2019-08-25,1.391564535207865,-1.7796678513300304,mm,A,2,1,40,24
G4,2019-08-26,0.1004217312332494,-0.05136114012372651,m,B,2,1,40,24
G4,2019-08-27,1.0852736198593913,-0.6472464113050435,mm,A,2,1,40,24
G4,2019-08-28,100.72102126568255,-51.0066852940665,mm,B,2,1,40,24
G4,2019-08-29,0.00044445991874506,-0.0005598827974969104,m,A,2,1,40,24
G4,2019-08-30,100.90018978625437,-50.65937820370586,mm,B,2,1,40,24
G4,2019-08-31,1.2195297859343366,-1.276270628232586,mm,A,2,1,40,24
G4,2019-09-01,0.10065562476790128,-0.050844055360526524,m,B,2,1,40,24
G4,2019-09-02,0.5578462764596774,-1.7794008594835016,mm,A,2,1,40,24
G4,2019-09-03,100.34763665317433,-51.21072812289244,mm,B,2,1,40,24
G4,2019-09-04,6.14626825960708e-05,-0.0007139946805863103,m,A,2,1,40,24
G4,2019-09-05,100.5484403969226,-51.065958377766314,mm,B,2,1,40,24
G4,2019-09-06,1.1666649826309858,-0.45513748145234056,mm,A,12,1,40,24
G4,2019-09-07,0.09935076214238006,-0.05126790306308232,m,B,2,1,40,24
G4,2019-09-08,1.4042466758946932,-1.9533699606281532,mm,A,2,1,40,24
G4,2019-09-09,100.72067683376247,-51.81326262308001,mm,B,2,1,40,24
G4,2019-09-10,0.0005012396166291697,-0.0007321379475837893,m,A,2,1,40,24
G4,2019-09-11,101.08325136446969,-50.544069296849145,mm,B,2,1,40,24
G4,2019-09-12,0.33356398862192776,-1.9865136425978334,mm,A,2,1,40,24
G4,2019-09-13,0.10008256973052695,-0.0517402646085199,m,B,2,1,40,24
G4,2019-09-14,1.7362765609156026,-2.466738123032794,mm,A,2,1,40,24
G4,2019-09-15,100.49114165600282,-52.03881871686818,mm,B,2,1,40,24
G4,2019-09-16,0.0003587995501480413,-0.001980500551969948,m,A,2,0,40,24
G4,2019-09-17,101.42456284283806,-52.59571072552489,mm,B,2,1,40,24
G4,2019-09-18,-0.7772963682410758,-1.7113637669643864,mm,A,2,1,40,24
G4,2019-09-19,0.10079623517174531,-0.05137406344865414,m,B,2,1,40,24
G4,2019-09-20,0.746373318671288,-1.5293345028022263,mm,A,2,1,40,24
G4,2019-09-21,101.58257417944675,-50.16534564299029,mm,B,2,1,40,24
G4,2019-09-22,-1.9143444335069094e-05,-0.0008958637479227245,m,A,2,1,40,24
G4,2019-09-23,101.4006274274933,-51.69732788816743,mm,B,2,1,40,24
G4,2019-09-24,1.8384229521823066,-2.4544790789770414,mm,A,2,1,40,24
G4,2019-09-25,0.10120823781325283,-0.0511288435301955,m,B,2,1,40,24
G4,2019-09-26,0.9185703253347212,-1.3441073646094068,mm,A,2,1,40,24
G4,2019-09-27,100.33794765853318,-51.091716883809795,mm,B,2,1,40,24
G4,2019-09-28,0.00018204791740827176,-0.001228914419856597,m,A,2,1,40,24
G4,2019-09-29,100.78055609072496,-51.57833054665349,mm,B,2,1,40,24
G4,2019-09-30,1.0544309982176636,-2.049410311616616,mm,A,2,1,40,24
G4,2019-10-01,0.10117407204232218,-0.05186028770024294,m,B,2,1,40,24
G4,2019-10-02,1.1510470225877685,-1.6336798174109033,mm,A,2,1,40,24
G4,2019-10-03,100.26317534367773,-51.0117304705006,mm,B,2,1,40,24
G4,2019-10-04,0.0008718010709440366,-0.0015703640752074944,m,A,2,1,40,24
G4,2019-10-05,99.75102487263482,-51.177651534684465,mm,B,2,1,40,24
G4,2019-10-06,1.4066682298427424,-2.0284777222014827,mm,A,2,1,40,24
G4,2019-10-07,0.10071003499046992,-0.05130304045290143,m,B,12,1,40,24
G4,2019-10-08,1.226251180267919,-1.8421611146999628,mm,A,2,1,40,24
G4,2019-10-09,100.2273476958014,-51.36841189323728,mm,B,2,1,40,24
G4,2019-10-10,0.0007835224738325053,-0.0012618779026791057,m,A,2,1,40,24
G4,2019-10-11,101.67958829119613,-52.16567024584048,mm,B,2,1,40,24
G4,2019-10-12,0.8277814478936704,-1.9770725702753518,mm,A,2,1,40,24
G4,2019-10-13,0.10095863459518784,-0.05197177301451838,m,B,2,1,40,24
G4,2019-10-14,1.1015922873306532,-1.6620301175790864,mm,A,2,1,40,24
G4,2019-10-15,101.51051097850326,-51.24003198927395,mm,B,2,1,40,24
G4,2019-10-16,0.0006674009487185877,-0.0023821946374023408,m,A,2,1,40,24
G4,2019-10-17,99.74504043352299,-50.889231049645396,mm,B,2,1,40,24
G4,2019-10-18,1.6199808378378564,-0.7292781199987123,mm,A,2,1,40,24
G4,2019-10-19,0.10116492724712056,-0.05177057747559576,m,B,2,1,40,24
G4,2019-10-20,0.7566955602697635,-1.5189251643584734,mm,A,2,1,40,24
G4,2019-10-21,101.31932585733493,-52.03665385475064,mm,B,2,1,40,24
G4,2019-10-22,0.001467146362099483,-0.0014790891120062427,m,A,2,1,40,24
G4,2019-10-23,101.28018611992971,-51.93822921025945,mm,B,2,1,40,24
G4,2019-10-24,0.11929114455104428,-0.3766518685763087,mm,A,2,1,40,24
G4,2019-10-25,0.10067780301094477,-0.052008482027871984,m,B,2,1,40,24
G4,2019-10-26,1.3746709152719985,-0.8513254834397478,mm,A,2,1,40,24
G4,2019-10-27,100.44382402746426,-51.0094084135211,mm,B,2,1,40,24
G4,2019-10-28,0.0005214998392189011,-0.0017679281975646556,m,A,2,1,40,24
G4,2019-10-29,100.12705568304315,-52.00178392159512,mm,B,2,0,40,24
G4,2019-10-30,-0.012247450260528647,-0.4823351137830203,mm,A,2,1,40,24
G4,2019-10-31,0.1012247263148745,-0.05083273909724424,m,B,2,1,40,24
G4,2019-11-01,0.7419334887997685,-1.231791518647895,mm,A,2,1,40,24
G4,2019-11-02,101.70796057400779,-52.314754206482284,mm,B,2,1,40,24
G4,2019-11-03,0.0007243904889164134,-9.52892006532946e-05,m,A,2,1,40,24
G4,2019-11-04,101.67213829193558,-51.78607204306731,mm,B,2,1,40,24
G4,2019-11-05,0.4106971736850029,-1.5611336706453534,mm,A,2,1,40,24
G4,2019-11-06,0.100961811317717,-0.052078953323907745,m,B,2,1,40,24
G4,2019-11-07,1.1901263883216604,-2.0908748316422385,mm,A,12,1,40,24
G4,2019-11-08,100.04851912909564,-51.117445791403696,mm,B,2,1,40,24
G4,2019-11-09,0.0012020439599856932,-0.001559442292073516,m,A,2,1,40,24
G4,2019-11-10,101.10084318713086,-51.298364502531086,mm,B,2,1,40,24
G4,2019-11-11,1.2043187804839084,-2.986026402474751,mm,A,2,1,40,24
G4,2019-11-12,0.10098468014680965,-0.05171577032703772,m,B,2,1,40,24
G4,2019-11-13,0.9926649017156791,-1.6471038706979382,mm,A,2,1,40,24
G4,2019-11-14,101.14732069468877,-51.85952688649575,mm,B,2,1,40,24
G4,2019-11-15,0.0006320576022212698,-0.000722018659111772,m,A,2,1,40,24
G4,2019-11-16,100.35643228366503,-51.10118069605759,mm,B,2,1,40,24
G4,2019-11-17,-0.04553875604561919,-1.0993212235848233,mm,A,2,1,40,24
G4,2019-11-18,0.10126960506789583,-0.05263800025248828,m,B,2,1,40,24
G4,2019-11-19,-0.05296427189026376,-1.5471400842089058,mm,A,2,1,40,24
G4,2019-11-20,101.50955684684389,-51.483663946456765,mm,B,2,1,40,24
G4,2019-11-21,0.00035481628190780503,-0.002135597855880101,m,A,2,1,40,24
G4,2019-11-22,100.607917999012,-51.37168626112891,mm,B,2,1,40,24
G4,2019-11-23,0.5411925946065517,-2.022715540204255,mm,A,2,1,40,24
G4,2019-11-24,0.1006231868196792,-0.05244996139810253,m,B,2,1,40,24
G4,2019-11-25,1.8737423627954608,-2.054659789851973,mm,A,2,1,40,24
G4,2019-11-26,100.84894568145256,-50.912859866109315,mm,B,2,1,40,24
G4,2019-11-27,0.001770037838113706,-0.002104359871604505,m,A,2,1,40,24
G4,2019-11-28,101.61308230648538,-51.46470743042751,mm,B,2,1,40,24
G4,2019-11-29,-0.29419109575700597,-2.939406919507555,mm,A,2,1,40,24
G4,2019-11-30,0.09990764624417278,-0.051615526260930224,m,B,2,1,40,24
G4,2019-12-01,1.826136135073848,-2.5091891322628737,mm,A,2,1,40,24
G4,2019-12-02,101.59024791494718,-52.64808143176004,mm,B,2,1,40,24
G4,2019-12-03,0.0015078227562898955,-0.0016892401266209824,m,A,2,1,40,24
G4,2019-12-04,99.94847285025233,-52.23873797777458,mm,B,2,1,40,24
G4,2019-12-05,1.251022937265206,-1.9826252529817023,mm,A,2,1,40,24
G4,2019-12-06,0.10162939211062251,-0.05189763220844029,m,B,2,1,40,24
G4,2019-12-07,0.6973653146275902,-1.312336225596436,mm,A,2,1,40,24
G4,2019-12-08,100.76483385966341,-51.17208956458395,mm,B,12,1,40,24
G4,2019-12-09,0.0007102066524689405,-0.0016869097714090782,m,A,2,1,40,24
G4,2019-12-10,100.73525892057864,-52.45533122313524,mm,B,2,1,40,24
G4,2019-12-11,1.4495089254471782,-2.5580447203001966,mm,A,2,0,40,24
G4,2019-12-12,0.1013219804958427,-0.052734230516469985,m,B,2,1,40,24
G4,2019-12-13,1.07184270914772,-1.0068211374066074,mm,A,2,1,40,24
G4,2019-12-14,100.6825640508771,-51.81481372102474,mm,B,2,1,40,24
G4,2019-12-15,0.001034468440322728,-0.002056523201086693,m,A,2,1,40,24
G4,2019-12-16,100.78300830270781,-51.97805365819281,mm,B,2,1,40,24
G4,2019-12-17,1.0560166143210754,-1.9164522048512025,mm,A,2,1,40,24
G4,2019-12-18,0.10064563640999882,-0.051939106303162674,m,B,2,1,40,24
G4,2019-12-19,1.0905121879847384,-1.6825917216934556,mm,A,2,1,40,24
G4,2019-12-20,101.29765007866962,-52.03056736139856,mm,B,2,1,40,24
G4,2019-12-21,0.0011922861081176163,-0.0022273909065045924,m,A,2,1,40,24
G4,2019-12-22,102.01932226451841,-52.277661824582026,mm,B,2,1,40,24
G4,2019-12-23,1.024128182696811,-1.5272673448774525,mm,A,2,1,40,24
G4,2019-12-24,0.10195712743264913,-0.051293380923811964,m,B,2,1,40,24
G4,2019-12-25,1.333798904275894,-1.5461394698893003,mm,A,2,1,40,24
G4,2019-12-26,101.49516891367462,-52.023824272175496,mm,B,2,1,40,24
G4,2019-12-27,0.0029854141926415156,-0.0020251057560232346,m,A,2,1,40,24
G4,2019-12-28,100.5822623975621,-51.409498046415884,mm,B,2,1,40,24
G4,2019-12-29,2.1561788259750463,-1.650549698717323,mm,A,2,1,40,24
G4,2019-12-30,0.10134958397583696,-0.05232459801813437,m,B,2,1,40,24
G4,2019-12-31,1.4842353737566962,-1.9316871899426555,mm,A,2,1,40,24
G4,2020-01-01,101.43546832486946,-51.538443457629114,mm,B,2,1,40,24
G4,2020-01-02,0.0008615828720821331,-0.0019367817937527448,m,A,2,1,40,24
G4,2020-01-03,99.71663341041054,-52.574668644298114,mm,B,2,1,40,24
G4,2020-01-04,1.0909594036297214,-1.9688558600586152,mm,A,2,1,40,24
G4,2020-01-05,0.10089847384083046,-0.05156196928913897,m,B,2,1,40,24
G4,2020-01-06,1.0635050661026857,-1.635478950936444,mm,A,2,1,40,24
G4,2020-01-07,100.14435875981644,-51.3301983893005,mm,B,2,1,40,24
G4,2020-01-08,0.0011727715190432949,-0.0023987712318258615,m,A,12,1,40,24
G4,2020-01-09,100.72303298708695,-51.97560492164227,mm,B,2,1,40,24
G4,2020-01-10,0.6336529625221278,-1.23948621045671,mm,A,2,1,40,24
G4,2020-01-11,0.10064088329869929,-0.05357867627936331,m,B,2,1,40,24
G4,2020-01-12,0.40113574212635683,-1.827457368937725,mm,A,2,1,40,24
G4,2020-01-13,100.89226452106291,-52.08125806366604,mm,B,2,1,40,24
G4,2020-01-14,-0.00011412405869491305,-0.0018909745673102313,m,A,2,1,40,24
G4,2020-01-15,101.45329092382218,-52.247631339798055,mm,B,2,1,40,24
G4,2020-01-16,1.1850233298110415,-1.6742581291417782,mm,A,2,1,40,24
G4,2020-01-17,0.1006401109243366,-0.051870286671920694,m,B,2,1,40,24
G4,2020-01-18,1.4272562057496587,-2.153935557883418,mm,A,2,1,40,24
G4,2020-01-19,100.14294126711916,-51.9919471736404,mm,B,2,1,40,24
G4,2020-01-20,0.0012679683355055354,-0.002221122016250435,m,A,2,1,40,24
G4,2020-01-21,101.09829286815574,-52.04258083837829,mm,B,2,1,40,24
G4,2020-01-22,0.8672394729982537,-2.4859756241023874,mm,A,2,1,40,24
G4,2020-01-23,0.10056540838574894,-0.051507254906207445,m,B,2,0,40,24
G4,2020-01-24,0.9874088356873418,-3.4917318710455736,mm,A,2,1,40,24
G4,2020-01-25,100.70429000652528,-51.65665845872553,mm,B,2,1,40,24
G4,2020-01-26,0.0007817317538492059,-0.003060380532368063,m,A,2,1,40,24
G4,2020-01-27,100.6960864124551,-52.5836664810494,mm,B,2,1,40,24
G4,2020-01-28,0.9616438312753941,-2.390005649181334,mm,A,2,1,40,24
G4,2020-01-29,0.10091449556866597,-0.052022645292636865,m,B,2,1,40,24
G4,2020-01-30,0.33643788332505686,-2.650020281274508,mm,A,2,1,40,24
G4,2020-01-31,100.38376828504106,-51.96062520301593,mm,B,2,1,40,24
G4,2020-02-01,0.0005831299273570093,-0.0033904255160727174,m,A,2,1,40,24
G4,2020-02-02,101.41149817150061,-52.08128189327804,mm,B,2,1,40,24
G4,2020-02-03,1.6296349192822337,-1.7445387070517442,mm,A,2,1,40,24
G4,2020-02-04,0.1016862471038006,-0.05244797415972793,m,B,2,1,40,24
G4,2020-02-05,1.1861179272844609,-2.370912672665126,mm,A,2,1,40,24
G4,2020-02-06,101.58511922648597,-52.847346350788705,mm,B,2,1,40,24
G4,2020-02-07,0.00043784751202313363,-0.0013232719934214519,m,A,2,1,40,24
G4,2020-02-08,101.36570557374773,-50.94541786724683,mm,B,12,1,40,24
G4,2020-02-09,1.2304062220466725,-2.781178954019324,mm,A,2,1,40,24
G4,2020-02-10,0.10107980547559701,-0.05244192579229714,m,B,2,1,40,24
G4,2020-02-11,0.8689658878330426,-1.9092743548886095,mm,A,2,1,40,24
G4,2020-02-12,101.80392954113987,-51.90435035544936,mm,B,2,1,40,24
G4,2020-02-13,0.001145233919270547,-0.0035584254350336623,m,A,2,1,40,24
G4,2020-02-14,100.67703881411938,-52.18931143181198,mm,B,2,1,40,24
G4,2020-02-15,0.31390425182526893,-2.587962694606258,mm,A,2,1,40,24
G4,2020-02-16,0.10030812814217022,-0.051317142966165144,m,B,2,1,40,24
G4,2020-02-17,0.31675039531618854,-2.6989201678064827,mm,A,2,1,40,24
G4,2020-02-18,100.47120694830159,-52.51507241336255,mm,B,2,1,40,24
G4,2020-02-19,0.00297989942720192,-0.0032548961862939626,m,A,2,1,40,24
G4,2020-02-20,100.20034334832145,-53.20226584196028,mm,B,2,1,40,24
G4,2020-02-21,0.5307334266460723,-2.7786535917968074,mm,A,2,1,40,24
G4,2020-02-22,0.10135768112702548,-0.05180015310291826,m,B,2,1,40,24
G4,2020-02-23,2.1309808490075666,-2.112760757634041,mm,A,2,1,40,24
G4,2020-02-24,101.34468536913505,-52.370483288332416,mm,B,2,1,40,24
G4,2020-02-25,0.0016798605769035246,-0.002141845304816454,m,A,2,1,40,24
G4,2020-02-26,100.2961135365841,-51.91286598343455,mm,B,2,1,40,24
G4,2020-02-27,1.0792903941483258,-1.4862427509914464,mm,A,2,1,40,24
G4,2020-02-28,0.10159605930578622,-0.051950634582764145,m,B,2,1,40,24
G4,2020-02-29,1.526623248203634,-3.7048269895998622,mm,A,2,1,40,24
G4,2020-03-01,101.55945369854858,-51.90500167139311,mm,B,2,1,40,24
G4,2020-03-02,0.0010620514825589583,-0.0014734234403976274,m,A,2,1,40,24
G4,2020-03-03,100.77525395757252,-52.43695163413935,mm,B,2,1,40,24
G4,2020-03-04,0.9770753819145017,-3.327610996255447,mm,A,2,1,40,24
G4,2020-03-05,0.10135854370234416,-0.05207319305382579,m,B,2,1,40,24
G4,2020-03-06,1.852035281234287,-1.7247262478474183,mm,A,2,0,40,24
G4,2020-03-07,101.09714275612484,-52.71061109645644,mm,B,2,1,40,24
G4,2020-03-08,0.0009759889752375444,-0.002821992110790487,m,A,2,1,40,24
G4,2020-03-09,101.20166990334292,-53.2357652711067,mm,B,2,1,40,24
G4,2020-03-10,2.1475835089896416,-1.9746792752764144,mm,A,12,1,40,24
G4,2020-03-11,0.10194131473758893,-0.052416426870996576,m,B,2,1,40,24
G4,2020-03-12,1.2034739109779176,-1.9213851233046066,mm,A,2,1,40,24
G4,2020-03-13,101.36752417355235,-52.382294431537346,mm,B,2,1,40,24
G4,2020-03-14,0.0007758828672906719,-0.002406374281814402,m,A,2,1,40,24
G4,2020-03-15,101.38969074241122,-52.64380667099512,mm,B,2,1,40,24
G4,2020-03-16,0.7273788115536421,-2.33096212552483,mm,A,2,1,40,24
G4,2020-03-17,0.10063193124395081,-0.052854037372058564,m,B,2,1,40,24
G4,2020-03-18,1.5603861460920267,-2.7934476663288907,mm,A,2,1,40,24
G4,2020-03-19,101.73977203457878,-52.496847766274854,mm,B,2,1,40,24
G4,2020-03-20,0.0008604392268792358,-0.002574696945738377,m,A,2,1,40,24
G4,2020-03-21,100.54024789243681,-51.79571783253873,mm,B,2,1,40,24
G4,2020-03-22,0.6811182693759359,-3.662662855021476,mm,A,2,1,40,24
G4,2020-03-23,0.101389196828077,-0.052595425561016665,m,B,2,1,40,24
G4,2020-03-24,0.33617667672180673,-2.4491635676262136,mm,A,2,1,40,24
G4,2020-03-25,100.55324324105908,-52.58195039139608,mm,B,2,1,40,24
G4,2020-03-26,0.0020879986181439394,-0.0033821810522485893,m,A,2,1,40,24
G4,2020-03-27,101.57971309251806,-51.77770352799865,mm,B,2,1,40,24
G4,2020-03-28,1.371707399184161,-2.3005428902523097,mm,A,2,1,40,24
G4,2020-03-29,0.10136240602685619,-0.05236543194869453,m,B,2,1,40,24
G4,2020-03-30,0.5830975349736147,-3.9937884826678074,mm,A,2,1,40,24
G4,2020-03-31,100.90452482949274,-51.70616865736882,mm,B,2,1,40,24
G4,2020-04-01,0.0006553444261479656,-0.003210941825667286,m,A,2,1,40,24
G4,2020-04-02,100.73359085242167,-52.74206782734141,mm,B,2,1,40,24
G4,2020-04-03,1.6780831662715252,-1.8310929780447105,mm,A,2,1,40,24
G4,2020-04-04,0.10119077998763443,-0.051604135786252676,m,B,2,1,40,24
G4,2020-04-05,1.9586160140324267,-1.816775583380036,mm,A,2,1,40,24
G4,2020-04-06,102.45134790022128,-52.91011005419565,mm,B,2,1,40,24
G4,2020-04-07,0.001175655165161392,-0.0029595412627538113,m,A,2,1,40,24
G4,2020-04-08,102.23350841767429,-53.455818699037614,mm,B,2,1,40,24
G4,2020-04-09,1.7666519851779272,-1.640313846086042,mm,A,2,1,40,24
G4,2020-04-10,0.10077206281496305,-0.05305990288445227,m,B,12,1,40,24
G4,2020-04-11,0.8631878153654412,-2.125394665924002,mm,A,2,1,40,24
G4,2020-04-12,101.40643931002869,-51.97687577745739,mm,B,2,1,40,24
G4,2020-04-13,0.000513606440779958,-0.0028638218921167523,m,A,2,1,40,24
G4,2020-04-14,101.9479222317228,-53.63283436596087,mm,B,2,1,40,24
G4,2020-04-15,0.9181092241305349,-2.9167614908002815,mm,A,2,1,40,24
G4,2020-04-16,0.10156789054556802,-0.05302699454072688,m,B,2,1,40,24
G4,2020-04-17,1.661975260956164,-2.439735626933674,mm,A,2,1,40,24
G4,2020-04-18,101.38606018185216,-53.360589128386145,mm,B,2,0,40,24
G4,2020-04-19,0.0009265528255373829,-0.0026171313295807763,m,A,2,1,40,24
G4,2020-04-20,101.74502896617078,-51.31339578728912,mm,B,2,1,40,24
G4,2020-04-21,-0.2037890684975887,-2.342641750932481,mm,A,2,1,40,24
G4,2020-04-22,0.10071895092980085,-0.051888512025252694,m,B,2,1,40,24
G4,2020-04-23,1.6387930204716588,-2.128787685476449,mm,A,2,1,40,24
G4,2020-04-24,100.44110987977929,-52.67647233401189,mm,B,2,1,40,24
G4,2020-04-25,0.0019245907563916198,-0.0024210183436167193,m,A,2,1,40,24
G4,2020-04-26,101.79305992580282,-52.75583179157901,mm,B,2,1,40,24
G4,2020-04-27,2.2798376326641194,-3.150777230126741,mm,A,2,1,40,24
G4,2020-04-28,0.10166220194807868,-0.0525675093625966,m,B,2,1,40,24
G4,2020-04-29,1.8605885723234237,-2.318139072506112,mm,A,2,1,40,24
G4,2020-04-30,101.53834086142543,-53.026573916464756,mm,B,2,1,40,24
G4,2020-05-01,0.0006025259217575186,-0.001524876167922261,m,A,2,1,40,24
G4,2020-05-02,101.94292467572276,-52.61484467309093,mm,B,2,1,40,24
G4,2020-05-03,0.6962052046227877,-3.210466390256282,mm,A,2,1,40,24
G4,2020-05-04,0.10257796754265319,-0.05275908237169428,m,B,2,1,40,24
G4,2020-05-05,2.0523025954088343,-1.5070178119034352,mm,A,2,1,40,24
G4,2020-05-06,100.29484573858515,-52.452474180113214,mm,B,2,1,40,24
G4,2020-05-07,0.0016204494838012468,-0.002442684416574535,m,A,2,1,40,24
G4,2020-05-08,100.90306508439441,-52.86951321848072,mm,B,2,1,40,24
G4,2020-05-09,2.7714740556259256,-2.3494043320589153,mm,A,2,1,40,24
G4,2020-05-10,0.10205607549658414,-0.05360593780129625,m,B,2,1,40,24
G4,2020-05-11,2.1936028244221575,-2.799801630926084,mm,A,12,1,40,24
G4,2020-05-12,100.74166197835204,-52.52204155588283,mm,B,2,1,40,24
G4,2020-05-13,0.001307413017866738,-0.0021965058306412403,m,A,2,1,40,24
G4,2020-05-14,102.0669703896958,-53.257276304631176,mm,B,2,1,40,24
G4,2020-05-15,1.8498461053150468,-2.5882236142965045,mm,A,2,1,40,24
G4,2020-05-16,0.10159953394551101,-0.05348386731161989,m,B,2,1,40,24
G4,2020-05-17,1.366687935233783,-4.0989116198137845,mm,A,2,1,40,24
G4,2020-05-18,100.7756180877597,-52.19795223657917,mm,B,2,1,40,24
G4,2020-05-19,-0.00036835302555383165,-0.0031300405696672653,m,A,2,1,40,24
G4,2020-05-20,101.17021312223923,-53.732872794019684,mm,B,2,1,40,24
G4,2020-05-21,1.5984406219635787,-2.193231023329544,mm,A,2,1,40,24
G4,2020-05-22,0.10172459071529552,-0.053323599416233526,m,B,2,1,40,24
G4,2020-05-23,1.2825116749821215,-2.9629278118877984,mm,A,2,1,40,24
G4,2020-05-24,101.36828832388471,-53.27260411550898,mm,B,2,1,40,24
G4,2020-05-25,0.001651962825181506,-0.003915091677582822,m,A,2,1,40,24
G4,2020-05-26,101.27970363955096,-51.816798369252744,mm,B,2,1,40,24
G4,2020-05-27,1.6571294140414798,-2.604577153311678,mm,A,2,1,40,24
G4,2020-05-28,0.10122966816056517,-0.05302533720161235,m,B,2,1,40,24
G4,2020-05-29,1.041186699957814,-2.7653502763145332,mm,A,2,1,40,24
G4,2020-05-30,100.92826147526632,-52.760271117652785,mm,B,2,1,40,24
G4,2020-05-31,0.0008282949591341637,-0.0025471751886165794,m,A,2,0,40,24
G4,2020-06-01,102.41894853283517,-52.43511527885376,mm,B,2,1,40,24
G4,2020-06-02,0.808832568767803,-3.066602586797741,mm,A,2,1,40,24
G4,2020-06-03,0.10115757105441635,-0.053109605060649,m,B,2,1,40,24
G4,2020-06-04,1.5085736978213882,-2.5438759665209236,mm,A,2,1,40,24
G4,2020-06-05,102.5088520722142,-53.53756334535885,mm,B,2,1,40,24
G4,2020-06-06,0.0014106386432744455,-0.002227720841487463,m,A,2,1,40,24
G4,2020-06-07,100.57920220762973,-52.73946383125467,mm,B,2,1,40,24
G4,2020-06-08,1.252064680431471,-3.110719005725563,mm,A,2,1,40,24
G4,2020-06-09,0.10123287896603406,-0.05316829118015039,m,B,2,1,40,24
G4,2020-06-10,2.1177541481104583,-1.6165197886677871,mm,A,2,1,40,24
G4,2020-06-11,101.75035436341474,-52.38534356911656,mm,B,12,1,40,24
G4,2020-06-12,0.0005016020209762521,-0.0025100236740636717,m,A,2,1,40,24
G4,2020-06-13,102.53889400542606,-53.30399371726271,mm,B,2,1,40,24
G4,2020-06-14,1.33744099928783,-1.9085022504937212,mm,A,2,1,40,24
G4,2020-06-15,0.10165209223965815,-0.052838860445600884,m,B,2,1,40,24
G4,2020-06-16,2.2566931001581425,-2.6832054977965965,mm,A,2,1,40,24
G4,2020-06-17,100.9505558188324,-52.599300379144864,mm,B,2,1,40,24
G4,2020-06-18,0.0009313954221650649,-0.002814697297264106,m,A,2,1,40,24
G4,2020-06-19,101.17452457757803,-53.37209925111426,mm,B,2,1,40,24
G4,2020-06-20,0.9551097459059683,-3.3275636063213336,mm,A,2,1,40,24
G4,2020-06-21,0.1015184193470168,-0.05386854748455873,m,B,2,1,40,24
G4,2020-06-22,1.8418495596592452,-3.307736012269817,mm,A,2,1,40,24
G4,2020-06-23,101.00692177760995,-52.27138222510922,mm,B,2,1,40,24
G4,2020-06-24,0.0017681022324790028,-0.0026000351825351637,m,A,2,1,40,24
G4,2020-06-25,100.8452282813389,-52.64097523815238,mm,B,2,1,40,24
G4,2020-06-26,2.2202583800549194,-3.954459519442312,mm,A,2,1,40,24
G4,2020-06-27,0.10149165979036268,-0.053285932737072085,m,B,2,1,40,24
G4,2020-06-28,1.886420243350066,-2.078790159114561,mm,A,2,1,40,24
G4,2020-06-29,101.22941582250749,-53.522050208103735,mm,B,2,1,40,24
G4,2020-06-30,0.0008898911578173189,-0.0031735879965334324,m,A,2,1,40,24
G4,2020-07-01,101.2999011548309,-52.45046344315723,mm,B,2,1,40,24
G4,2020-07-02,1.3874569845244817,-1.9858584278757858,mm,A,2,1,40,24
G4,2020-07-03,0.10138263454669774,-0.05265197590576147,m,B,2,1,40,24
G4,2020-07-04,2.0190285380345934,-3.7023139324908767,mm,A,2,1,40,24
G4,2020-07-05,101.16452229124529,-53.230008078552174,mm,B,2,1,40,24
G4,2020-07-06,0.0010205899902147174,-0.0024042370542112883,m,A,2,1,40,24
G4,2020-07-07,101.17786477399112,-53.636872129219505,mm,B,2,1,40,24
G4,2020-07-08,0.9291891130415406,-2.397445900365417,mm,A,2,1,40,24
G4,2020-07-09,0.10289145871782249,-0.05273522607404198,m,B,2,1,40,24
G4,2020-07-10,0.9360185926206209,-3.390078674837977,mm,A,2,1,40,24
G4,2020-07-11,101.47859666376945,-53.76998431229402,mm,B,2,1,40,24
G4,2020-07-12,0.0017590160199338208,-0.0023353981801076465,m,A,12,1,40,24
G4,2020-07-13,100.95258816173524,-53.839489942794714,mm,B,2,0,40,24
G4,2020-07-14,0.9280809140694299,-3.0491853842063694,mm,A,2,1,40,24
G4,2020-07-15,0.10129024687127043,-0.05250461878198921,m,B,2,1,40,24
G4,2020-07-16,2.1293776556194426,-2.496975380340359,mm,A,2,1,40,24
G4,2020-07-17,101.42709823648956,-53.60648175540561,mm,B,2,1,40,24
G4,2020-07-18,0.0019333816954553637,-0.002909156280464014,m,A,2,1,40,24
G4,2020-07-19,101.17957294180152,-52.330009786399785,mm,B,2,1,40,24
G4,2020-07-20,1.9466831557120419,-2.916053889678351,mm,A,2,1,40,24
G4,2020-07-21,0.10205260804439961,-0.053260158252350136,m,B,2,1,40,24
G4,2020-07-22,1.514611254465116,-3.200505515073961,mm,A,2,1,40,24
G4,2020-07-23,103.28134304740595,-52.41581145344756,mm,B,2,1,40,24
G4,2020-07-24,0.001272673334975326,-0.0038202206307262447,m,A,2,1,40,24
G4,2020-07-25,101.34941907149384,-53.3049286691161,mm,B,2,1,40,24
G4,2020-07-26,1.6095609397500712,-4.332821172571947,mm,A,2,1,40,24
G4,2020-07-27,0.10118072928272852,-0.053224406647718,m,B,2,1,40,24
G4,2020-07-28,1.9700820847509544,-3.4615043635598535,mm,A,2,1,40,24
G4,2020-07-29,101.59201330227705,-52.33933110138311,mm,B,2,1,40,24
G4,2020-07-30,0.0017431671027761393,-0.0024841268867504956,m,A,2,1,40,24
G4,2020-07-31,102.10080040774304,-53.5781812883893,mm,B,2,1,40,24
G4,2020-08-01,1.742238088498115,-2.974714970970385,mm,A,2,1,40,24
G4,2020-08-02,0.1015374353880112,-0.05268921239419349,m,B,2,1,40,24
G4,2020-08-03,2.3084595252442393,-3.9163585427003103,mm,A,2,1,40,24
G4,2020-08-04,100.88840131744128,-53.04301735528924,mm,B,2,1,40,24
G4,2020-08-05,0.0015212180679031134,-0.003597666059690173,m,A,2,1,40,24
G4,2020-08-06,101.6185324830742,-53.750636051479034,mm,B,2,1,40,24
G4,2020-08-07,2.197664912689817,-2.306135282407807,mm,A,2,1,40,24
G4,2020-08-08,0.10202668556077323,-0.05247931618151494,m,B,2,1,40,24
G4,2020-08-09,0.30938082232568065,-3.3271611420609197,mm,A,2,1,40,24
G4,2020-08-10,102.64985064320457,-54.42399465310146,mm,B,2,1,40,24
G4,2020-08-11,0.0015637226752875173,-0.0030487833850525595,m,A,2,1,40,24
G4,2020-08-12,101.81707164406174,-53.76264066263213,mm,B,12,1,40,24
G4,2020-08-13,2.0750404454189306,-3.652086884097572,mm,A,2,1,40,24
G4,2020-08-14,0.10169276728890184,-0.053783946087017406,m,B,2,1,40,24
G4,2020-08-15,1.5568460967587385,-4.340949572609693,mm,A,2,1,40,24
G4,2020-08-16,100.90045691585519,-53.820691138608375,mm,B,2,1,40,24
G4,2020-08-17,0.0006875869636318452,-0.0029845867111828297,m,A,2,1,40,24
G4,2020-08-18,101.76169180174136,-52.63710864474256,mm,B,2,1,40,24
G4,2020-08-19,1.6051539210987469,-4.046455616535609,mm,A,2,1,40,24
G4,2020-08-20,0.10186802055574151,-0.05324234424913847,m,B,2,1,40,24
G4,2020-08-21,2.355855997439265,-4.260003672060678,mm,A,2,1,40,24
G4,2020-08-22,101.8117581932851,-52.96049113931215,mm,B,2,1,40,24
G4,2020-08-23,0.002117635447693707,-0.00314288880522346,m,A,2,1,40,24
G4,2020-08-24,100.43816695796927,-53.13995107926241,mm,B,2,1,40,24
G4,2020-08-25,1.5512395989691414,-2.2285630855671563,mm,A,2,0,40,24
G4,2020-08-26,0.10194809621175763,-0.05259424099514075,m,B,2,1,40,24
G4,2020-08-27,2.2231696612440777,-3.3206306564600725,mm,A,2,1,40,24
G4,2020-08-28,102.07631791815848,-53.55993899241234,mm,B,2,1,40,24
G4,2020-08-29,0.0026617164400066368,-0.0037129053909009803,m,A,2,1,40,24
G4,2020-08-30,103.19646117530036,-53.66947965149631,mm,B,2,1,40,24
G4,2020-08-31,1.7896472748632224,-3.329618460284321,mm,A,2,1,40,24
G4,2020-09-01,0.1020254706197936,-0.05302466202050251,m,B,2,1,40,24
G4,2020-09-02,1.2708072612187853,-2.716723656129838,mm,A,2,1,40,24
G4,2020-09-03,102.49164485897172,-53.65930742946988,mm,B,2,1,40,24
G4,2020-09-04,0.0015296241354227301,-0.002924575382986065,m,A,2,1,40,24
G4,2020-09-05,100.31121923479077,-54.548224528419475,mm,B,2,1,40,24
G4,2020-09-06,1.076495080272402,-3.8579091867117414,mm,A,2,1,40,24
G4,2020-09-07,0.10277246091683558,-0.05348341909380286,m,B,2,1,40,24
G4,2020-09-08,1.7217652477962766,-3.1375299487719,mm,A,2,1,40,24
G4,2020-09-09,101.00376608224242,-52.8463440265654,mm,B,2,1,40,24
G4,2020-09-10,0.0006743761715948275,-0.0028770796896072483,m,A,2,1,40,24
G4,2020-09-11,101.51939052703376,-52.79616611440729,mm,B,2,1,40,24
G4,2020-09-12,2.449647931089987,-3.791149263430036,mm,A,12,1,40,24
G4,2020-09-13,0.1030544129820347,-0.05378381500909567,m,B,2,1,40,24
G4,2020-09-14,1.9159019221125977,-2.6380775471028755,mm,A,2,1,40,24
G4,2020-09-15,102.0403721588,-53.248870536722265,mm,B,2,1,40,24
G4,2020-09-16,0.00173380810882033,-0.004326165858144134,m,A,2,1,40,24
G4,2020-09-17,101.93899511074271,-52.77680358968514,mm,B,2,1,40,24
G4,2020-09-18,1.2793172176666099,-3.2215789758782973,mm,A,2,1,40,24
G4,2020-09-19,0.10219373361817592,-0.05371226072800537,m,B,2,1,40,24
G4,2020-09-20,1.1807129051987362,-3.933041552874848,mm,A,2,1,40,24
G4,2020-09-21,102.33764474083142,-52.94738486096828,mm,B,2,1,40,24
G4,2020-09-22,0.00032523437335570414,-0.002689961695961518,m,A,2,1,40,24
G4,2020-09-23,101.8950216466025,-52.95246741211791,mm,B,2,1,40,24
G4,2020-09-24,2.384698995160567,-3.261716963620652,mm,A,2,1,40,24
G4,2020-09-25,0.10120246940464142,-0.05288558355112718,m,B,2,1,40,24
G4,2020-09-26,2.0537782991629108,-3.773651539742641,mm,A,2,1,40,24
G4,2020-09-27,102.43652298329006,-53.35973892581579,mm,B,2,1,40,24
G4,2020-09-28,0.0024447036973304585,-0.0037506733309456675,m,A,2,1,40,24
G4,2020-09-29,100.92266903877103,-53.01441742539137,mm,B,2,1,40,24
G4,2020-09-30,1.7138320719449858,-3.508471733416307,mm,A,2,1,40,24
G4,2020-10-01,0.1022766193824599,-0.05406679275996014,m,B,2,1,40,24
G4,2020-10-02,2.2434362782209556,-3.4481751541078487,mm,A,2,1,40,24
G4,2020-10-03,101.36337304510607,-53.78627527505979,mm,B,2,1,40,24
G4,2020-10-04,0.001648167559517866,-0.003468819787016598,m,A,2,1,40,24
G4,2020-10-05,102.29876236348618,-53.94957131630996,mm,B,2,1,40,24
G4,2020-10-06,1.8799662180352892,-3.6488800137431388,mm,A,2,1,40,24
G4,2020-10-07,0.10172573847754222,-0.053337229265769115,m,B,2,0,40,24
G4,2020-10-08,2.115790355164719,-4.056672015121477,mm,A,2,1,40,24
G4,2020-10-09,101.31850224372856,-53.17794939475693,mm,B,2,1,40,24
G4,2020-10-10,0.0010240612029492739,-0.0036050201596524384,m,A,2,1,40,24
G4,2020-10-11,101.67393765778024,-53.145422398305215,mm,B,2,1,40,24
G4,2020-10-12,4.549216888902296,-3.082178757664983,mm,A,2,1,40,24
G4,2020-10-13,0.10123884836736674,-0.0537480405401427,m,B,12,1,40,24
G4,2020-10-14,1.9090974371515932,-4.27917185280824,mm,A,2,1,40,24
G4,2020-10-15,101.9483566272803,-53.37945525108993,mm,B,2,1,40,24
G4,2020-10-16,0.0017944934526717337,-0.0024401517619035357,m,A,2,1,40,24
G4,2020-10-17,101.63212228832386,-53.85076826125303,mm,B,2,1,40,24
G4,2020-10-18,1.7953623716613294,-4.287481912335509,mm,A,2,1,40,24
G4,2020-10-19,0.10193308644622247,-0.05250858198229233,m,B,2,1,40,24
G4,2020-10-20,0.9530993707852244,-3.8393286886209443,mm,A,2,1,40,24
G4,2020-10-21,102.32652842060666,-52.811726723109736,mm,B,2,1,40,24
G4,2020-10-22,0.0017137757092592716,-0.0038934510096892915,m,A,2,1,40,24
G4,2020-10-23,100.60541895532262,-53.574387122251636,mm,B,2,1,40,24
G4,2020-10-24,2.71770815401977,-4.00507462425481,mm,A,2,1,40,24
G4,2020-10-25,0.10179958686282252,-0.05469023945622407,m,B,2,1,40,24
G4,2020-10-26,1.582780233838552,-3.236335243051217,mm,A,2,1,40,24
G4,2020-10-27,101.88129024281118,-53.883587764602346,mm,B,2,1,40,24
G4,2020-10-28,0.00043531161027034735,-0.003063422117440866,m,A,2,1,40,24
G4,2020-10-29,101.59214523292029,-53.53884812203581,mm,B,2,1,40,24
G4,2020-10-30,3.394089597796152,-3.847672641870628,mm,A,2,1,40,24
G4,2020-10-31,0.10234083778720497,-0.05374358329283705,m,B,2,1,40,24
G4,2020-11-01,2.4155051835854726,-4.364531021709501,mm,A,2,1,40,24
G4,2020-11-02,101.61194341796765,-54.30925383190073,mm,B,2,1,40,24
G4,2020-11-03,0.0012270484913100082,-0.0037205744870913867,m,A,2,1,40,24
G4,2020-11-04,102.02131472114692,-53.75834701685464,mm,B,2,1,40,24
G4,2020-11-05,0.6192855249165274,-3.911571954566025,mm,A,2,1,40,24
G4,2020-11-06,0.10158958596449788,-0.05392397991097492,m,B,2,1,40,24
G4,2020-11-07,1.2527062553962343,-3.3207986851506823,mm,A,2,1,40,24
G4,2020-11-08,102.05386617433034,-54.07379729044821,mm,B,2,1,40,24
G4,2020-11-09,0.0010996475031866155,-0.003128250516887611,m,A,2,1,40,24
G4,2020-11-10,102.72589160035088,-53.14584286684707,mm,B,2,1,40,24
G4,2020-11-11,1.4134158662870062,-3.9009108776081574,mm,A,2,1,40,24
G4,2020-11-12,0.10185271883688626,-0.05360912070875324,m,B,2,1,40,24
G4,2020-11-13,1.8794960076940423,-3.1864461408260354,mm,A,12,1,40,24
G4,2020-11-14,102.04961021773079,-53.773258296303126,mm,B,2,1,40,24
G4,2020-11-15,0.0023274717127175783,-0.003916594924731522,m,A,2,1,40,24
G4,2020-11-16,101.01384654830879,-53.104296597838385,mm,B,2,1,40,24
G4,2020-11-17,1.8445732556111876,-2.9767925347336996,mm,A,2,1,40,24
G4,2020-11-18,0.10164546874664067,-0.05346670142671902,m,B,2,1,40,24
G4,2020-11-19,2.2869381794560573,-4.122019131047579,mm,A,2,0,40,24
G4,2020-11-20,101.95570825979586,-54.216859192928865,mm,B,2,1,40,24
G4,2020-11-21,0.0023189091421342263,-0.003772909364380078,m,A,2,1,40,24
G4,2020-11-22,101.05025638631732,-53.91590891126884,mm,B,2,1,40,24
G4,2020-11-23,1.0078687432281823,-3.204036220479461,mm,A,2,1,40,24
G4,2020-11-24,0.10163105170553141,-0.053136365676319464,m,B,2,1,40,24
G4,2020-11-25,1.7157590716953772,-4.319588790177288,mm,A,2,1,40,24
G4,2020-11-26,102.2137400429729,-54.53893119281804,mm,B,2,1,40,24
G4,2020-11-27,0.0003357979425751623,-0.0024831276124846146,m,A,2,1,40,24
G4,2020-11-28,101.25131901719452,-53.4413268344828,mm,B,2,1,40,24
G4,2020-11-29,2.0544272288388714,-4.011842110823479,mm,A,2,1,40,24
G4,2020-11-30,0.10303942387207024,-0.053383309431346906,m,B,2,1,40,24
G4,2020-12-01,0.9989654498660652,-4.155429085729026,mm,A,2,1,40,24
G4,2020-12-02,102.7497765957084,-54.33743996945424,mm,B,2,1,40,24
G4,2020-12-03,0.002139548763576785,-0.00317097018529867,m,A,2,1,40,24
G4,2020-12-04,101.95991967318525,-54.074465534867436,mm,B,2,1,40,24
G4,2020-12-05,1.9047687587686815,-3.742818926487639,mm,A,2,1,40,24
G4,2020-12-06,0.10135392704922647,-0.05355286317923463,m,B,2,1,40,24
G4,2020-12-07,1.2777180731120819,-3.956387889220037,mm,A,2,1,40,24
G4,2020-12-08,102.07710099566779,-53.570394430636355,mm,B,2,1,40,24
G4,2020-12-09,0.00323420671175148,-0.0036757237403870976,m,A,2,1,40,24
G4,2020-12-10,101.47197129425753,-53.03230472723115,mm,B,2,1,40,24
G4,2020-12-11,2.1055795361388996,-3.959279348293028,mm,A,2,1,40,24
G4,2020-12-12,0.10120565192592636,-0.053579626277432874,m,B,2,1,40,24
G4,2020-12-13,2.393240225934059,-3.782535938138867,mm,A,2,1,40,24
G4,2020-12-14,102.45659882637885,-53.93585836458839,mm,B,12,1,40,24
G4,2020-12-15,0.0015681369206565683,-0.0042980947784542565,m,A,2,1,40,24
G4,2020-12-16,101.23722783712658,-54.96276434798762,mm,B,2,1,40,24
G4,2020-12-17,2.3231695290719565,-4.558629712768966,mm,A,2,1,40,24
G4,2020-12-18,0.10234810715561851,-0.054248095896817006,m,B,2,1,40,24
G4,2020-12-19,1.3163834817696576,-3.7642861436104726,mm,A,2,1,40,24
G4,2020-12-20,102.60750660123404,-53.11554219846279,mm,B,2,1,40,24
G4,2020-12-21,0.0020661276064449555,-0.00451639787921484,m,A,2,1,40,24
G4,2020-12-22,102.0390206816864,-53.768073684737516,mm,B,2,1,40,24
G4,2020-12-23,1.6537557849540516,-4.158849244873878,mm,A,2,1,40,24
G4,2020-12-24,0.10223448269236363,-0.05430009344469882,m,B,2,1,40,24
G4,2020-12-25,2.337967449567072,-4.914118035429123,mm,A,2,1,40,24
G4,2020-12-26,101.61888222151234,-53.47534023809965,mm,B,2,1,40,24
G4,2020-12-27,0.0033863539981297728,-0.004583853847500655,m,A,2,1,40,24
G4,2020-12-28,102.04113000316943,-54.03189266132872,mm,B,2,1,40,24
G4,2020-12-29,1.52574656750437,-2.5813837741612238,mm,A,2,1,40,24
G4,2020-12-30,0.10224980856218137,-0.05377457287519282,m,B,2,1,40,24
G4,2020-12-31,2.2543893325713005,-3.4606042469396647,mm,A,2,1,40,24
